<?xml version="1.0" encoding="utf-8"?>
<!DOCTYPE datafile PUBLIC "-//Logiqx//DTD ROM Management Datafile//EN" "http://www.logiqx.com/Dats/datafile.dtd">
<datafile>
	<header>
		<name>apple2gs_flop_orig</name>
		<description>Apple IIgs 3.5" original disks</description>
		<version></version>
		<author></author>
	</header>
	<machine name="816paint">
		<description>816/Paint (Version 3.1)</description>
		<year>1987</year>
		<publisher>Baudville</publisher>
		<rom name="816-paint iigs.woz" size="1319212" crc="03cde91c" sha1="7f3de5c008fd9bb77cdd2cdb4dc2524cb77be6ff" />
	</machine>
	<machine name="aesopfbl">
		<description>Aesop's Fables</description>
		<year>1988</year>
		<publisher>Unicorn Software</publisher>
		<rom name="aesop's fables iigs - disk 1.woz" size="1296699" crc="7534b2f6" sha1="b20944b409de700f1df32e9faf8c9e4e162f7a9c" />
		<rom name="aesop's fables iigs - disk 2.woz" size="1296187" crc="b43ff258" sha1="925944a9ac634ed2b6a009a0d6e0015f8a896d1f" />
	</machine>
	<machine name="alienmnd">
		<description>Alien Mind</description>
		<year>1988</year>
		<publisher>PBI Software</publisher>
		<rom name="alien mind iigs - disk 1.woz" size="1312512" crc="b82a889f" sha1="5b8c9377ee4f0d35d879ac063f0a02ca82d4fe4d" />
		<rom name="alien mind iigs - disk 2.woz" size="1312512" crc="ee584aad" sha1="e32a4e473d3af9a80e6c2e0b20bf747bcd99ee7f" />
	</machine>
	<machine name="arkanoid">
		<description>Arkanoid</description>
		<year>1988</year>
		<publisher>Taito</publisher>
		<rom name="arkanoid iigs.woz" size="1296671" crc="d82eee53" sha1="52914d5c1c05617eac17173de671f09ba7ef3c3c" />
	</machine>
	<machine name="arknoid2">
		<description>Arkanoid II: Revenge of Doh</description>
		<year>1989</year>
		<publisher>Taito</publisher>
		<rom name="arkanoid ii - revenge of doh iigs.woz" size="1296700" crc="0529637a" sha1="26f22571afb2a3f51258bf22e7910f02745098a6" />
	</machine>
	<machine name="artfilm">
		<description>Art and Film Director</description>
		<year>1989</year>
		<publisher>Epyx</publisher>
		<rom name="art and film director iigs - disk 1 - art director.woz" size="1296249" crc="9cf7534c" sha1="64d760d5f90b3b3bd6d4c0051599a24af9ca144f" />
		<rom name="art and film director iigs - disk 2 - film director.woz" size="1296250" crc="191e6975" sha1="44c74d30795d351415c828604b8aa258d3ba8a7b" />
		<rom name="art and film director iigs - disk 3 - graphics disk.woz" size="1296762" crc="c69d302f" sha1="5d8a514f4fa284473d930468f814ca89d76b7042" />
	</machine>
	<machine name="awagrizz">
		<description>Audubon Wildlife Adventures: Grizzly Bears</description>
		<year>1988</year>
		<publisher>Advanced Ideas</publisher>
		<rom name="audubon wildlife adventures- grizzly bears iigs - disk 1.woz" size="1296396" crc="c2590677" sha1="0cb36870f69aadb3c8c895d19214e327b16583b0" />
		<rom name="audubon wildlife adventures- grizzly bears iigs - disk 2.woz" size="1296396" crc="79ae82cc" sha1="e2feb4106181279f061a05bbdbe3add69c65a2a9" />
	</machine>
	<machine name="awawhale">
		<description>Audubon Wildlife Adventures: Whales</description>
		<year>1989</year>
		<publisher>Advanced Ideas</publisher>
		<rom name="audubon wildlife adventures- whales iigs - disk 1.woz" size="1296364" crc="e5cd5217" sha1="161168122ad2c805edf856f0ca97d79f89ec2df9" />
		<rom name="audubon wildlife adventures- whales iigs - disk 2.woz" size="1296364" crc="4b787b04" sha1="9b13466551b1c895853d4ccefb6725a34648a79b" />
	</machine>
	<machine name="bcauldrn">
		<description>The Black Cauldron</description>
		<year>1987</year>
		<publisher>Sierra On-Line</publisher>
		<rom name="the black cauldron iigs - disk 1.woz" size="1296327" crc="def8c641" sha1="951544d592da8c0203ceec45f3f6e45ec44b98e9" />
		<rom name="the black cauldron iigs - disk 2.woz" size="1296327" crc="f66ab4ff" sha1="32f51302f4c3458f2134dea823d30f411a8f250e" />
	</machine>
	<machine name="begldraw">
		<description>BeagleDraw (Version 1.3)</description>
		<year>1987</year>
		<publisher>Beagle Bros.</publisher>
		<rom name="beagledraw iigs.woz" size="1296153" crc="66e80d46" sha1="e1fd5c85d666fec1cc03f7bab728d11c9bcf3c3c" />
	</machine>
	<machine name="bghost">
		<description>Bubble Ghost</description>
		<year>1988</year>
		<publisher>Accolade</publisher>
		<rom name="bubble ghost iigs.woz" size="1312525" crc="e4b9eda7" sha1="6a7eb6c3dcaf5927fb0248ff1064414fdefff5a9" />
	</machine>
	<machine name="bjacadmy">
		<description>Blackjack Academy</description>
		<year>1987</year>
		<publisher>MicroIllusions</publisher>
		<rom name="blackjack academy iigs.woz" size="1296198" crc="339444f3" sha1="4665623a012536cb00e29f3c9ea1e8e3d73433f9" />
	</machine>
	<machine name="blockout">
		<description>Block Out</description>
		<year>1989</year>
		<publisher>California Dreams</publisher>
		<rom name="block out iigs.woz" size="1345334" crc="1fb55ba8" sha1="e7a299effa226f97a5563e604da6b1c20ddcc203" />
	</machine>
	<machine name="bop90s">
		<description>Balance of Power: The 1990 Edition</description>
		<year>1990</year>
		<publisher>Mindscape</publisher>
		<rom name="balance of power- the 1990 edition iigs.woz" size="1347407" crc="f473b2aa" sha1="aab87027f1c52cf11d53e54e78635f4d16b22cda" />
	</machine>
	<machine name="brdtale">
		<description>The Bard's Tale: Tales of the Unknown</description>
		<year>1987</year>
		<publisher>Electronic Arts</publisher>
		<rom name="the bard's tale iigs.woz" size="1296709" crc="1b451e17" sha1="d41c827b989d73f32615e49904ecf93638e81625" />
	</machine>
	<machine name="bridge6">
		<description>Bridge 6.0 (Version 2.49B)</description>
		<year>1989</year>
		<publisher>Artworx</publisher>
		<rom name="bridge 6.0 iigs.woz" size="1296167" crc="a6b03015" sha1="1cdb48c2a7407c5bca4832e3ae6fdd976cab78e6" />
	</machine>
	<machine name="btlchess">
		<description>Battle Chess</description>
		<year>1989</year>
		<publisher>Interplay</publisher>
		<rom name="battle chess iigs.woz" size="1345420" crc="9e5f4c69" sha1="2b2e8bb5c8dea141b1ec956719646e612cf89451" />
	</machine>
	<machine name="byondzrk">
		<description>Beyond Zork: The Coconut of Quendor (Revision 57 / 871221)</description>
		<year>1987</year>
		<publisher>Infocom</publisher>
		<rom name="beyond zork iigs.woz" size="1312556" crc="b312178d" sha1="e08df0adda743ee92f6716fbaaa2ddd3ba2c3a05" />
	</machine>
	<machine name="calcraft">
		<description>Calendar Crafter (Version 1.2)</description>
		<year>1987</year>
		<publisher>MECC</publisher>
		<rom name="calendar crafter iigs.woz" size="1345411" crc="6308e6ba" sha1="b127dfaaa517b49636854de03540602d7c698e1b" />
	</machine>
	<machine name="calgames">
		<description>California Games</description>
		<year>1988</year>
		<publisher>Epyx</publisher>
		<rom name="california games iigs.woz" size="1296704" crc="4f648119" sha1="a4ea74ff59efe247e2ec14efe229bf61a41e6444" />
	</machine>
	<machine name="captbld">
		<description>Captain Blood</description>
		<year>1989</year>
		<publisher>Mindscape</publisher>
		<rom name="captain blood iigs.woz" size="1361758" crc="45d2ab10" sha1="7f968e1704c2a969a33cf7a07c81629c12c7577d" />
	</machine>
	<machine name="carmnusa">
		<description>Where in the U.S.A. is Carmen Sandiego?</description>
		<year>1989</year>
		<publisher>Broderbund Software</publisher>
		<rom name="where in the u.s.a. is carmen sandiego iigs - disk 1.woz" size="1296338" crc="ca473b90" sha1="a48d9112106def7b6deed7146522152fb483bad0" />
		<rom name="where in the u.s.a. is carmen sandiego iigs - disk 2.woz" size="1296369" crc="d150ccbb" sha1="3dbbfd2a1b14ded3bc6f307a32d9a003882305b2" />
	</machine>
	<machine name="carmnwld">
		<description>Where in the World is Carmen Sandiego?</description>
		<year>1989</year>
		<publisher>Broderbund Software</publisher>
		<rom name="where in the world is carmen sandiego iigs - disk 1.woz" size="1296279" crc="7c2cd2eb" sha1="0e6ea59c5974c37ee88e22d8cbdfc3a46567d921" />
		<rom name="where in the world is carmen sandiego iigs - disk 2.woz" size="1296791" crc="ade1e7f6" sha1="4933ac927a966edde20cac34fa5374a2a163889c" />
	</machine>
	<machine name="cavcobra">
		<description>Cavern Cobra</description>
		<year>1987</year>
		<publisher>PBI Software</publisher>
		<rom name="cavern cobra iigs.woz" size="1296147" crc="f2ba82bb" sha1="bbca27646cf2fb2fdb72a8500ef204f8ca2afa31" />
	</machine>
	<machine name="chbrabc">
		<description>Charlie Brown's ABC's</description>
		<year>1990</year>
		<publisher>American School Publishers</publisher>
		<rom name="charlie brown's abc's iigs - disk 1 - startup.woz" size="1296195" crc="19dc28dc" sha1="4b69e7c157efbb2041bf1e807995db0e65bbe7c6" />
		<rom name="charlie brown's abc's iigs - disk 2 - program.woz" size="1312579" crc="fa6a09bd" sha1="0f5ee238fecffcb794102dbcc17879a11de5d7c5" />
	</machine>
	<machine name="chsm2100">
		<description>The Fidelity Chessmaster 2100</description>
		<year>1988</year>
		<publisher>The Software Toolworks</publisher>
		<rom name="the fidelity chessmaster 2100 iigs - disk 1.woz" size="1296183" crc="281e93dc" sha1="2246f45d7deb3414c1bdcbad5d0b4f77a9db52d3" />
		<rom name="the fidelity chessmaster 2100 iigs - disk 2.woz" size="1296183" crc="0c4704bc" sha1="d2ea3f4fbb3cf1127c23bb1ebd32fd3adef049f9" />
	</machine>
	<machine name="clbbgmn">
		<description>Club Backgammon</description>
		<year>1988</year>
		<publisher>California Dreams</publisher>
		<rom name="club backgammon iigs.woz" size="1344899" crc="02fd734a" sha1="c62ad7673353aa21ccb1fab56e1df9b4e2a7a57e" />
	</machine>
	<machine name="columngs">
		<description>Columns GS</description>
		<year>1991</year>
		<publisher>Quality Computers</publisher>
		<rom name="columns iigs.woz" size="1296172" crc="d812dde7" sha1="069506469e9d558784a0e47cefdf29915d17a807" />
	</machine>
	<machine name="cribgin">
		<description>Gin King / Cribbage King</description>
		<year>1989</year>
		<publisher>The Software Toolworks</publisher>
		<rom name="gin king - cribbage king iigs - disk 1.woz" size="1296245" crc="976a71a5" sha1="3319d52f509cd072aa74cf804b206e3b14c8f348" />
		<rom name="gin king - cribbage king iigs - disk 2.woz" size="1345397" crc="f38659d9" sha1="fd11f19bb38faf58e270ae07f042f259106390ad" />
	</machine>
	<machine name="crstlqst">
		<description>Crystal Quest</description>
		<year>1989</year>
		<publisher>Cassidy and Greene</publisher>
		<rom name="crystal quest iigs.woz" size="1296189" crc="3b20d9f8" sha1="a386037d68945ac452fd1a6403276531f33672fe" />
	</machine>
	<machine name="crtoonrs">
		<description>Cartooners</description>
		<year>1988</year>
		<publisher>Electronic Arts</publisher>
		<rom name="cartooners iigs - disk 1 - program.woz" size="1296281" crc="1ad490c0" sha1="8e64c731fc8f449c0c6c6b1ef39586bc8254b035" />
		<rom name="cartooners iigs - disk 2 - art.woz" size="1296277" crc="9406f975" sha1="3a286df8f20643b488fa9277bd0364459ab0503f" />
	</machine>
	<machine name="crylmsn2">
		<description>2088: The Cryllan Mission - The Second Scenario</description>
		<year>1990</year>
		<publisher>Victory Software</publisher>
		<rom name="2088 - the cryllan mission - the second scenario iigs - disk 1 - system.woz" size="1345398" crc="389a2d46" sha1="d1132ba890573390db3906742ecc517a068a36cc" />
		<rom name="2088 - the cryllan mission - the second scenario iigs - disk 2 - program.woz" size="1345399" crc="b500b6bb" sha1="fd86fd3aa3c8da2ff8b11189107786925eb2011e" />
		<rom name="2088 - the cryllan mission - the second scenario iigs - disk 3 - outdoors.woz" size="1345400" crc="9dda11aa" sha1="d387c50de2c3591a48b2b4ee9a03558178b028c5" />
	</machine>
	<machine name="darkcstl">
		<description>Dark Castle</description>
		<year>1989</year>
		<publisher>Three Sixty</publisher>
		<rom name="dark castle iigs - disk a.woz" size="1296175" crc="930aae1a" sha1="22338f47ccb798018cbf70d2b8f4fa93ba4273ae" />
		<rom name="dark castle iigs - disk b.woz" size="1296175" crc="3b075e18" sha1="336fe7b7bfa5acb39abb4b3fe803938557f244e2" />
	</machine>
	<machine name="defcrown">
		<description>Defender of the Crown</description>
		<year>1988</year>
		<publisher>Cinemaware</publisher>
		<rom name="defender of the crown iigs - reel 1.woz" size="1296886" crc="73c57ecb" sha1="bfb82cc4c817ada07bff9e1dd06a84a2522af05a" />
		<rom name="defender of the crown iigs - reel 2.woz" size="1296374" crc="5a8945a3" sha1="fac77abad75d71c2f05a31ce609a944a6dc0f46f" />
	</machine>
	<machine name="dejavu2">
		<description>Déjà Vu II: Lost in Las Vegas</description>
		<year>1989</year>
		<publisher>Mindscape</publisher>
		<rom name="deja vu ii lost in last vegas iigs.woz" size="1361905" crc="55d9e932" sha1="9a82f93d0a200435f05d0b1a0a9d37d4c1978c20" />
	</machine>
	<machine name="dejavu">
		<description>Déjà Vu</description>
		<year>1988</year>
		<publisher>ICOM Simulations</publisher>
		<rom name="deja vu iigs - disk 1 - system disk.woz" size="1361855" crc="45bf7709" sha1="02c3735f579b259c0f005f20d6c13a79ad9733fc" />
		<rom name="deja vu iigs - disk 2 - program disk.woz" size="1361855" crc="88fcacca" sha1="4d1adbb4f4b351657fbe3d874d3d8bdf40ad2e42" />
	</machine>
	<machine name="destryr">
		<description>Destroyer</description>
		<year>1987</year>
		<publisher>Epyx</publisher>
		<rom name="destroyer iigs.woz" size="1296658" crc="401a544a" sha1="83004334a12e4e7b36baa132b14333741cb38d67" />
	</machine>
	<machine name="dhilchl">
		<description>Downhill Challenge</description>
		<year>1989</year>
		<publisher>Broderbund Software</publisher>
		<rom name="downhill challenge iigs - disk 1 - system disk.woz" size="1296205" crc="ddcad7bf" sha1="6f56149da5cd8ca3f7a3ec7032a5278311e4d1ed" />
		<rom name="downhill challenge iigs - disk 2 - game disk.woz" size="1296203" crc="ffa192ba" sha1="3fef37aa6d9aa8fdba0df6e6cb5b2a8668eca0bc" />
	</machine>
	<machine name="dpaint2">
		<description>DeluxePaint II (Version 2.01)</description>
		<year>1987</year>
		<publisher>Electronic Arts</publisher>
		<rom name="deluxepaint ii iigs - disk 1 - program.woz" size="1296391" crc="b0028911" sha1="bbddbd2078877b4a2526da3cc5da856e444a1322" />
		<rom name="deluxepaint ii iigs - disk 2 - bonus art disk.woz" size="1296398" crc="b499dc9b" sha1="9da9d0446400ba0a14955a70c7969ae1200810a9" />
	</machine>
	<machine name="drawplus">
		<description>Draw Plus (Version 1.1)</description>
		<year>1987</year>
		<publisher>Activision</publisher>
		<rom name="draw plus iigs.woz" size="1296171" crc="60ae386e" sha1="e31e826e10ead9211e4e9f28ce51398786efedec" />
	</machine>
	<machine name="dreamzne">
		<description>Dream Zone</description>
		<year>1987</year>
		<publisher>Baudville</publisher>
		<rom name="dream zone iigs - disk 1.woz" size="1296189" crc="05e8fc0d" sha1="17e950d8bb6c7f2119c0c6f41d17f4287056180e" />
		<rom name="dream zone iigs - disk 2.woz" size="1296189" crc="73d7952e" sha1="379575a78e2ae4594793738c9b71b250ba67cf17" />
	</machine>
	<machine name="drgnwars">
		<description>Dragon Wars</description>
		<year>1990</year>
		<publisher>Interplay Productions</publisher>
		<rom name="dragon wars iigs.woz" size="1296196" crc="331a8128" sha1="551d0e2fd5a4a33c41a7ba3f9b381bd41a8a7e9d" />
	</machine>
	<machine name="drmgrafx">
		<description>DreamGrafix</description>
		<year>1992</year>
		<publisher>DreamWorld Software</publisher>
		<rom name="dreamgrafix iigs.woz" size="1328942" crc="1179d76c" sha1="699f5f4adac2043ff2f71619e4c6f3d2f54d7acb" />
	</machine>
	<machine name="dsgnprnt">
		<description>Designer Prints (Version 1.0)</description>
		<year>1989</year>
		<publisher>MECC</publisher>
		<rom name="designer prints iigs - disk 1 - system.woz" size="1345404" crc="73f51fb4" sha1="3e63b030b9608ab17c81f9c78c1e18e70d355a1d" />
		<rom name="designer prints iigs - disk 2 - program.woz" size="1345405" crc="0311a18d" sha1="9a3392746023ac64dc9ef22693a752c4e6968853" />
	</machine>
	<machine name="dsgnpuzl">
		<description>Designer Puzzles (Version 1.0)</description>
		<year>1990</year>
		<publisher>MECC</publisher>
		<rom name="designer puzzles iigs - disk 1 - system.woz" size="1296256" crc="8f84d33d" sha1="4a5695fa3d862f8c1a634b112c38329b4750ea46" />
		<rom name="designer puzzles iigs - disk 2 - program.woz" size="1296257" crc="bb30e33b" sha1="f85e79e1fff7b7af4bcfb68210beddb6126f5477" />
	</machine>
	<machine name="fantavsn">
		<description>Fantavision</description>
		<year>1987</year>
		<publisher>Broderbund Software</publisher>
		<rom name="fantavision iigs.woz" size="1296699" crc="c179c918" sha1="bf336245b80f5fa0718f717cb8cfad8208996e31" />
	</machine>
	<machine name="fastbrk">
		<description>Fast Break</description>
		<year>1989</year>
		<publisher>Accolade</publisher>
		<rom name="fast break iigs.woz" size="1296720" crc="56b4f173" sha1="18e1ba72192ce9e059633a62be6aae0c8b92c686" />
	</machine>
	<machine name="finalass">
		<description>Final Assault</description>
		<year>1988</year>
		<publisher>Epyx</publisher>
		<rom name="final assault iigs.woz" size="1296633" crc="968a15df" sha1="214b086187df5d1122bbe84b557bb83d09546e49" />
	</machine>
	<machine name="fmplanet">
		<description>Full Metal Planete</description>
		<year>1990</year>
		<publisher>Infogrames</publisher>
		<rom name="full metal planete iigs.woz" size="1345399" crc="7f957af7" sha1="e727b67b1905956a2a9b99d8715b8291e30c391d" />
	</machine>
	<machine name="gate">
		<description>GATE</description>
		<year>1992</year>
		<publisher>Seven Hills Software</publisher>
		<rom name="gate iigs - disk 1.woz" size="1296141" crc="aaaabead" sha1="e2aab50a1b9290f34dd75ea0fd86d59eca3f46ca" />
		<rom name="gate iigs - disk 2.woz" size="1296141" crc="66696c57" sha1="f4b5d21a8da6c52a3dc330c0d67c7df0c3a3b0c5" />
	</machine>
	<machine name="gauntlet">
		<description>Gauntlet</description>
		<year>1988</year>
		<publisher>Mindscape</publisher>
		<rom name="gauntlet iigs.woz" size="1317604" crc="fbeb429a" sha1="4df82855dd2924509681ea5a9a138aa7edce8b53" />
	</machine>
	<machine name="gbabsktb">
		<description>GBA Championship Basketball</description>
		<year>1987</year>
		<publisher>Activision</publisher>
		<rom name="gba championship basketball iigs.woz" size="1329513" crc="affed43a" sha1="615e8fe867a969216381d2d3ec656d973b6a3b55" />
	</machine>
	<machine name="goldrush">
		<description>Gold Rush!</description>
		<year>1988</year>
		<publisher>Sierra On-Line</publisher>
		<rom name="gold rush iigs - disk 1.woz" size="1296214" crc="0cc92f73" sha1="68975f2ed33b8a430f7612c54bb307c5d05b9178" />
		<rom name="gold rush iigs - disk 2.woz" size="1296214" crc="b69bd9ee" sha1="af68d86f926c04cd1bdc9fb9adb05fb974f929f2" />
		<rom name="gold rush iigs - disk 3.woz" size="1296214" crc="ce77925c" sha1="2c41022d0dcdfca9349e8ed3cc805d38ca329ab4" />
		<rom name="gold rush iigs - disk 4.woz" size="1296214" crc="5a7a5ddc" sha1="6ae6d46904c3fd555bb85a612cdf2afbf2a58f5b" />
	</machine>
	<machine name="gpcirc">
		<description>Grand Prix Circuit</description>
		<year>1989</year>
		<publisher>Accolade</publisher>
		<rom name="grand prix circuit iigs.woz" size="1296752" crc="a895e303" sha1="18237633ba940ffea726867aba4b3a53445b7ea7" />
	</machine>
	<machine name="grphsmkt">
		<description>Graphics Supermarket (Version 1.1)</description>
		<year>1987</year>
		<publisher>Abracadata</publisher>
		<rom name="graphics supermarket iigs.woz" size="1328978" crc="b34c7131" sha1="dec9c9c89d6d5219ed28e7a56e7cef1683970394" />
	</machine>
	<machine name="grphstd">
		<description>The Graphics Studio</description>
		<year>1987</year>
		<publisher>Accolade</publisher>
		<rom name="the graphics studio iigs.woz" size="1296696" crc="19c9e6bf" sha1="97e5f4a0a05c818862a580b7bcb5663241d72e78" />
	</machine>
	<machine name="gwrit310">
		<description>GraphicWriter III (Version 1.0)</description>
		<year>1990</year>
		<publisher>Seven Hills Software</publisher>
		<rom name="graphicwriter iii iigs - disk 1.woz" size="1360720" crc="20234e53" sha1="de039d332924765b21e90296020d1d34bc53ac35" />
		<rom name="graphicwriter iii iigs - disk 2.woz" size="1296208" crc="0b82c50b" sha1="f9eddd4ab85144b608b72e486484ead4f8c5bb11" />
		<rom name="graphicwriter iii iigs - disk 3.woz" size="1360720" crc="a62a325f" sha1="c2499046e52c002bcd48352535633bd6eb577152" />
	</machine>
	<machine name="gwshoot">
		<description>Great Western Shootout</description>
		<year>1989</year>
		<publisher>Britannica Software</publisher>
		<rom name="great western shootout iigs - disk 1.woz" size="1296194" crc="65d9538c" sha1="c41a1a7796c4d67432b546cebc7997d9a5cfb22d" />
		<rom name="great western shootout iigs - disk 2.woz" size="1296194" crc="8e664521" sha1="aa738a532332574481bcadb9c071e0dfe0730e24" />
	</machine>
	<machine name="hacker2">
		<description>Hacker II</description>
		<year>1987</year>
		<publisher>Activision</publisher>
		<rom name="hacker ii- the doomsday papers iigs.woz" size="1296186" crc="5601d8b7" sha1="7d542579d2a127adefca5d10cb996e5a69fdb2cb" />
	</machine>
	<machine name="hallsmzm">
		<description>Halls of Montezuma</description>
		<year>1990</year>
		<publisher>Strategic Simulations</publisher>
		<rom name="halls of montezuma iigs - disk 1.woz" size="1296238" crc="e9e5007e" sha1="d562bcf62a8b5dfab0d991279b9372ae0af55e35" />
		<rom name="halls of montezuma iigs - disk 2.woz" size="1296238" crc="390131dd" sha1="0d75cf473647631351edb2871710cdd684094e7b" />
	</machine>
	<machine name="hardball">
		<description>Hardball!</description>
		<year>1987</year>
		<publisher>Accolade</publisher>
		<rom name="hardball iigs.woz" size="1296700" crc="a9e23a1c" sha1="8849b47b90a09cdb9fc2daf419d06bcf9ac0253f" />
	</machine>
	<machine name="hostage">
		<description>Hostage: Rescue Mission</description>
		<year>1990</year>
		<publisher>Mindscape</publisher>
		<rom name="hostage- rescue mission iigs.woz" size="1361742" crc="e094007a" sha1="14ee3d0863bcb7170ba1bdab21876687f4ce619a" />
	</machine>
	<machine name="hvrblade">
		<description>Hover Blade</description>
		<year>1991</year>
		<publisher>MCX</publisher>
		<rom name="hover blade iigs - disk 1.woz" size="1345297" crc="dea1f1bf" sha1="f15fa4a7894908b48fa7038521e0ca37cada2656" />
		<rom name="hover blade iigs - disk 2.woz" size="1345297" crc="c63ec5d5" sha1="bb90b71a84b5f9d3809342e27a303638208194bb" />
	</machine>
	<machine name="hypst31c">
		<description>HyperStudio (Version 3.1c)</description>
		<year>1989</year>
		<publisher>Roger Wagner Publishing</publisher>
		<rom name="hyperstudio iigs - disk 1 - hs.system.woz" size="1296332" crc="105cd440" sha1="6eb1490032644870e3d7b2198307f92b9f4c9726" />
		<rom name="hyperstudio iigs - disk 2 - hyperstudio.woz" size="1296334" crc="dddc1718" sha1="c79d9ae79e9b3b05d404b6fcfc860c2032610749" />
		<rom name="hyperstudio iigs - disk 3 - combo.hs.woz" size="1296331" crc="72d2c492" sha1="cb36c4183aea90fc4e31136ea3b23c78e628f5f5" />
		<rom name="hyperstudio iigs - disk 4 - hs.art.woz" size="1296329" crc="a58110b6" sha1="7574471d6720393fbbdc59a177f6d6540b7fc659" />
		<rom name="hyperstudio iigs - disk 5 - hs.sounds.woz" size="1296332" crc="59075668" sha1="42c47278b34b37054980255a136447e603bc6a62" />
		<rom name="hyperstudio iigs - disk 6 - samples.1.woz" size="1296332" crc="9b75ac57" sha1="60ca027728e1c4252cc1ea1d3b62f7c2260ffc46" />
		<rom name="hyperstudio iigs - disk 7 - samples.2.woz" size="1296332" crc="4ec61e88" sha1="8aeb610008ba430aa78cf59f2565b14f4d666e11" />
	</machine>
	<machine name="imgmst12">
		<description>ImageMaster: Basic Paint (Version 1.2)</description>
		<year>1992</year>
		<publisher>JADA Graphics</publisher>
		<rom name="imagemaster- basic paint iigs.woz" size="1296161" crc="5daefc49" sha1="f2eec1054c8bcdd0fd94951be018873a0c1d991a" />
	</machine>
	<machine name="immortal">
		<description>The Immortal</description>
		<year>1990</year>
		<publisher>Electronic Arts</publisher>
		<rom name="the immortal iigs - disk 1 - play.woz" size="1296229" crc="b804341e" sha1="72322fd7d8e5d3904bd89796725fb106d3cca5a5" />
		<rom name="the immortal iigs - disk 2 - graphics.woz" size="1296226" crc="bf428297" sha1="cdf5ea12029204a4a8dfed975d2c917406e3a7d5" />
	</machine>
	<machine name="impmiss2">
		<description>Impossible Mission II</description>
		<year>1989</year>
		<publisher>Epyx</publisher>
		<rom name="impossible mission ii iigs.woz" size="1296662" crc="fdc001f2" sha1="db6c4c217013a1a4c1b89c87d0956c7a8b21df7c" />
	</machine>
	<machine name="instsynt">
		<description>Instant Synthesizer</description>
		<year>1988</year>
		<publisher>Electronic Arts</publisher>
		<rom name="instant synthesizer iigs - disk 1 - program.woz" size="1296230" crc="d4e982f6" sha1="25eecac855d0784ba5df1125cecde22977d1474c" />
		<rom name="instant synthesizer iigs - disk 2 - data.woz" size="1296227" crc="b3f3db36" sha1="278993013a1eb963e06f78af6d5f58d48cd86fc1" />
	</machine>
	<machine name="jamsessn">
		<description>Jam Session (Version 1.0)</description>
		<year>1989</year>
		<publisher>Broderbund Software</publisher>
		<rom name="jam session iigs - disk 1.woz" size="1296761" crc="b145977d" sha1="5d5e075af05dcb8eed20453e42b6654835aece3e" />
		<rom name="jam session iigs - disk 2.woz" size="1296249" crc="58e8e887" sha1="e2c8115252a4729ae1dcd8e47a6ca9efc1857384" />
	</machine>
	<machine name="jelwayqb">
		<description>John Elway's Quarterback</description>
		<year>1989</year>
		<publisher>Melbourne House</publisher>
		<rom name="john elway's quarterback iigs.woz" size="1312567" crc="f730957b" sha1="8484a0b8380a46a07ca3674507fcd857c385947e" />
	</machine>
	<machine name="jigsaw">
		<description>Jigsaw</description>
		<year>1988</year>
		<publisher>Britannica Software</publisher>
		<rom name="jigsaw iigs - disk 1 - program disk.woz" size="1296764" crc="1b4cac90" sha1="e429fe5e5149e7b5c5a812b74de6a7da3a9237cc" />
		<rom name="jigsaw iigs - disk 2 - picture library.woz" size="1296255" crc="522b9621" sha1="646e277b6c8d32b5f4e96a6387341405b9db4951" />
	</machine>
	<machine name="keef">
		<description>Keef the Thief</description>
		<year>1989</year>
		<publisher>Electronic Arts</publisher>
		<rom name="keef the thief iigs - disk 1 - program disk.woz" size="1312659" crc="9ebed3ef" sha1="856928857d778dace377a99a86657cf1a87b4064" />
		<rom name="keef the thief iigs - disk 2 - art disk.woz" size="1312605" crc="561496ac" sha1="78d9793b3fb4b536d4d5411315e3cc144e492472" />
	</machine>
	<machine name="kingchgo">
		<description>The King of Chicago</description>
		<year>1988</year>
		<publisher>Cinemaware</publisher>
		<rom name="the king of chicago iigs - reel 1.woz" size="1296682" crc="41530912" sha1="85fb08f8da981e9cc87edf8446e722ab7eefae91" />
		<rom name="the king of chicago iigs - reel 2.woz" size="1296170" crc="a53c37c0" sha1="ff0519cf1b17e77587d82a41c12c836f44e21ab5" />
	</machine>
	<machine name="kingqst3">
		<description>King's Quest III</description>
		<year>1988</year>
		<publisher>Sierra On-Line</publisher>
		<rom name="king's quest iii iigs - disk 1.woz" size="1296426" crc="cf25ed37" sha1="0dd9185c47c0607f5342c01b3cf0ca42d6b5a187" />
		<rom name="king's quest iii iigs - disk 2.woz" size="1296426" crc="738e9164" sha1="ef78a433efc4b54aa3014facb3bc4fdb0e3446cf" />
	</machine>
	<machine name="kingqst4">
		<description>King's Quest IV: The Perils of Rosella</description>
		<year>1989</year>
		<publisher>Sierra On-Line</publisher>
		<rom name="king's quest iv iigs - disk 1.woz" size="1296374" crc="ff747ad4" sha1="6a216fc73cf146418bcc4cb2a0b159e1d96d367b" />
		<rom name="king's quest iv iigs - disk 2.woz" size="1296374" crc="f209e379" sha1="5b0a275432a495b86eb325a65558e340f15bcea4" />
		<rom name="king's quest iv iigs - disk 3.woz" size="1296374" crc="65f8435a" sha1="e20ba8c160e6609efa9d3576bef83c798dd2c436" />
	</machine>
	<machine name="kingqst">
		<description>King's Quest: Quest for the Crown</description>
		<year>1987</year>
		<publisher>Sierra On-Line</publisher>
		<rom name="king's quest iigs - disk 1.woz" size="1296282" crc="813e5b11" sha1="8e61a96821460da26d8e9c567e358ec18d15c535" />
		<rom name="king's quest iigs - disk 2.woz" size="1298330" crc="832a3043" sha1="7fe827331b55408b478ffb45330a09de73234ebb" />
	</machine>
	<machine name="kquest2">
		<description>King's Quest II (Version 2.0A)</description>
		<year>1987</year>
		<publisher>Sierra On-Line</publisher>
		<rom name="king's quest ii iigs - disk 1.woz" size="1312707" crc="df46df6b" sha1="bc29f617b36e77f064f13b371db1a0ed6e8cc1de" />
		<rom name="king's quest ii iigs - disk 2.woz" size="1312707" crc="23294f32" sha1="e0e383b140d7eafd3b94faeb12074564a8d0a24b" />
	</machine>
	<machine name="lasrforc">
		<description>LaserForce</description>
		<year>1989</year>
		<publisher>Fanfare</publisher>
		<rom name="laserforce iigs - disk 1.woz" size="1296206" crc="03943e06" sha1="8efcc99202e3f9fae8058d8cc7f0c66902c52ae6" />
		<rom name="laserforce iigs - disk 2.woz" size="1296206" crc="4eb5535b" sha1="1a53e508eab191f92835990f3195498da8c615a7" />
	</machine>
	<machine name="lifendth">
		<description>Life and Death</description>
		<year>1989</year>
		<publisher>The Software Toolworks</publisher>
		<rom name="life and death iigs - disk 1.woz" size="1296138" crc="a90e885a" sha1="6d4b97e8be6441c9a2f792fa09206a84b5e07952" />
		<rom name="life and death iigs - disk 2.woz" size="1296138" crc="3a780754" sha1="d73e62dc6c27b3d441dfbc5626dfe3bbb133d3b7" />
	</machine>
	<machine name="lslarry">
		<description>Leisure Suit Larry in the Land of the Lounge Lizards</description>
		<year>1987</year>
		<publisher>Sierra On-Line</publisher>
		<rom name="leisure suit larry in the land of the lounge lizards iigs - disk 1.woz" size="1312662" crc="31bf3aad" sha1="f1daad9a5a04cd2ae82c5fa3a315741a66a64126" />
		<rom name="leisure suit larry in the land of the lounge lizards iigs - disk 2.woz" size="1312662" crc="b990e5bd" sha1="022bc36381aaa325153139cbc04da276fb8e1fbe" />
	</machine>
	<machine name="lstninja">
		<description>The Last Ninja</description>
		<year>1988</year>
		<publisher>Activision</publisher>
		<rom name="the last ninja iigs.woz" size="1312599" crc="ed5aaf38" sha1="15500a6600c806a683148297a32314b1d63116e4" />
	</machine>
	<machine name="madlibs">
		<description>Mad Libs (Version 1.0)</description>
		<year>1987</year>
		<publisher>First Byte</publisher>
		<rom name="mad libs iigs.woz" size="1328903" crc="91007135" sha1="73eba5eb4cb6b0b99d04c6b8aa9790ccb866b2d4" />
	</machine>
	<machine name="manhuntr">
		<description>Manhunter: New York</description>
		<year>1987</year>
		<publisher>Sierra On-Line</publisher>
		<rom name="manhunter- new york iigs - disk 1.woz" size="1345384" crc="8862c002" sha1="064b29d944f02fce20e407c451d435365a8fe0fb" />
		<rom name="manhunter- new york iigs - disk 2.woz" size="1345384" crc="f17f2cfa" sha1="0d915aec7f33375d8ba46c1c4419d8986a6360b0" />
		<rom name="manhunter- new york iigs - disk 3.woz" size="1345384" crc="bd448818" sha1="dcc058c912d3a291ede35a2b99ca59519f47d0c9" />
		<rom name="manhunter- new york iigs - disk 4.woz" size="1345384" crc="660c6483" sha1="21aca32e5fb3fa843ca660de8c6a3354df99106a" />
	</machine>
	<machine name="marble">
		<description>Marble Madness</description>
		<year>1986</year>
		<publisher>Electronic Arts</publisher>
		<rom name="marble madness.woz" size="1296646" crc="84fe02b8" sha1="af8014fdb42321f0d75f4bea1e69cf0923904b05" />
	</machine>
	<machine name="mathnme">
		<description>Math and Me (Version 1.0 08/01/88)</description>
		<year>1988</year>
		<publisher>Davidson &amp; Associates</publisher>
		<rom name="math and me iigs.woz" size="1328947" crc="b732477d" sha1="d9270d665cd209b85eb9c3bb6df4a37468150ebe" />
	</machine>
	<machine name="mavisbcn">
		<description>Mavis Beacon Teaches Typing (Version 1.8)</description>
		<year>1987</year>
		<publisher>The Software Toolworks</publisher>
		<rom name="mavis beacon teaches typing iigs - disk 1.woz" size="1289492" crc="aca9e637" sha1="d2c04b96e16d17a10a47f2422e9a14547957a67e" />
		<rom name="mavis beacon teaches typing iigs - disk 2.woz" size="1296148" crc="6c39595e" sha1="40461f3e81396be49bcb8af1d95de4f3fc1e4a3e" />
	</machine>
	<machine name="mcs">
		<description>Music Construction Set (Version 1.0)</description>
		<year>1986</year>
		<publisher>Electronic Arts</publisher>
		<rom name="music construction set iigs.woz" size="1296714" crc="c61bf3cc" sha1="8bb33e8b4cab20effb6e7522e3eb01f382e53a7d" />
	</machine>
	<machine name="mean18">
		<description>Mean 18</description>
		<year>1987</year>
		<publisher>Accolade</publisher>
		<rom name="mean 18 iigs - disk 1 - program disk.woz" size="1329494" crc="0bff6131" sha1="a4f312c1e20e1f6f56aa7a150b1e3c2a055a659b" />
		<rom name="mean 18 iigs - disk 2 - famous courses volume ii.woz" size="1296258" crc="13d63de6" sha1="1e2415846c7dc1c7ef213965c039fa2ae1cf07f9" />
		<rom name="mean 18 iigs - disk 3 - famous courses volume iii.woz" size="1297284" crc="57051e09" sha1="1f077302afab70811c901eb6f40d4e4b3d48a997" />
		<rom name="mean 18 iigs - disk 4 - famous courses volume iv.woz" size="1297250" crc="f9e50694" sha1="75871ecc202b0535e45253c5c28ef8447853389f" />
	</machine>
	<machine name="mercury">
		<description>Mercury (Version 1.0)</description>
		<year>1989</year>
		<publisher>MECC</publisher>
		<rom name="mercury iigs - disk 1 - system.woz" size="1345426" crc="43b4de3c" sha1="454548d46d73637756546557cb6dd49f38a22cb8" />
		<rom name="mercury iigs - disk 2 - program.woz" size="1345427" crc="f89fd07d" sha1="ef7cc05c80ca00c37d79a3604a2280b85c9b9e2a" />
	</machine>
	<machine name="miniputt">
		<description>Mini-Putt</description>
		<year>1988</year>
		<publisher>Accolade</publisher>
		<rom name="mini-putt iigs.woz" size="1296636" crc="043ffe92" sha1="cace02db6788d3142d4704264422289beb2a8bbc" />
	</machine>
	<machine name="monte">
		<description>Monte Carlo</description>
		<year>1987</year>
		<publisher>PBI Software</publisher>
		<rom name="monte carlo iigs.woz" size="1296169" crc="c89c7237" sha1="eae72c1446f10e585cb732359bf22a96122c2ede" />
	</machine>
	<machine name="mtrksjr">
		<description>Master Tracks Jr. (Version 1.03)</description>
		<year>1988</year>
		<publisher>Passport Designs</publisher>
		<rom name="master tracks jr. iigs.woz" size="1329990" crc="763ca9f0" sha1="2daa4d51640810c823b852720d89a5aeda615522" />
	</machine>
	<machine name="mtrkspro">
		<description>Master Tracks Pro (Version 1.04)</description>
		<year>1989</year>
		<publisher>Passport Designs</publisher>
		<rom name="master tracks pro iigs.woz" size="1345349" crc="4c8cb4f7" sha1="fb5db1100b1512186113fa9d8396b649ab1db9c7" />
	</machine>
	<machine name="musstdio">
		<description>The Music Studio (Version 2.0)</description>
		<year>1988</year>
		<publisher>Activision</publisher>
		<rom name="the music studio iigs - disk 1 - program.woz" size="1296337" crc="a4f7f392" sha1="eb2e0e72cdceb392c3f2ef73ff5c576a8c0c2ca8" />
		<rom name="the music studio iigs - disk 2 - additional songs and instruments.woz" size="1296362" crc="a834a4c6" sha1="e5b2a5dcd6642725d82c45617a4c2dadea5febd1" />
	</machine>
	<machine name="muswrv23">
		<description>Pyware Music Writer (Version 2.03)</description>
		<year>1990</year>
		<publisher>Pyware</publisher>
		<rom name="pyware music writer iigs - disk 1 - boot disk 5.0.4.woz" size="1296179" crc="cdb27c84" sha1="de3d1476fe9dfb7c3761f74c51dc38e78537cab5" />
		<rom name="pyware music writer iigs - disk 2 - program disk.woz" size="1345341" crc="ee9edef7" sha1="fa177e0d55f757140bf1fc96614225b995924d67" />
	</machine>
	<machine name="neuromnc">
		<description>Neuromancer</description>
		<year>1989</year>
		<publisher>Interplay Productions</publisher>
		<rom name="neuromancer iigs.woz" size="1345288" crc="6d21fbf3" sha1="2f461215cd9331a0a87a61b1497b92d08f64589d" />
	</machine>
	<machine name="nicklaus">
		<description>Jack Nicklaus' Greatest 18 Holes of Major Championship Golf</description>
		<year>1989</year>
		<publisher>Accolade</publisher>
		<rom name="jack nicklaus' greatest 18 holes of major championship golf iigs - disk 1 - program disk.woz" size="1296252" crc="42a132b9" sha1="ba9a7d0f8865b990b4c01d9b44fa82fe067f275e" />
		<rom name="jack nicklaus' greatest 18 holes of major championship golf iigs - disk 2 - course disk.woz" size="1296251" crc="668bfa15" sha1="1b50bcfd3eeee7a0730f789bcda75530941c3770" />
	</machine>
	<machine name="ntgs">
		<description>NoiseTracker (Version 1.0)</description>
		<year>1992</year>
		<publisher>FTA</publisher>
		<rom name="noisetracker iigs.woz" size="1345387" crc="b3ffe621" sha1="cd086b0770b4a29e46d174923dec08880c3972f7" />
	</machine>
	<machine name="omega">
		<description>Omega</description>
		<year>1988</year>
		<publisher>Origin Systems</publisher>
		<rom name="omega iigs.woz" size="1296155" crc="1451e0d5" sha1="d9de13700b35c3ca651883b9c5224dbd8e43cf0e" />
	</machine>
	<machine name="ootw">
		<description>Out of this World</description>
		<year>1992</year>
		<publisher>Interplay Productions</publisher>
		<rom name="out of this world iigs - disk 1 - program disk.woz" size="1296230" crc="114a8c7f" sha1="5821227cf3e7dc6b07d2255f63c77a66f355cc93" />
		<rom name="out of this world iigs - disk 2 - sounds disk.woz" size="1296229" crc="df8eccc2" sha1="e8bf12708fd810db0ef8ec803df338c2a747781a" />
	</machine>
	<machine name="paperboy">
		<description>Paperboy</description>
		<year>1988</year>
		<publisher>Mindscape</publisher>
		<rom name="paperboy iigs.woz" size="1305356" crc="8fdf4e3c" sha1="4409b0d1168e0a693f82bf1fc7366cfe65595443" />
	</machine>
	<machine name="photonix">
		<description>Photonix (Version 1.46)</description>
		<year>1989</year>
		<publisher>Free Tools Association</publisher>
		<rom name="photonix iigs.woz" size="1345319" crc="29368542" sha1="0504af1ada3e3cc9fc00d35096c1c92f93acefb5" />
	</machine>
	<machine name="pipedrm">
		<description>Pipe Dream</description>
		<year>1990</year>
		<publisher>Lucasfilm</publisher>
		<rom name="pipe dream iigs.woz" size="1296163" crc="d77ebd90" sha1="8d02426c2e3418d5162382ff9040de2523b81915" />
	</machine>
	<machine name="platpnt">
		<description>Platinum Paint (Version 2.01)</description>
		<year>1992</year>
		<publisher>Beagle Bros.</publisher>
		<rom name="platinum paint iigs - disk 1 - system disk.woz" size="1296170" crc="6ccb4390" sha1="12e9e8da24881506302e19cd9110e831564dd211" />
		<rom name="platinum paint iigs - disk 2 - program disk.woz" size="1296171" crc="b778a68c" sha1="a66e372e59945f3ec18491c7df5be01e076411cc" />
	</machine>
	<machine name="pquest">
		<description>Police Quest</description>
		<year>1987</year>
		<publisher>Sierra On-Line</publisher>
		<rom name="police quest iigs - disk 1.woz" size="1296347" crc="777c23e5" sha1="d75bd3b9d9a2a686c6cc2872b30a162b6aa176a8" />
		<rom name="police quest iigs - disk 2.woz" size="1298395" crc="942f2197" sha1="b245b1a25e2cfbcfe8c75b4de33a089410ce7dad" />
	</machine>
	<machine name="printshp">
		<description>The Print Shop (Version 1.0)</description>
		<year>1987</year>
		<publisher>Broderbund Software</publisher>
		<rom name="the print shop iigs.woz" size="1296816" crc="57ecd472" sha1="689f6ead1f9ab1a4ffc6fa04088ad063943cb75d" />
	</machine>
	<machine name="prntshcm">
		<description>The Print Shop Companion</description>
		<year>1990</year>
		<publisher>Broderbund Software</publisher>
		<rom name="the print shop companion iigs.woz" size="1296229" crc="9a1893da" sha1="bb43dbf428eb45b147a9726b71ff2d38a5f48b87" />
	</machine>
	<machine name="pwksgold">
		<description>Paintworks Gold (Version 1.5)</description>
		<year>1987</year>
		<publisher>Activision</publisher>
		<rom name="paintworks gold iigs - disk 1 - program disk.woz" size="1296195" crc="727db105" sha1="e2b1759d4f41068346fd0d5485afa262ec4a6718" />
		<rom name="paintworks gold iigs - disk 2 - art disk.woz" size="1296191" crc="5eaa9d86" sha1="dccd17f662a69e5c64f90ae4c93272c988402547" />
	</machine>
	<machine name="pwplus">
		<description>Paintworks Plus (Version 1.2)</description>
		<year>1986</year>
		<publisher>Activision</publisher>
		<rom name="paintworks plus iigs.woz" size="1296206" crc="c557968f" sha1="c5c44af96b91aa1550cc0fdabd67434fd72a4e51" />
	</machine>
	<machine name="qix">
		<description>Qix</description>
		<year>1990</year>
		<publisher>Taito</publisher>
		<rom name="qix iigs.woz" size="1296123" crc="6955cd6b" sha1="fb20f487be264892bf3828ec8a5c8cabb57f751c" />
	</machine>
	<machine name="qustron2">
		<description>Questron II (Version 1.1)</description>
		<year>1988</year>
		<publisher>Strategic Simulations</publisher>
		<rom name="questron ii iigs.woz" size="1296163" crc="4deb4862" sha1="f7e1ce6cf67e0e061ffbb7e96b222861d5dda756" />
	</machine>
	<machine name="rastan">
		<description>Rastan</description>
		<year>1990</year>
		<publisher>Taito</publisher>
		<rom name="rastan - disk 1.woz" size="1296132" crc="9759082b" sha1="3b7ddc2326d351f7de2f018229db5a49f1090b52" />
		<rom name="rastan - disk 2.woz" size="1296132" crc="a567351e" sha1="c50fa172350be0c154182b1b86b65b210ff452af" />
	</machine>
	<machine name="rchstars">
		<description>Reach for the Stars</description>
		<year>1988</year>
		<publisher>Strategic Studies Group</publisher>
		<rom name="reach for the stars iigs.woz" size="1328945" crc="7c9f6de5" sha1="81cbc69e0cf005aa05de2898603a4c526116ff79" />
	</machine>
	<machine name="rdarama">
		<description>Read-A-Rama</description>
		<year>1989</year>
		<publisher>Unicorn Software</publisher>
		<rom name="read-a-rama iigs - disk 1 - boot disk.woz" size="1296719" crc="e430df4a" sha1="96dba78e27ab06de97117a27542c3ce211a7bd44" />
		<rom name="read-a-rama iigs - disk 2 - level 1.woz" size="1296205" crc="9b23b421" sha1="0fc3c37883a2358c7644785eaa7488184d431558" />
		<rom name="read-a-rama iigs - disk 3 - level 2.woz" size="1296216" crc="7420be24" sha1="1bb82fc0da0c56c291fda9c19213659123fde543" />
	</machine>
	<machine name="readnme">
		<description>Reading and Me (Version 1.0)</description>
		<year>1988</year>
		<publisher>Davidson &amp; Associates</publisher>
		<rom name="reading and me iigs - disk 1 - program.woz" size="1328940" crc="598bd916" sha1="aeff5dc46e4175b69702fd393eea6fc3d95f089c" />
		<rom name="reading and me iigs - disk 2 - data.woz" size="1312556" crc="8c0d3e1f" sha1="ba53651eed2bd0393b8d83390555825302b9bba5" />
	</machine>
	<machine name="readrhym">
		<description>Read and Rhyme</description>
		<year>1988</year>
		<publisher>Unicorn Software</publisher>
		<rom name="read and rhyme iigs - disk 1.woz" size="1296669" crc="2011af62" sha1="e399fff6bd60b964ce68cb3d36ca33a77f1483f6" />
		<rom name="read and rhyme iigs - disk 2.woz" size="1296157" crc="3e060399" sha1="f0ed2208dc2447734e22acb1c5d943cbe55ac9c4" />
	</machine>
	<machine name="redoctbr">
		<description>The Hunt for Red October</description>
		<year>1989</year>
		<publisher>The Software Toolworks</publisher>
		<rom name="the hunt for red october iigs.woz" size="1343773" crc="60d2cfa9" sha1="5a80858e78527d2fe19c8e7c94785d2ecbc39a4e" />
	</machine>
	<machine name="revo76">
		<description>Revolution '76 (Version June 27, 1989)</description>
		<year>1989</year>
		<publisher>Britannica Software</publisher>
		<rom name="revolution '76 iigs - disk 1.woz" size="1296267" crc="e112814c" sha1="3c713d5c14d0e182256120ff7623a064b2a6b812" />
		<rom name="revolution '76 iigs - disk 2.woz" size="1296267" crc="1dbedb8e" sha1="9d489ffab3e025586e702d72387641ffe4fb7d55" />
		<rom name="revolution '76 iigs - disk 3.woz" size="1296267" crc="7fee9792" sha1="41082c8b9546d12e9a73824a3f2ce2be4dd0823b" />
	</machine>
	<machine name="roadwr2k">
		<description>Roadwar 2000</description>
		<year>1987</year>
		<publisher>Strategic Simulations</publisher>
		<rom name="roadwar 2000 iigs.woz" size="1296159" crc="84f0f97c" sha1="697791039e6ae0077feaa26e6032c5c9c3bd7930" />
	</machine>
	<machine name="rrbit23">
		<description>Reader Rabbit (Version 2.3)</description>
		<year>1987</year>
		<publisher>The Learning Company</publisher>
		<rom name="reader rabbit iigs.woz" size="1296165" crc="fc417d0a" sha1="5d6c7179955c227182a5e48f0f1ef16de8b710e5" />
	</machine>
	<machine name="salvatns">
		<description>Salvation Supreme (Version 2.0)</description>
		<year>1993</year>
		<publisher>Vitesse Software</publisher>
		<rom name="salvation supreme iigs - disk 1.woz" size="1296208" crc="d33c159f" sha1="a20776f1b58647ec57526b72ebe02f22567a383d" />
		<rom name="salvation supreme iigs - disk 2.woz" size="1296208" crc="75578373" sha1="aeaa51b3b44f9f0e20e86d0581d9de7fd9f8753d" />
	</machine>
	<machine name="seastrke">
		<description>Sea Strike</description>
		<year>1987</year>
		<publisher>PBI Software</publisher>
		<rom name="sea strike iigs.woz" size="1296185" crc="1b1e0b06" sha1="e5401ccf01ad10fc18e771c1c7c02db23c485151" />
	</machine>
	<machine name="shangha2">
		<description>Shanghai II: Dragon's Eye</description>
		<year>1993</year>
		<publisher>Big Red Computer Club</publisher>
		<rom name="shanghai ii iigs - disk 1 - program.woz" size="1296206" crc="ddda4a20" sha1="22cb6182462e3869797c4a2a46565761a8b00874" />
		<rom name="shanghai ii iigs - disk 2 - sounds.woz" size="1296206" crc="0a58a12d" sha1="bc42f224a719594df64c0098c60fe7d9af185bc6" />
	</machine>
	<machine name="shanghai">
		<description>Shanghai</description>
		<year>1987</year>
		<publisher>Activision</publisher>
		<rom name="shanghai iigs.woz" size="1296154" crc="7155a611" sha1="6aac8d0a393c37a9b30f249d21bcfae2ba38f727" />
	</machine>
	<machine name="shdwgate">
		<description>Shadowgate</description>
		<year>1988</year>
		<publisher>ICOM Simulations</publisher>
		<rom name="shadowgate iigs - disk 1.woz" size="1361803" crc="c1fedf06" sha1="da9a08f82c3fadbf27f9635d8d92488597635ab3" />
		<rom name="shadowgate iigs - disk 2.woz" size="1361803" crc="f2107036" sha1="ec055731dc9a699b1334b57a02341198826e8527" />
	</machine>
	<machine name="showoff">
		<description>ShowOff (Version 1.1)</description>
		<year>1987</year>
		<publisher>Broderbund Software</publisher>
		<rom name="showoff iigs - disk 1 - program.woz" size="1296706" crc="bfb15e70" sha1="99bda5575d3865d8ccda8e82c3d5f8a6fe3e6e02" />
		<rom name="showoff iigs - disk 2 - slide show.woz" size="1296215" crc="ea8b58f6" sha1="5ac168d50f82fab9a9d859864a595cd9a0190b1f" />
		<rom name="showoff iigs - disk 3 - graphics collection- world events.woz" size="1296238" crc="9552e081" sha1="1166cbf373d52be3e62c167c5261973aba3a3e65" />
	</machine>
	<machine name="silpheed">
		<description>Silpheed</description>
		<year>1987</year>
		<publisher>Sierra On-Line</publisher>
		<rom name="silpheed iigs - disk 1.woz" size="1296337" crc="6e23bfc4" sha1="aab31b270ac2d0be19a63aeebb58cf63f8d664be" />
		<rom name="silpheed iigs - disk 2.woz" size="1296337" crc="2464d39c" sha1="3a4f6e18d97f5bdc40b988e6a44dedc2d5b62fb3" />
	</machine>
	<machine name="skatedie">
		<description>Skate or Die</description>
		<year>1988</year>
		<publisher>Electronic Arts</publisher>
		<rom name="skate or die iigs.woz" size="1296713" crc="300af7ee" sha1="7ef79447b14b2268bdbd6489188f951c995e9b7a" />
	</machine>
	<machine name="slntsvce">
		<description>Silent Service</description>
		<year>1987</year>
		<publisher>Microprose</publisher>
		<rom name="silent service iigs.woz" size="1296228" crc="37087af8" sha1="587219bfd6f4ada98b6e0805998d74b5436c27c6" />
	</machine>
	<machine name="sltroyal">
		<description>Solitaire Royale (Version 1.0)</description>
		<year>1989</year>
		<publisher>Spectrum Holobyte</publisher>
		<rom name="solitaire royale iigs.woz" size="1361746" crc="0a8a99ba" sha1="e3693a5d5f3534b4eb1a7ccc6ab8e96463fa0a28" />
	</machine>
	<machine name="smthtlkr">
		<description>SmoothTalker</description>
		<year>1987</year>
		<publisher>First Byte</publisher>
		<rom name="smoothtalker iigs.woz" size="1312507" crc="19b0ec7f" sha1="89d332155d9bd9c02e6254f4379c15eb6bb19376" />
	</machine>
	<machine name="snoopyrm">
		<description>Snoopy's Reading Machine</description>
		<year>1990</year>
		<publisher>American School Publishers</publisher>
		<rom name="snoopy's reading machine iigs.woz" size="1296223" crc="4cf5f0b6" sha1="b5a0fa27cd2cb586db45c00034f7b27599f709ed" />
	</machine>
	<machine name="spaceace">
		<description>Space Ace</description>
		<year>1990</year>
		<publisher>ReadySoft</publisher>
		<rom name="space ace iigs - disk 1.woz" size="1296303" crc="c9b1d81c" sha1="01d0768fea8f9f2f6fb198ec75cf64382eaaeed7" />
		<rom name="space ace iigs - disk 2.woz" size="1296303" crc="213c7969" sha1="4f8c5a803705aa0a8856bd73295357d33277518b" />
		<rom name="space ace iigs - disk 3.woz" size="1296303" crc="5846b4eb" sha1="2556bdf9afbf627c71c589dea05030e22bb6d736" />
		<rom name="space ace iigs - disk 4.woz" size="1296303" crc="852b6729" sha1="cfd808927c36559ba0f30780dacc040c2533e656" />
		<rom name="space ace iigs - disk 5.woz" size="1296303" crc="776d76db" sha1="d1979794cbf43d6df3b8ee19abd48af229d52d17" />
		<rom name="space ace iigs - disk 6.woz" size="1296303" crc="0ad79c66" sha1="dfe7a77e8bac698f5b582940d5e88c55484e8934" />
		<rom name="space ace iigs - disk 7.woz" size="1296303" crc="7a881dee" sha1="ac37a58f8a51482480cfe8f42ec57a0393f50c31" />
		<rom name="space ace iigs - disk 8.woz" size="1296303" crc="7eb87bb0" sha1="daa9af77d0e162ba55f3d76d326582d172a135ad" />
		<rom name="space ace iigs - disk 9.woz" size="1296303" crc="8f9cbeed" sha1="f478b959ba865feead8d73220805ccfdf7b930e6" />
	</machine>
	<machine name="spquest2">
		<description>Space Quest II</description>
		<year>1988</year>
		<publisher>Sierra On-Line</publisher>
		<rom name="space quest ii iigs - disk 1.woz" size="1296282" crc="34a62868" sha1="53340223e323e9b1e56e3c82b100cfd2869799bf" />
		<rom name="space quest ii iigs - disk 2.woz" size="1296282" crc="f5cce30c" sha1="6684e98df5c3d88f44099abaeabe4b8396e0c7f3" />
	</machine>
	<machine name="spquest">
		<description>Space Quest</description>
		<year>1987</year>
		<publisher>Sierra On-Line</publisher>
		<rom name="space quest iigs - disk 1.woz" size="1296257" crc="c635790a" sha1="9bc6db1793f379838e90e0d5ab4b325e7658fb79" />
		<rom name="space quest iigs - disk 2.woz" size="1296257" crc="dc9f2e0d" sha1="49714165313ee908fc309970544659322dca1bd0" />
	</machine>
	<machine name="srvvly">
		<description>Serve and Volley</description>
		<year>1988</year>
		<publisher>Accolade</publisher>
		<rom name="serve and volley iigs.woz" size="1296733" crc="76ec3fda" sha1="f53a7e722df11e8ad5103f9da3c9f45a9848844e" />
	</machine>
	<machine name="sshockey">
		<description>Superstar Ice Hockey</description>
		<year>1988</year>
		<publisher>Mindscape</publisher>
		<rom name="superstar ice hockey iigs.woz" size="1297288" crc="e93a7c38" sha1="64a91083feca13cc2d709b235b0370d8a6afbbc1" />
	</machine>
	<machine name="starsg1">
		<description>Star Saga: One - Beyond The Boundary (Version 1.1)</description>
		<year>1987</year>
		<publisher>Masterplay Publishing Corporation</publisher>
		<rom name="star saga one iigs.woz" size="1296274" crc="e96de728" sha1="d00257002b10a75f5418e53bf96aa33df914cd2b" />
	</machine>
	<machine name="starsg2">
		<description>Star Saga: Two - The Clathran Menace</description>
		<year>1988</year>
		<publisher>MasterPlay Publishing Corporation</publisher>
		<rom name="star saga two iigs.woz" size="1296296" crc="39e1e6ee" sha1="b712121eb0a254f6ef51010371e308f11ed931b8" />
	</machine>
	<machine name="starspln">
		<description>Stars and Planets</description>
		<year>1989</year>
		<publisher>Advanced Ideas</publisher>
		<rom name="stars and planets iigs.woz" size="1345319" crc="19b5c12b" sha1="213b4477085f32423c69da5adc4d692b837a54c0" />
	</machine>
	<machine name="stckybsh">
		<description>Stickybear Shapes</description>
		<year>1988</year>
		<publisher>Optimum Resource</publisher>
		<rom name="stickybear shapes iigs.woz" size="1286466" crc="1d44fbc7" sha1="8b1c33ed774c590557bc2eff7f5758819b33092c" />
	</machine>
	<machine name="strsoccr">
		<description>Street Sports Soccer</description>
		<year>1988</year>
		<publisher>Epyx</publisher>
		<rom name="street sports soccer iigs.woz" size="1296697" crc="25b2491e" sha1="fd7231ff1fbba463fa6a0ae068b9ef37a284b64b" />
	</machine>
	<machine name="strybkwv">
		<description>Storybook Weaver</description>
		<year>1990</year>
		<publisher>MECC</publisher>
		<rom name="storybook weaver iigs - disk 1 - system.woz" size="1296282" crc="aff98402" sha1="d9eb47035807a144ea3d861c8f95ef609302329e" />
		<rom name="storybook weaver iigs - disk 2 - program.woz" size="1345435" crc="ddb0fb06" sha1="2dde4e9d2fe49fe8705bbb640a7e36542166c3ce" />
	</machine>
	<machine name="strywvmb">
		<description>Storybook Weaver: World of Make-Believe (Version 1.0)</description>
		<year>1991</year>
		<publisher>MECC</publisher>
		<rom name="storybook weaver - world of make-believe iigs - disk 1 - system.woz" size="1345417" crc="0f23663b" sha1="dc41a0641411ffee8d86c4e7342c15c11acfb8d2" />
		<rom name="storybook weaver - world of make-believe iigs - disk 2 - program.woz" size="1345418" crc="2321b1c5" sha1="5db8b0f9141a28f1e8039908549cd5bc7e8d8872" />
	</machine>
	<machine name="strywvwa">
		<description>Storybook Weaver: World of Adventure (Version 1.0)</description>
		<year>1991</year>
		<publisher>MECC</publisher>
		<rom name="storybook weaver - world of adventure iigs - disk 1 - system.woz" size="1345425" crc="34fe37e2" sha1="041e0a42c0577f5f0373b0be4c908d5d0ad1bed1" />
		<rom name="storybook weaver - world of adventure iigs - disk 2 - program.woz" size="1299346" crc="628cf0ea" sha1="1f0f71d46a71ce8b82ee24e1e1217199ff72d5f0" />
	</machine>
	<machine name="subbatl">
		<description>Sub Battle Simulator</description>
		<year>1987</year>
		<publisher>Epyx</publisher>
		<rom name="sub battle simulator iigs.woz" size="1296676" crc="aa01105f" sha1="81a3029ef72d3dde59c385a2383c545021509734" />
	</machine>
	<machine name="tarabn">
		<description>Tales From The Arabian Nights</description>
		<year>1988</year>
		<publisher>Unicorn Software</publisher>
		<rom name="tales from the arabian nights iigs - disk 1.woz" size="1296716" crc="551d0a16" sha1="b446d573570b7686a76ce7071122dd68dcfce86b" />
		<rom name="tales from the arabian nights iigs - disk 2.woz" size="1296204" crc="06407198" sha1="9c8cf68514acfa818ce6e1807e5cfa05f40d8eb2" />
	</machine>
	<machine name="taskfrce">
		<description>Task Force</description>
		<year>1990</year>
		<publisher>Britannica Software</publisher>
		<rom name="task force iigs - disk 1.woz" size="1296174" crc="ccd9125c" sha1="567c8645dc377965fcddc1a3ab077fc82986a760" />
		<rom name="task force iigs - disk 2.woz" size="1296174" crc="26a2e3a7" sha1="21aa9f4fdae6b06a2a9cdffa3b0e2138a78a4b9c" />
	</machine>
	<machine name="tasstime">
		<description>Tass Times in Tonetown</description>
		<year>1986</year>
		<publisher>Activision</publisher>
		<rom name="tass times in tonetown iigs.woz" size="1296183" crc="2b497d3e" sha1="d87988fa71bbe2f8b65f69af2eab6ed38da3952c" />
	</machine>
	<machine name="tbtarot">
		<description>Tarot</description>
		<year>1990</year>
		<publisher>Toolbox</publisher>
		<rom name="tarot iigs.woz" size="1345329" crc="14cd98c9" sha1="41efccb0166e1891b068f1ad9a072d0fb805ef7a" />
	</machine>
	<machine name="td2">
		<description>The Duel: Test Drive II</description>
		<year>1989</year>
		<publisher>Accolade</publisher>
		<rom name="the duel - test drive ii iigs - california challenge.woz" size="1296814" crc="2847a06b" sha1="c78e98465fb704d6a7f5bc3cde19d00525e10fda" />
		<rom name="the duel - test drive ii iigs - the muscle cars.woz" size="1296827" crc="ca2bcddf" sha1="546bd8f31e0cd5b2dc15d2e817fc755229fb18e7" />
		<rom name="the duel - test drive ii iigs - the supercars.woz" size="1296807" crc="f950b388" sha1="b8fe02167c33821d8a19badf157df95e639f0232" />
		<rom name="the duel - test drive ii iigs.woz" size="1296794" crc="614012e4" sha1="bb4bad896deed98d3e9b36519b392761ab96a37d" />
	</machine>
	<machine name="tetris">
		<description>Tetris</description>
		<year>1988</year>
		<publisher>Spectrum HoloByte</publisher>
		<rom name="tetris iigs.woz" size="1296252" crc="41451ff2" sha1="0ee2c36d73f575124f28defb9ec50645fb3c2902" />
	</machine>
	<machine name="thexder">
		<description>Thexder (Version 2.7)</description>
		<year>1987</year>
		<publisher>Sierra On-Line</publisher>
		<rom name="thexder iigs.woz" size="1296260" crc="98a49554" sha1="6c1389e558151f08234f25f6c0e04337e6290297" />
	</machine>
	<machine name="thrdcrir">
		<description>The Third Courier</description>
		<year>1989</year>
		<publisher>Accolade</publisher>
		<rom name="the third courier iigs - disk 1.woz" size="1296289" crc="517a7892" sha1="df7f0eb0c4985fb756701e5263c16938e8ceb55c" />
		<rom name="the third courier iigs - disk 2.woz" size="1296289" crc="6f6cbd12" sha1="e4f765378433c72f922403a9953b9e70f6b065e0" />
	</machine>
	<machine name="triango">
		<description>TrianGo</description>
		<year>1988</year>
		<publisher>California Dreams</publisher>
		<rom name="triango iigs.woz" size="1296250" crc="0bd18998" sha1="36f0a842875632f25bb8acd60bf807862a4397b6" />
	</machine>
	<machine name="tunarmg">
		<description>Tunnels of Armageddon (Version 1.0)</description>
		<year>1989</year>
		<publisher>California Dreams</publisher>
		<rom name="tunnels of armageddon iigs.woz" size="1344940" crc="5fbeadc3" sha1="3c3d99d4aea530e2eb529e085d31984e0d11dd28" />
	</machine>
	<machine name="twrmyrgl">
		<description>The Tower of Myraglen</description>
		<year>1987</year>
		<publisher>PBI Software</publisher>
		<rom name="the tower of myraglen iigs - disk 1 - start-up disk.woz" size="1296187" crc="9a571c95" sha1="359abb5dfd1150d129e90c95e501f2c89c17b62e" />
		<rom name="the tower of myraglen iigs - disk 2 - program disk.woz" size="1345338" crc="1e3a010b" sha1="a264a9be38d8ea804beea4d6b547ee25304af9df" />
	</machine>
	<machine name="uninvite">
		<description>Uninvited</description>
		<year>1988</year>
		<publisher>ICOM Simulations</publisher>
		<rom name="uninvited iigs - disk 1.woz" size="1361814" crc="07605702" sha1="ca2345614a6f90d77545eeae08b154849b4a30fb" />
		<rom name="uninvited iigs - disk 2.woz" size="1361814" crc="eee5e464" sha1="25166f40af6859bb835f63f79f61ee431e1a638e" />
	</machine>
	<machine name="vegasgmb">
		<description>Vegas Gambler</description>
		<year>1988</year>
		<publisher>California Dreams</publisher>
		<rom name="vegas gambler iigs.woz" size="1345393" crc="22e59934" sha1="be3ebd77211d45f6169e21e09c26ee4359ca0398" />
	</machine>
	<machine name="warlock">
		<description>Warlock</description>
		<year>1988</year>
		<publisher>Three-Sixty Pacific</publisher>
		<rom name="warlock iigs.woz" size="1296172" crc="b7fa22d5" sha1="79c3c37ed3f33defee66f6f757a4574302a405c4" />
	</machine>
	<machine name="warmidle">
		<description>War in Middle Earth</description>
		<year>1989</year>
		<publisher>Melbourne House</publisher>
		<rom name="war in middle earth iigs - disk 1.woz" size="1312766" crc="8fd4dacd" sha1="cdf81e6137abfd07fa5b1be89f372784730e409f" />
		<rom name="war in middle earth iigs - disk 2.woz" size="1312766" crc="a6800d26" sha1="733114ea587392bd01b7641ccc91a03ec85cc243" />
	</machine>
	<machine name="wcelite">
		<description>Writer's Choice Elite</description>
		<year>1987</year>
		<publisher>Activision</publisher>
		<rom name="writer's choice elite iigs.woz" size="1296190" crc="79eb00fe" sha1="0f38257b5012c5b07546e1484213b4246c1e434a" />
	</machine>
	<machine name="windwlkr">
		<description>Windwalker</description>
		<year>1990</year>
		<publisher>Origin Systems</publisher>
		<rom name="windwalker iigs - disk 1.woz" size="1329100" crc="e8d218f5" sha1="682fac9a00d71b0ebf5f5f75e47bd872b71cd724" />
		<rom name="windwalker iigs - disk 2.woz" size="1329100" crc="10702583" sha1="0cbbb26fd78220570cc3fdb5a48c4ccac9eaa1ab" />
	</machine>
	<machine name="wingames">
		<description>Winter Games</description>
		<year>1987</year>
		<publisher>Epyx</publisher>
		<rom name="winter games iigs.woz" size="1296641" crc="8f9c392c" sha1="79150a262cec508f188f67cc9b7e45ee1dc52405" />
	</machine>
	<machine name="wldgames">
		<description>World Games</description>
		<year>1987</year>
		<publisher>Epyx</publisher>
		<rom name="world games iigs.woz" size="1296615" crc="b8e2d858" sha1="42dade566f712f07d2cb30d03256943fe42fd1a6" />
	</machine>
	<machine name="wltrgolf">
		<description>World Tour Golf</description>
		<year>1987</year>
		<publisher>Electronic Arts</publisher>
		<rom name="world tour golf iigs.woz" size="1296185" crc="b3f3f81d" sha1="1b5b86f72a9219c07c6a421450e1bb900c81ca55" />
	</machine>
	<machine name="wndanimk">
		<description>The Wonders of the Animal Kingdom</description>
		<year>1989</year>
		<publisher>Unicorn Software</publisher>
		<rom name="the wonders of the animal kingdom iigs - disk 1.woz" size="1296707" crc="db85592f" sha1="c613731a2e880d4b99cef0acb42eaace1039ba51" />
		<rom name="the wonders of the animal kingdom iigs - disk 2.woz" size="1296195" crc="fbf4f128" sha1="383b93a32b223399e77724e08631d4c256eb4cc8" />
	</machine>
	<machine name="wordmstr">
		<description>The Word Master</description>
		<year>1989</year>
		<publisher>Unicorn Software</publisher>
		<rom name="the word master iigs.woz" size="1296684" crc="a3d0b0ff" sha1="b78e70ec3d35dea4bf06819c0940fa4e2c6736e1" />
	</machine>
	<machine name="wordpfct">
		<description>WordPerfect (Version 2.1e)</description>
		<year>1987</year>
		<publisher>WordPerfect Corporation</publisher>
		<rom name="wordperfect iigs - disk 1 - program.woz" size="1296311" crc="2650d9d0" sha1="a6e08cd2ac88548ee788c618f033e4ac719173bd" />
		<rom name="wordperfect iigs - disk 2 - word lists.woz" size="1296311" crc="9b42af92" sha1="28fb7ef3146168e1870ed4539ed4e58ab45d0559" />
		<rom name="wordperfect iigs - disk 3 - utilities.woz" size="1296311" crc="47dc3811" sha1="b613067de9e13f84042f5a736fe020a24da61a90" />
	</machine>
	<machine name="xenocide">
		<description>Xenocide</description>
		<year>1989</year>
		<publisher>Micro Revelations</publisher>
		<rom name="xenocide iigs.woz" size="1296149" crc="1fae49eb" sha1="b7105d6896f5ce270a72249cfaaa6509c60b8910" />
	</machine>
	<machine name="zanygolf">
		<description>Zany Golf</description>
		<year>1988</year>
		<publisher>Electronic Arts</publisher>
		<rom name="zany golf.woz" size="1296664" crc="eac4563c" sha1="4eae45a425ec065a35fca3955ce3d7be1da6082f" />
	</machine>
</datafile>