<?xml version="1.0" encoding="utf-8"?>
<!DOCTYPE datafile PUBLIC "-//Logiqx//DTD ROM Management Datafile//EN" "http://www.logiqx.com/Dats/datafile.dtd">
<datafile>
	<header>
		<name>c2color_cart</name>
		<description>C2 Color cartridges</description>
		<version></version>
		<author></author>
	</header>
	<machine name="darkones">
		<description>Dì 4 dàn: Ànhēi Shìlì Zài Lín</description>
		<year>2015</year>
		<publisher>Baiyi Animation</publisher>
		<rom name="darkones.bin" size="8388608" crc="d2735c91" sha1="f71c1cd300893a22e52d046bc9c489e0236c6b88" />
	</machine>
	<machine name="kingdlnd">
		<description>Dì 5 dàn: Shénmì De Lóngzú Zhī Wáng</description>
		<year>2015</year>
		<publisher>Baiyi Animation</publisher>
		<rom name="kingdlnd.bin" size="8388608" crc="1e20d906" sha1="323df1ce05ff4fc1aaefe3e0e2b929aec40cc230" />
	</machine>
</datafile>