<?xml version="1.0" encoding="utf-8"?>
<!DOCTYPE datafile PUBLIC "-//Logiqx//DTD ROM Management Datafile//EN" "http://www.logiqx.com/Dats/datafile.dtd">
<datafile>
	<header>
		<name>electron_flop</name>
		<description>Acorn Electron disks</description>
		<version></version>
		<author></author>
	</header>
	<machine name="9cardbd1">
		<description>9 Classic Card and Board Games No.1</description>
		<year>198?</year>
		<publisher>Database Publications</publisher>
		<rom name="9classiccardandboardgamesno1-adfs_e.adf" size="327680" crc="a4b8779c" sha1="316e9bc8aa4e7f9ac2f2c6794ad1e7999cd454f8" />
	</machine>
	<machine name="9cardbd2">
		<description>9 Classic Card and Board Games No.2</description>
		<year>1986</year>
		<publisher>Database Publications</publisher>
		<rom name="9classiccardandboardgamesno2-adfs_e.adf" size="327680" crc="425037ce" sha1="3ac5a733434fa79bcb5cf7bb264dc3c5fea8518d" />
	</machine>
	<machine name="abgensnr">
		<description>Answer Back - General Knowledge Senior Quiz</description>
		<year>1984</year>
		<publisher>Kosmos</publisher>
		<rom name="answerbackseniorquiz-adfs_e.adf" size="86784" crc="4689b1e1" sha1="e9aa60e57410eae2750001bf6ae44458cb45b78a" />
	</machine>
	<machine name="acheton">
		<description>Acheton</description>
		<year>1987</year>
		<publisher>Topologika</publisher>
		<rom name="acheton-dfs_e.ssd" size="137728" crc="c85395a7" sha1="41893ebff3ecdbf7efbfaa5df2b5b5596ce5aa3f" />
	</machine>
	<machine name="adfse00">
		<description>P.R.E.S. ADFS E00</description>
		<year>1987</year>
		<publisher>P.R.E.S.</publisher>
		<rom name="pres_adfs_e00-adfs_e.adf" size="327680" crc="4fcf968c" sha1="1b625588c6e50fc91cefabfa238ed7fadccc3c70" />
	</machine>
	<machine name="alps">
		<description>ALPS - Adventure Language Programming System</description>
		<year>1988</year>
		<publisher>Alpine Software</publisher>
		<rom name="alps-adfs_e.adm" size="327680" crc="d87d98ed" sha1="3fdfc69ca366bc4c2d6f1cde17ae5d3a1290b5ee" />
	</machine>
	<machine name="amxart">
		<description>AMX Art</description>
		<year>1987</year>
		<publisher>P.R.E.S.</publisher>
		<rom name="amxart-dfs_e.ssd" size="204800" crc="7316b694" sha1="5cd0f6799ea1c8e6ce6640453ecde6c457aef768" />
	</machine>
	<machine name="argcreat">
		<description>Arcade Game Creator (5.25")</description>
		<year>198?</year>
		<publisher>Database Publications</publisher>
		<rom name="argcreat35\arcadegamecreator-adfs_e.adf" size="327680" crc="730ee540" sha1="36689d570099b639e7d4df2794829cf34e50a629" />
		<rom name="arcadegamecreator-dfs_e.ssd" size="204800" crc="93d1e6a9" sha1="18c5b93ecf8f9a3268e8212ef583e5039c7033c5" />
	</machine>
	<machine name="avon">
		<description>Avon</description>
		<year>1989</year>
		<publisher>Topologika</publisher>
		<rom name="avon-dfs_e.ssd" size="76288" crc="2685ee25" sha1="6192bd912ad793243429cf05142ca14147c3a237" />
	</machine>
	<machine name="baron">
		<description>Baron</description>
		<year>1989</year>
		<publisher>Superior Software/Acornsoft</publisher>
		<rom name="baron-dfs_e.ssd" size="38400" crc="d86f7a6f" sha1="09a95c36a3d06e1fcbc900452603145912e15ff5" />
	</machine>
	<machine name="bbcmusic">
		<description>BBC Music Demo World</description>
		<year>2007</year>
		<publisher>Organ Grinder's Monkey</publisher>
		<rom name="bbc_music_demo_world-dfs_e.dsd" size="409600" crc="32f86547" sha1="1eab8e9545d27b50a98bc083bb39cd80b68ca298" />
	</machine>
	<machine name="bonecrun">
		<description>Bone Cruncher</description>
		<year>1987</year>
		<publisher>Superior Software/Acornsoft</publisher>
		<rom name="bonecruncher-dfs_e.ssd" size="102400" crc="a6a7399e" sha1="d9ec7642c9fb62855fa63d2c1bc3797afe25bc75" />
	</machine>
	<machine name="classarc">
		<description>Classic Arcade Games</description>
		<year>198?</year>
		<publisher>Database Publications</publisher>
		<rom name="classicarcadegames-adfs_e.adf" size="327680" crc="6dd95661" sha1="6e3c7b5ff078bc5b41902265686a98d606d4a5b2" />
	</machine>
	<machine name="classcomp1">
		<description>Classroom Computing Vol.1</description>
		<year>1984</year>
		<publisher>Database Publications</publisher>
		<rom name="classroomcomputing_vol1-adfs_e.adf" size="327680" crc="f96d21e3" sha1="11474868d63206b0bf8515b30180b302d9db4b4c" />
	</machine>
	<machine name="classcomp2">
		<description>Classroom Computing Vol.2</description>
		<year>1984</year>
		<publisher>Database Publications</publisher>
		<rom name="classroomcomputing_vol2-adfs_e.adf" size="163840" crc="042f5765" sha1="63e85184e7623b93e3b52c2e280d91bb77c5be6a" />
	</machine>
	<machine name="codedro">
		<description>Codename: Droid</description>
		<year>1987</year>
		<publisher>Superior Software/Acornsoft</publisher>
		<rom name="codenamedroid-adfs_e.adf" size="327680" crc="667f5482" sha1="e02c5d1be060c4d7bf5593469cdb71b04db3a05e" />
	</machine>
	<machine name="crazeeri">
		<description>Crazee Rider</description>
		<year>1987</year>
		<publisher>Superior Software/Acornsoft</publisher>
		<rom name="crazeerider-adfs_e.adf" size="327680" crc="11c1c183" sha1="04f7d28aeeef8504c83d8035a8f77e3ed8f9fab9" />
	</machine>
	<machine name="ctodoomt">
		<description>Countdown to Doom</description>
		<year>1987</year>
		<publisher>Topologika</publisher>
		<rom name="countdowntodoom-dfs_e.ssd" size="66816" crc="80b89eb0" sha1="2dc872802a275759b015ddcda256d30aae61ccfe" />
	</machine>
	<machine name="database">
		<description>Database</description>
		<year>1984</year>
		<publisher>Acornsoft</publisher>
		<rom name="database-adfs_e.adf" size="327680" crc="14e529e6" sha1="a90fb1710599fea119c233500c56c327afb7940e" />
	</machine>
	<machine name="dfse00">
		<description>Advanced Electron DFS E00</description>
		<year>1986</year>
		<publisher>Advanced Computer Products</publisher>
		<rom name="acp_dfs_e00-adfs_e.adf" size="327680" crc="4f2910a6" sha1="704196274014bd27c337403e6b16e8c7e9a4b711" />
	</machine>
	<machine name="dreamtim">
		<description>Dreamtime</description>
		<year>1988</year>
		<publisher>Heyley Software</publisher>
		<rom name="dreamtime-adfs_e.adf" size="327680" crc="67e5449d" sha1="4e9827611eba0cb2447b27c9ec49868991846763" />
	</machine>
	<machine name="e2p">
		<description>E2P Operating System (Disk)</description>
		<year>1986</year>
		<publisher>Permanent Memory Systems</publisher>
		<rom name="pmse2p-adfs_e.adf" size="327680" crc="ba456694" sha1="7c29331f5e16ac88134e772999a2c15a642e0de1" />
	</machine>
	<machine name="e2pbasic">
		<description>E2P Hi-Basic</description>
		<year>1986</year>
		<publisher>Permanent Memory Systems</publisher>
		<rom name="pms_hi-basic-adfs_e.adf" size="327680" crc="370de8fe" sha1="bf5dcace99d386d939be9323b17cc9660a7cce2c" />
	</machine>
	<machine name="egghead">
		<description>Egghead in Space</description>
		<year>2004</year>
		<publisher>Cronosoft</publisher>
		<rom name="eggheadinspace-dfs_e.ssd" size="204800" crc="2b6b2898" sha1="6032eddce98e4a0b16ea410464f0d0b2ea46e7b6" />
	</machine>
	<machine name="elixir">
		<description>Elixir</description>
		<year>1987</year>
		<publisher>Superior Software/Acornsoft</publisher>
		<rom name="elixir-adfs_e.adf" size="327680" crc="a6f407e5" sha1="57bdce7e091ccb1e415d42d463dace5662d570d3" />
	</machine>
	<machine name="enthar7">
		<description>Enthar Seven</description>
		<year>1986</year>
		<publisher>Robico</publisher>
		<rom name="enthar7-dfs_e.ssd" size="204800" crc="cbbbfc7d" sha1="671c969e10f8e27b704359dd3b38576f36eb323b" />
	</machine>
	<machine name="eug00">
		<description>Electron User Group #00 (3.5")</description>
		<year>1991</year>
		<publisher>E.U.G.</publisher>
		<rom name="eug00d\eug00-dfs_e.dsd" size="409600" crc="634eaa95" sha1="46fa0edc770e654bc00ab9dc37f9d1ef696da926" />
		<rom name="eug00-adfs_e.adm" size="327680" crc="4740034e" sha1="f490213581c04d7dcf71ba67202060edeb3c8df5" />
	</machine>
	<machine name="eug01">
		<description>Electron User Group #01 (3.5")</description>
		<year>1991</year>
		<publisher>E.U.G.</publisher>
		<rom name="eug01d\eug01-dfs_e.dsd" size="409600" crc="5dc20000" sha1="76a50e7a88a958049b0d17039fd450435a96f124" />
		<rom name="eug01-adfs_e.adm" size="327680" crc="c88aa2cc" sha1="e0241b8efb8db79aa1b2198dc8cb0da7ce1f1636" />
	</machine>
	<machine name="eug02">
		<description>Electron User Group #02 (3.5")</description>
		<year>1991</year>
		<publisher>E.U.G.</publisher>
		<rom name="eug02d\eug02-dfs_e.dsd" size="409600" crc="a544cafe" sha1="8eb3003d10bc2da016c285b87ac18ebd544c9d3b" />
		<rom name="eug02-adfs_e.adm" size="327680" crc="7183e0aa" sha1="a14ef8e51dd657aa68e91239f5ac1a28630001af" />
	</machine>
	<machine name="eug03">
		<description>Electron User Group #03 (3.5")</description>
		<year>1992</year>
		<publisher>E.U.G.</publisher>
		<rom name="eug03d\eug03-dfs_e.dsd" size="409600" crc="f5a038b3" sha1="b7b86081955e0f6afad00231d7c06b016b0f14b7" />
		<rom name="eug03-adfs_e.adm" size="327680" crc="23dcd1ee" sha1="f56dd7eeea3d6cc909cf74ce4460de96474d2432" />
	</machine>
	<machine name="eug04">
		<description>Electron User Group #04 (3.5")</description>
		<year>1992</year>
		<publisher>E.U.G.</publisher>
		<rom name="eug04d\eug04-dfs_e.dsd" size="409600" crc="44443e50" sha1="5595d20e332f6e2346520685e6598342c688af19" />
		<rom name="eug04-adfs_e.adm" size="327680" crc="582e6244" sha1="7bda20012b374bad4c5616cc59ecc6308a8a47e8" />
	</machine>
	<machine name="eug05">
		<description>Electron User Group #05 (3.5")</description>
		<year>1992</year>
		<publisher>E.U.G.</publisher>
		<rom name="eug05d\eug05-dfs_e.dsd" size="409600" crc="9ef25d40" sha1="aaf2b7d3049d92d4b5b8c201c7a7aee8d2a9125b" />
		<rom name="eug05-adfs_e.adm" size="327680" crc="75b230f4" sha1="7c576854b68e6ff9dd3342fc222b26cf869b4c98" />
	</machine>
	<machine name="eug06">
		<description>Electron User Group #06 (3.5")</description>
		<year>1992</year>
		<publisher>E.U.G.</publisher>
		<rom name="eug06d\eug06-dfs_e.dsd" size="409600" crc="b9e11b3a" sha1="8d4c3c1b17921ad6e274e5c0f6f1b7b33f783bb4" />
		<rom name="eug06-adfs_e.adm" size="327680" crc="0f93e2f4" sha1="53d97babb475dcd11ff418a998a21a49e6afb398" />
	</machine>
	<machine name="eug07">
		<description>Electron User Group #07 (3.5")</description>
		<year>1992</year>
		<publisher>E.U.G.</publisher>
		<rom name="eug07d\eug07-dfs_e.dsd" size="409600" crc="2870b1e8" sha1="97ba97e1d328c0196e06c73cb4707bf7e1a91df0" />
		<rom name="eug07-adfs_e.adm" size="327680" crc="0893a33c" sha1="25410596e4d2c79b09e3ef0ff2b9cbec373b0c45" />
	</machine>
	<machine name="eug08">
		<description>Electron User Group #08 (3.5")</description>
		<year>1993</year>
		<publisher>E.U.G.</publisher>
		<rom name="eug08d\eug08-dfs_e.dsd" size="409600" crc="0492b7dc" sha1="42308c74985ed546fe1219361a5b7bbbd1ecf085" />
		<rom name="eug08-adfs_e.adm" size="327680" crc="975081c0" sha1="5df40bbce6ad50df548ac2c18f304c1b64b0a5b2" />
	</machine>
	<machine name="eug09">
		<description>Electron User Group #09 (3.5")</description>
		<year>1993</year>
		<publisher>E.U.G.</publisher>
		<rom name="eug09d\eug09-dfs_e.dsd" size="409600" crc="cd02060f" sha1="06bb44a7f302ae8f348730f11f0ea771d7f2a67c" />
		<rom name="eug09-adfs_e.adm" size="327680" crc="c692fd87" sha1="ec3264586f02d779b9599b966724805fc66790fb" />
	</machine>
	<machine name="eug10">
		<description>Electron User Group #10 (3.5")</description>
		<year>1993</year>
		<publisher>E.U.G.</publisher>
		<rom name="eug10d\eug10-dfs_e.dsd" size="409600" crc="fa750dc8" sha1="492ef78747d6b2914f2f9300c9c91ca65959f253" />
		<rom name="eug10-adfs_e.adf" size="327680" crc="81aece86" sha1="af32dd473f9dddb1d4bbeeb14531ffe89dec7527" />
	</machine>
	<machine name="eug11">
		<description>Electron User Group #11 (3.5")</description>
		<year>1993</year>
		<publisher>E.U.G.</publisher>
		<rom name="eug11d\eug11-dfs_e.dsd" size="409600" crc="f1218c77" sha1="cc537658a8cd4ebe121bd1f00dba91ee9d44ebd3" />
		<rom name="eug11-adfs_e.adm" size="327680" crc="48bc3d92" sha1="07c7af3781474ee070b6de5df58b11b5328b3dba" />
	</machine>
	<machine name="eug12">
		<description>Electron User Group #12 (3.5")</description>
		<year>1994</year>
		<publisher>E.U.G.</publisher>
		<rom name="eug12d\eug12-dfs_e.dsd" size="409600" crc="768ae3db" sha1="21d476b7eb3eceb1302a2becbf79c61db4dd9c33" />
		<rom name="eug12-adfs_e.adm" size="327680" crc="23b0a6e2" sha1="398a4e27c5e56fdde5dcc516a8e99a84eff99afa" />
	</machine>
	<machine name="eug13">
		<description>Electron User Group #13 (3.5")</description>
		<year>1994</year>
		<publisher>E.U.G.</publisher>
		<rom name="eug13d\eug13-dfs_e.dsd" size="409600" crc="c2635188" sha1="9424dec994ba64aab6de708186b75561d0aa0df3" />
		<rom name="eug13-adfs_e.adm" size="327680" crc="f563737e" sha1="a503691cd455ba0039b1bd7be5319823cf8af0f3" />
	</machine>
	<machine name="eug14">
		<description>Electron User Group #14 (3.5")</description>
		<year>1994</year>
		<publisher>E.U.G.</publisher>
		<rom name="eug14d\eug14-dfs_e.dsd" size="409600" crc="ac86655d" sha1="04c5ccae88708f46e36e8cb24faa8a02c5e27b8d" />
		<rom name="eug14-adfs_e.adm" size="327680" crc="f779d137" sha1="c761cfc7af876c2a8d927a5167de822cf4948bda" />
	</machine>
	<machine name="eug15">
		<description>Electron User Group #15 (3.5")</description>
		<year>1994</year>
		<publisher>E.U.G.</publisher>
		<rom name="eug15d\eug15-dfs_e.dsd" size="409600" crc="ef2cada6" sha1="43e5c0e6b75db29827b2b3d1b7c1bf53d01ab31a" />
		<rom name="eug15-adfs_e.adm" size="327680" crc="c88bb350" sha1="9cfbd3da8717c0c420bad302da4f95e6e3b0fbbb" />
	</machine>
	<machine name="eug16">
		<description>Electron User Group #16 (3.5")</description>
		<year>1994</year>
		<publisher>E.U.G.</publisher>
		<rom name="eug16d\eug16-dfs_e.dsd" size="409600" crc="7af78d3d" sha1="2cf4a1944a3bc1262400cc3bc934b66d535a0604" />
		<rom name="eug16-adfs_e.adm" size="327680" crc="79f77d2a" sha1="4a6733504baf7eb7220b5bc5b8ce399474a801eb" />
	</machine>
	<machine name="eug17">
		<description>Electron User Group #17 (3.5")</description>
		<year>1994</year>
		<publisher>E.U.G.</publisher>
		<rom name="eug17d\eug17-dfs_e.dsd" size="409600" crc="b844b58d" sha1="75fc9d54000f558c8ef73ff8d02eafa1d1c35b72" />
		<rom name="eug17-adfs_e.adm" size="327680" crc="b3d12948" sha1="bc6fd15c12569ece9c3ee8326e3ce852c958bccf" />
	</machine>
	<machine name="eug18">
		<description>Electron User Group #18 (3.5")</description>
		<year>1995</year>
		<publisher>E.U.G.</publisher>
		<rom name="eug18d\eug18-dfs_e.dsd" size="409600" crc="4183b2fe" sha1="2102c4964f33a0c74d79a7a0824b951c59785ed4" />
		<rom name="eug18-adfs_e.adm" size="327680" crc="5836ed85" sha1="cb1724ede0b0a49c059f3090dfdb022e3534d46f" />
	</machine>
	<machine name="eug19">
		<description>Electron User Group #19 (3.5")</description>
		<year>1995</year>
		<publisher>E.U.G.</publisher>
		<rom name="eug19d\eug19-dfs_e.dsd" size="409600" crc="3d21f62f" sha1="c0a6e6ad37ed9c729c6b9a62868fca2ba98aea45" />
		<rom name="eug19-adfs_e.adm" size="327680" crc="35e99e94" sha1="70d40fb376abf398b084aeab9e5f53707905cdbf" />
	</machine>
	<machine name="eug20">
		<description>Electron User Group #20 (3.5")</description>
		<year>1995</year>
		<publisher>E.U.G.</publisher>
		<rom name="eug20d\eug20-dfs_e.dsd" size="409600" crc="422a22db" sha1="3731c347b5718ce23d75ec5c68e4029d882b1392" />
		<rom name="eug20-adfs_e.adm" size="327680" crc="8e49a4e0" sha1="3e45590a628b7ba2dc663c900fe6d12f46d0276a" />
	</machine>
	<machine name="eug21">
		<description>Electron User Group #21 (3.5")</description>
		<year>1995</year>
		<publisher>E.U.G.</publisher>
		<rom name="eug21d\eug21a-dfs_e.dsd" size="409600" crc="2a2c9bfd" sha1="215263e9581793ac872a8ba7b6b356597ad8b960" />
		<rom name="eug21d\eug21b-dfs_e.dsd" size="409600" crc="057cc376" sha1="92dd2614eec5e104c0021eb74df3cd1c86a8f225" />
		<rom name="eug21d\eug21c-dfs_e.dsd" size="409600" crc="526837c1" sha1="9bab106933fa859633dc08227eb38fe80bc02e2a" />
		<rom name="eug21a-adfs_e.adm" size="327680" crc="976e8253" sha1="bfd50a79bab5b3027de2ace13a1fff847e5a5eca" />
		<rom name="eug21b-adfs_e.adm" size="327680" crc="c4c0d47a" sha1="2f382946ae07514aff952a3ca1915f56f7f3ffac" />
		<rom name="eug21c-adfs_e.adm" size="327680" crc="5b11bb25" sha1="faaa66492b1ec2bb18e367b82e0ebaf837ac51f5" />
	</machine>
	<machine name="eug22">
		<description>Electron User Group #22 (3.5")</description>
		<year>1995</year>
		<publisher>E.U.G.</publisher>
		<rom name="eug22d\eug22-dfs_e.dsd" size="409600" crc="f65b405d" sha1="a72317277626ef01f423ee28f3c1258e95179b24" />
		<rom name="eug22-adfs_e.adm" size="327680" crc="489bc91c" sha1="ed35a3d364d7931cc9bec21dbf33a8cf5ef9f8d5" />
	</machine>
	<machine name="eug23">
		<description>Electron User Group #23 (3.5")</description>
		<year>1995</year>
		<publisher>E.U.G.</publisher>
		<rom name="eug23d\eug23-dfs_e.dsd" size="409600" crc="a4435fb1" sha1="00bedd0f2d00be81e2ebd28a5c118f66eaf35aa2" />
		<rom name="eug23-adfs_e.adm" size="327680" crc="e0891b3d" sha1="029b2f6a796101f111bb8d9b0644345f0200d73d" />
	</machine>
	<machine name="eug24">
		<description>Electron User Group #24 (3.5")</description>
		<year>1996</year>
		<publisher>E.U.G.</publisher>
		<rom name="eug24d\eug24-dfs_e.dsd" size="409600" crc="ea15813b" sha1="9fad5440c43e6d65638ca54018ea96af920f7b45" />
		<rom name="eug24-adfs_e.adm" size="327680" crc="8e598e9c" sha1="2dbf77c95a7013ec345eaf57ac698a45f4daa4aa" />
	</machine>
	<machine name="eug25">
		<description>Electron User Group #25 (3.5")</description>
		<year>1996</year>
		<publisher>E.U.G.</publisher>
		<rom name="eug25d\eug25-dfs_e.dsd" size="409600" crc="977a74e9" sha1="578119425a62d33f448b2b2c0bf8b835d1aed5c2" />
		<rom name="eug25-adfs_e.adm" size="327680" crc="60eb9705" sha1="fd5c5f9a30456a12eb1518b01096ebf6ea41fc0d" />
	</machine>
	<machine name="eug26">
		<description>Electron User Group #26 (3.5")</description>
		<year>1996</year>
		<publisher>E.U.G.</publisher>
		<rom name="eug26d\eug26-dfs_e.dsd" size="409600" crc="db5df507" sha1="107096d1dfbe9a657804b598fbb78fb485a7891d" />
		<rom name="eug26-adfs_e.adm" size="327680" crc="b3e71512" sha1="9f2dcfa9ab34e3bc7355225a25938384e69e9f61" />
	</machine>
	<machine name="eug27">
		<description>Electron User Group #27 (3.5")</description>
		<year>1996</year>
		<publisher>E.U.G.</publisher>
		<rom name="eug27d\eug27-dfs_e.dsd" size="409600" crc="5fefa4e6" sha1="86115433b86808860695c053c3e1e3552f8fcf4e" />
		<rom name="eug27-adfs_e.adm" size="327680" crc="031f778e" sha1="c6cb8c8baa3fe6fdf452d1e248e8cc6103c5d184" />
	</machine>
	<machine name="eug28">
		<description>Electron User Group #28 (3.5")</description>
		<year>1996</year>
		<publisher>E.U.G.</publisher>
		<rom name="eug28d\eug28-dfs_e.dsd" size="409600" crc="18d5427c" sha1="beae565d47a8aca6a0f66e5ce2025cee65c92a24" />
		<rom name="eug28-adfs_e.adm" size="327680" crc="262049db" sha1="68c40fa3e6729bd0106b939b46ebf717c97ae945" />
	</machine>
	<machine name="eug29">
		<description>Electron User Group #29 (3.5")</description>
		<year>1996</year>
		<publisher>E.U.G.</publisher>
		<rom name="eug29d\eug29-dfs_e.dsd" size="409600" crc="5722978c" sha1="9cb7e1b42bd6ecc756e0ccc9b3efea119ea0bfa6" />
		<rom name="eug29-adfs_e.adf" size="327680" crc="b79dfb85" sha1="5d78e0b086c17337fb71dc6bff965e078478d9d4" />
	</machine>
	<machine name="eug30">
		<description>Electron User Group #30 (3.5")</description>
		<year>1997</year>
		<publisher>E.U.G.</publisher>
		<rom name="eug30d\eug30-dfs_e.dsd" size="409600" crc="a5c93259" sha1="4c54f2b80dae8e86c04a4fa7ab460793f7110afd" />
		<rom name="eug30-adfs_e.adm" size="327680" crc="52dba14a" sha1="406c7623410a79455121d6b9bcb26e8b6bc66843" />
	</machine>
	<machine name="eug31">
		<description>Electron User Group #31 (3.5")</description>
		<year>1997</year>
		<publisher>E.U.G.</publisher>
		<rom name="eug31d\eug31-dfs_e.dsd" size="409600" crc="ccd96dfd" sha1="6ef23d4727cd80d951591a2f42d41213215706ee" />
		<rom name="eug31-adfs_e.adm" size="327680" crc="2bf82f9a" sha1="df9d4ec4838932c249870b6bb4357bfc926dc740" />
	</machine>
	<machine name="eug32">
		<description>Electron User Group #32 (3.5")</description>
		<year>1997</year>
		<publisher>E.U.G.</publisher>
		<rom name="eug32d\eug32-dfs_e.dsd" size="409600" crc="961286e3" sha1="bb482985d4fa0e7bbf3cc7326eb7c425666bf0c7" />
		<rom name="eug32-adfs_e.adm" size="327680" crc="a94ab4a3" sha1="081103e7db38e37060c54dfc65a1f75daf833eff" />
	</machine>
	<machine name="eug33">
		<description>Electron User Group #33 (3.5")</description>
		<year>1997</year>
		<publisher>E.U.G.</publisher>
		<rom name="eug33d\eug33-dfs_e.dsd" size="409600" crc="00047bd9" sha1="fdfa42b978bf4748a8bb041da0586577df908fe8" />
		<rom name="eug33-adfs_e.adf" size="327680" crc="f59e6869" sha1="621e303427d9af758148d25f9bc07c2204ea05d4" />
	</machine>
	<machine name="eug34">
		<description>Electron User Group #34 (3.5")</description>
		<year>1997</year>
		<publisher>E.U.G.</publisher>
		<rom name="eug34d\eug34-dfs_e.dsd" size="409600" crc="1b679dbe" sha1="f0a7c0cedb4d0d32734a6ab15ff0599b3be2f602" />
		<rom name="eug34-adfs_e.adf" size="327680" crc="6f6e5dce" sha1="3083b46f4981baabe6226e6bfdb6316105abbed1" />
	</machine>
	<machine name="eug35">
		<description>Electron User Group #35 (3.5")</description>
		<year>1997</year>
		<publisher>E.U.G.</publisher>
		<rom name="eug35d\eug35-dfs_e.dsd" size="409600" crc="42100a1a" sha1="0e4aad4719f85aa5151a6696287ee74b6c4bb50c" />
		<rom name="eug35-adfs_e.adm" size="327680" crc="c3128438" sha1="a429eee99e4897335c3803f403ef83668abc7014" />
	</machine>
	<machine name="eug36">
		<description>Electron User Group #36 (3.5")</description>
		<year>1998</year>
		<publisher>E.U.G.</publisher>
		<rom name="eug36d\eug36-dfs_e.dsd" size="409600" crc="459b5996" sha1="54dfc1e2de4660669412275bd88a59b7857f4d6b" />
		<rom name="eug36-adfs_e.adm" size="327680" crc="ee1d86c0" sha1="e752e9ef6941c70b60f755088fb20d287e9839ca" />
	</machine>
	<machine name="eug37">
		<description>Electron User Group #37 (3.5")</description>
		<year>1998</year>
		<publisher>E.U.G.</publisher>
		<rom name="eug37d\eug37-dfs_e.dsd" size="409600" crc="3a93906b" sha1="08179e41a784141a46fef7f1cbe9f3cbb0d8b1b9" />
		<rom name="eug37-adfs_e.adf" size="327680" crc="ea443e37" sha1="fd738688da3eb774db367f9f3f1291ccea447ba6" />
	</machine>
	<machine name="eug38">
		<description>Electron User Group #38 (3.5")</description>
		<year>1998</year>
		<publisher>E.U.G.</publisher>
		<rom name="eug38d\eug38-dfs_e.dsd" size="409600" crc="a90ce642" sha1="394e78d74e505db29249c7d3ea4f49707cba35e8" />
		<rom name="eug38-adfs_e.adm" size="327680" crc="2834da9b" sha1="c2e63b880af59994563fe1deb873d59edc65d0fb" />
	</machine>
	<machine name="eug39">
		<description>Electron User Group #39 (3.5")</description>
		<year>1998</year>
		<publisher>E.U.G.</publisher>
		<rom name="eug39d\eug39-dfs_e.dsd" size="409600" crc="44047d34" sha1="5c79856aa3f2c7e277befffc268b3ec5ddab4976" />
		<rom name="eug39-adfs_e.adm" size="327680" crc="5610df83" sha1="635f9ac634d8f5ec7c44efeca6b876d9f9adc9f2" />
	</machine>
	<machine name="eug40">
		<description>Electron User Group #40 (3.5")</description>
		<year>1998</year>
		<publisher>E.U.G.</publisher>
		<rom name="eug40d\eug40-dfs_e.dsd" size="409600" crc="0846ddf4" sha1="10cc8323a1c81b2830a7dc36b9c3ef82bc0ab925" />
		<rom name="eug40-adfs_e.adm" size="327680" crc="2d434783" sha1="6468062b255070c088faedc183da1441996a5d7d" />
	</machine>
	<machine name="eug41">
		<description>Electron User Group #41 (3.5")</description>
		<year>1998</year>
		<publisher>E.U.G.</publisher>
		<rom name="eug41d\eug41-dfs_e.dsd" size="409600" crc="d591c38c" sha1="8e8e334f05f3f65a35933d70544a1ede6b18ab48" />
		<rom name="eug41-adfs_e.adf" size="327680" crc="67529ec8" sha1="390b5e990aa2a7620101fc86fcbcba4df61cacef" />
	</machine>
	<machine name="eug42">
		<description>Electron User Group #42 (3.5")</description>
		<year>1999</year>
		<publisher>E.U.G.</publisher>
		<rom name="eug42d\eug42.ssd" size="204800" crc="2f0c398f" sha1="9b8e4375a39587024443b69aded2b468fe2044b3" />
		<rom name="eug42-adfs_e.adm" size="327680" crc="1e62f7f9" sha1="aa7be72517733346210a6426d0273aff206da65f" />
	</machine>
	<machine name="eug43_44">
		<description>Electron User Group #43/#44 (3.5")</description>
		<year>1999</year>
		<publisher>E.U.G.</publisher>
		<rom name="eug43_44d\eug43a44-dfs_e.dsd" size="409600" crc="2828094f" sha1="9162107e2f5eabb0394d6f2675e3a6646e9c79ba" />
		<rom name="eug43a44-adfs_e.adm" size="327680" crc="1ba16ac2" sha1="4bc42e457c72c821fda5ef9a63d48c39b0693fcb" />
	</machine>
	<machine name="eug45">
		<description>Electron User Group #45 (3.5")</description>
		<year>1999</year>
		<publisher>E.U.G.</publisher>
		<rom name="eug45d\eug45-dfs_e.dsd" size="409600" crc="ef191a48" sha1="8849be0154f05565a7aa98b65da79350ed4d3c68" />
		<rom name="eug45-adfs_e.adf" size="327680" crc="da5d1965" sha1="d12be02c36dc83214431570c97c91da226783433" />
	</machine>
	<machine name="eug46">
		<description>Electron User Group #46 (3.5")</description>
		<year>1999</year>
		<publisher>E.U.G.</publisher>
		<rom name="eug46d\eug46-dfs_e.dsd" size="409600" crc="2b190bfd" sha1="e8953f005b63060e3956059ff541266b1e0a6de0" />
		<rom name="eug46-adfs_e.adf" size="327680" crc="0b2b8091" sha1="91c478b242b6770f5e4a079200badceecdf39c66" />
	</machine>
	<machine name="eug47">
		<description>Electron User Group #47 (3.5")</description>
		<year>2000</year>
		<publisher>E.U.G.</publisher>
		<rom name="eug47d\eug47-dfs_e.dsd" size="409600" crc="8c82041e" sha1="f827e59d013b910469f0d6ab94fab62f99e38340" />
		<rom name="eug47-adfs_e.adf" size="327680" crc="c0d85427" sha1="6d83d56b71b5745328ba1b238f742a0107ee7849" />
	</machine>
	<machine name="eug48">
		<description>Electron User Group #48 (3.5")</description>
		<year>2000</year>
		<publisher>E.U.G.</publisher>
		<rom name="eug48d\eug48-dfs_e.dsd" size="409600" crc="30732de9" sha1="a34170f06da0f1ef3dc37bb939cb9c64857a0121" />
		<rom name="eug48-adfs_e.adf" size="327680" crc="305509f0" sha1="456397bc0a42d01d7ef32fefbb1e18a87d342253" />
	</machine>
	<machine name="eug49">
		<description>Electron User Group #49 (3.5")</description>
		<year>2000</year>
		<publisher>E.U.G.</publisher>
		<rom name="eug49d\eug49-dfs_e.dsd" size="409600" crc="fc48af08" sha1="9cc7f7168d25b8efda7205de336fd969643a0c30" />
		<rom name="eug49-adfs_e.adf" size="327680" crc="e1ac5b94" sha1="abfe757fa476c76f23c2a5ecbfb85766ec431ab3" />
	</machine>
	<machine name="eug50">
		<description>Electron User Group #50 (3.5")</description>
		<year>2000</year>
		<publisher>E.U.G.</publisher>
		<rom name="eug50d\eug50-dfs_e.dsd" size="409600" crc="43a2281d" sha1="f8dafb77fdb70e94d8799618d50a0a72d5421a38" />
		<rom name="eug50-adfs_e.adf" size="327680" crc="e0356521" sha1="a63a769abd8ccfc99292d53ea63a4664c780425d" />
	</machine>
	<machine name="eug51">
		<description>Electron User Group #51 (3.5")</description>
		<year>2000</year>
		<publisher>E.U.G.</publisher>
		<rom name="eug51d\eug51-dfs_e.dsd" size="409600" crc="f3f33ab2" sha1="054f3c08fd01a6c29782fbff4a567becb3f06735" />
		<rom name="eug51-adfs_e.adf" size="327680" crc="fdca6ecc" sha1="a51eab375275cb8a83e839fb6ad81c9a272ed703" />
	</machine>
	<machine name="eug52">
		<description>Electron User Group #52 (3.5")</description>
		<year>2000</year>
		<publisher>E.U.G.</publisher>
		<rom name="eug52d\eug52-dfs_e.dsd" size="409600" crc="99b705e5" sha1="c024c30e605091f1401b5badf73da256fac7e001" />
		<rom name="eug52-adfs_e.adf" size="327680" crc="0f5edcc1" sha1="d791b0c10c5a7429b49aaa78f1f3d71a56cf174a" />
	</machine>
	<machine name="eug53">
		<description>Electron User Group #53 (3.5")</description>
		<year>2000</year>
		<publisher>E.U.G.</publisher>
		<rom name="eug53d\eug53-dfs_e.dsd" size="409600" crc="95edd7d6" sha1="c9dfd72506280741df7b64db51a657f66567ec8f" />
		<rom name="eug53-adfs_e.adf" size="327680" crc="a475842f" sha1="40625793a26410de1e11e9a8fa7d109df555cbdd" />
	</machine>
	<machine name="eug54">
		<description>Electron User Group #54 (3.5")</description>
		<year>2000</year>
		<publisher>E.U.G.</publisher>
		<rom name="eug54d\eug54-dfs_e.dsd" size="409600" crc="a917561b" sha1="92d4c6cc85463ea524f35067c7d8b70dd0b1379d" />
		<rom name="eug54-adfs_e.adf" size="327680" crc="edf5e56e" sha1="404cd6816031a64469389ede117f0b8c30e515d4" />
	</machine>
	<machine name="eug55">
		<description>Electron User Group #55 (3.5")</description>
		<year>2000</year>
		<publisher>E.U.G.</publisher>
		<rom name="eug55d\eug55-dfs_e.dsd" size="409600" crc="7ba2e7b2" sha1="38c78ddbf19b8cee1f5b563ffdd7b1abe6dcc0ef" />
		<rom name="eug55-adfs_e.adf" size="327680" crc="ce6f0c16" sha1="d1be66c7a50921a880a38dc92046fbf906b3b4d1" />
	</machine>
	<machine name="eug56">
		<description>Electron User Group #56 (3.5")</description>
		<year>2001</year>
		<publisher>E.U.G.</publisher>
		<rom name="eug56d\eug56-dfs_e.dsd" size="409600" crc="fd4375e1" sha1="82734e3db0acac2b74e53339a65cc582533d811b" />
		<rom name="eug56-adfs_e.adf" size="327680" crc="f2c49d81" sha1="c14e47e9586d262dbf5208fcf4d51742ba7ae17b" />
	</machine>
	<machine name="eug57">
		<description>Electron User Group #57 (3.5")</description>
		<year>2001</year>
		<publisher>E.U.G.</publisher>
		<rom name="eug57d\eug57-dfs_e.dsd" size="409600" crc="22bf0a8e" sha1="d8ac6baab4aefa640579af2b1906183fab208713" />
		<rom name="eug57-adfs_e.adf" size="327680" crc="d1affeb3" sha1="27a55185d7d803013d5b5f19b1707ec2bc6d8ec0" />
	</machine>
	<machine name="eug58">
		<description>Electron User Group #58 (3.5")</description>
		<year>2001</year>
		<publisher>E.U.G.</publisher>
		<rom name="eug58d\eug58-dfs_e.dsd" size="409600" crc="328e56cc" sha1="2a6463d4508510fce7db7309fbf1dc67e516cef3" />
		<rom name="eug58-adfs_e.adf" size="327680" crc="7d9bfb12" sha1="e9166bc7f2dd6975e46284fe8ac64e03cf8649b8" />
	</machine>
	<machine name="eug59">
		<description>Electron User Group #59 (3.5")</description>
		<year>2001</year>
		<publisher>E.U.G.</publisher>
		<rom name="eug59d\eug59-dfs_e.dsd" size="409600" crc="451f108a" sha1="9d5cb9aaa9479341730325bdcf72df3e4d4ed70c" />
		<rom name="eug59-adfs_e.adf" size="327680" crc="4bde890a" sha1="0a16ddd6e7fb2f449a74cc6d6e6c4d69acf4e9bc" />
	</machine>
	<machine name="eug60">
		<description>Electron User Group #60 (3.5")</description>
		<year>2001</year>
		<publisher>E.U.G.</publisher>
		<rom name="eug60d\eug60-dfs_e.dsd" size="409600" crc="6a8192f9" sha1="a33c1e641f76ec5e0ccc1387ef6fc78d8edfe318" />
		<rom name="eug60-adfs_e.adf" size="327680" crc="d284acb3" sha1="8436e13c9115538f8a0b76621599b8e999a55f97" />
	</machine>
	<machine name="eug61">
		<description>Electron User Group #61 (3.5")</description>
		<year>2001</year>
		<publisher>E.U.G.</publisher>
		<rom name="eug61d\eug61-dfs_e.dsd" size="409600" crc="18055da5" sha1="1653fe39c39f31917e4f050d0f9f1b5e387cc230" />
		<rom name="eug61-adfs_e.adf" size="327680" crc="5fd813c5" sha1="283f35e0f59afc936084cfe13033f759d2df38dc" />
	</machine>
	<machine name="eug62">
		<description>Electron User Group #62 (3.5")</description>
		<year>2002</year>
		<publisher>E.U.G.</publisher>
		<rom name="eug62d\eug62-dfs_e.dsd" size="409600" crc="4b68c7c8" sha1="4ff011ecee9a039596e20e081d5d73c7e8893a48" />
		<rom name="eug62-adfs_e.adf" size="327680" crc="7eb2d4c0" sha1="af149ecb6a1925e691310cfa45a7931076cc01b7" />
	</machine>
	<machine name="eug63">
		<description>Electron User Group #63 (3.5")</description>
		<year>2003</year>
		<publisher>E.U.G.</publisher>
		<rom name="eug63d\eug63-dfs_e.dsd" size="409600" crc="80ce6698" sha1="75b9fb586e800a8523288f81ee644f89d9279a8b" />
		<rom name="eug63-adfs_e.adf" size="327680" crc="3af73966" sha1="dd705c947e5b8643626a93e458293036a6e95758" />
	</machine>
	<machine name="eug64">
		<description>Electron User Group #64 (3.5")</description>
		<year>2003</year>
		<publisher>E.U.G.</publisher>
		<rom name="eug64d\eug64-dfs_e.dsd" size="409600" crc="2e7bb30d" sha1="a023e6d36f3382850481a5444db91e8e3869e4f6" />
		<rom name="eug64-adfs_e.adf" size="327680" crc="25e82d8c" sha1="02fc1710bcb6c7a4cd8996c9a29733d460b8a2c6" />
	</machine>
	<machine name="eug65">
		<description>Electron User Group #65 (3.5")</description>
		<year>2004</year>
		<publisher>E.U.G.</publisher>
		<rom name="eug65d\eug65-dfs_e.dsd" size="409600" crc="0566d2eb" sha1="2f201c7250bc38d4a2332ec54d5da4d9c0224d2b" />
		<rom name="eug65-adfs_e.adf" size="327680" crc="1bfe96a4" sha1="e3142d3d37044cca97911a25e93fbc6796d7318b" />
	</machine>
	<machine name="eug66">
		<description>Electron User Group #66 (3.5")</description>
		<year>2006</year>
		<publisher>E.U.G.</publisher>
		<rom name="eug66d\eug66.ssd" size="204800" crc="1b1ac0fb" sha1="601eb49d40bc9a121395d97ec7754e6366a33aeb" />
		<rom name="eug66-adfs_e.adf" size="327680" crc="c7ce4f99" sha1="35bedcbb14806525a4a37bb35c24ade254183f05" />
	</machine>
	<machine name="eug67d">
		<description>Electron User Group #67 (5.25")</description>
		<year>2007</year>
		<publisher>E.U.G.</publisher>
		<rom name="eug67.ssd" size="196096" crc="f64462dd" sha1="fec1db419d9cb285db1a4dddf1c74e2e09f8feee" />
	</machine>
	<machine name="eug68d">
		<description>Electron User Group #68 (5.25")</description>
		<year>2008</year>
		<publisher>E.U.G.</publisher>
		<rom name="eug68-dfs_e.dsd" size="391168" crc="e94924cc" sha1="abdb0adfe21fad6624b5262f08626efd5d11784d" />
	</machine>
	<machine name="eug69d">
		<description>Electron User Group #69 (5.25")</description>
		<year>2009</year>
		<publisher>E.U.G.</publisher>
		<rom name="eug69.ssd" size="150784" crc="a668d88c" sha1="ca65e4904723cbb1c51f983c1ca34e6605eea71d" />
	</machine>
	<machine name="eug70d">
		<description>Electron User Group #70 (5.25")</description>
		<year>2010</year>
		<publisher>E.U.G.</publisher>
		<rom name="eug70-dfs_e.dsd" size="381440" crc="71d66fb6" sha1="2fc1b2dc931965faa3bbf56d780413416fa49d65" />
	</machine>
	<machine name="eug71d">
		<description>Electron User Group #71 (5.25")</description>
		<year>2010</year>
		<publisher>E.U.G.</publisher>
		<rom name="eug71-dfs_e.dsd" size="340480" crc="bf695652" sha1="4cb391b48ec7e5e175884dcfc5d46c5bec02818e" />
	</machine>
	<machine name="eug72d">
		<description>Electron User Group #72 (5.25")</description>
		<year>2010</year>
		<publisher>E.U.G.</publisher>
		<rom name="eug72-dfs_e.dsd" size="359168" crc="b2c18e91" sha1="7868e7519ea40679d5f7627dd90e16a1a6dd993a" />
	</machine>
	<machine name="eug73d">
		<description>Electron User Group #73 (5.25")</description>
		<year>2010</year>
		<publisher>E.U.G.</publisher>
		<rom name="eug73-dfs_e.dsd" size="228608" crc="29fe1b9a" sha1="809375a086f7ca687a67c90c387480e459194c14" />
	</machine>
	<machine name="eug74d">
		<description>Electron User Group #74 (5.25")</description>
		<year>2012</year>
		<publisher>E.U.G.</publisher>
		<rom name="eug74-dfs_e.dsd" size="406528" crc="b2d40da7" sha1="8d84aacc8e512a4d75163d62218cb2ad80880286" />
	</machine>
	<machine name="euser401">
		<description>Electron User Vol.4 No.1 October 1986</description>
		<year>1986</year>
		<publisher>P.R.E.S.</publisher>
		<rom name="eup401-adfs_e.adf" size="163840" crc="877cb96a" sha1="ef8120efcecbd188be7f7c8d0f4ad7d37dd055bd" />
	</machine>
	<machine name="euser402">
		<description>Electron User Vol.4 No.2 November 1986</description>
		<year>1986</year>
		<publisher>P.R.E.S.</publisher>
		<rom name="eup402-adfs_e.adf" size="163840" crc="b9be7a87" sha1="e5b388acdb543b704928bf0da3a25212c36ff3b8" />
	</machine>
	<machine name="euser408">
		<description>Electron User Vol.4 No.8 May 1987</description>
		<year>1987</year>
		<publisher>P.R.E.S.</publisher>
		<rom name="eup408-adfs_e.adf" size="143360" crc="b53e5255" sha1="0a8075adaf1a4be5d8ada3f49d855a8b6caf30d5" />
	</machine>
	<machine name="euser411">
		<description>Electron User Vol.4 No.11 August 1987</description>
		<year>1987</year>
		<publisher>P.R.E.S.</publisher>
		<rom name="eup411-adfs_e.adf" size="327680" crc="37fe65b8" sha1="d87df67bafa2f6680a53c9b74007df6ba056c52b" />
	</machine>
	<machine name="euser501">
		<description>Electron User Vol.5 No.1 October 1987</description>
		<year>1987</year>
		<publisher>P.R.E.S.</publisher>
		<rom name="eup501-adfs_e.adf" size="327680" crc="e0236dec" sha1="b02577cadb34522267f5b57b215725cdb0cb695a" />
	</machine>
	<machine name="euser503">
		<description>Electron User Vol.5 No.3 December 1987</description>
		<year>1987</year>
		<publisher>P.R.E.S.</publisher>
		<rom name="eup503-adfs_e.adf" size="163840" crc="120862d9" sha1="b4181c5416fe7b8805a719214f3f755798c54888" />
	</machine>
	<machine name="euser506">
		<description>Electron User Vol.5 No.6 March 1988</description>
		<year>1988</year>
		<publisher>P.R.E.S.</publisher>
		<rom name="eup506-adfs_e.adf" size="327680" crc="ab8e73a2" sha1="94d39072552cd39b863d4bc8262d698811e608ae" />
	</machine>
	<machine name="euser512">
		<description>Electron User Vol.5 No.12 September 1988</description>
		<year>1988</year>
		<publisher>P.R.E.S.</publisher>
		<rom name="eup512-adfs_e.adf" size="163840" crc="df8498ad" sha1="0b92f865b054e19395fd66a1448c4ab1998116bb" />
	</machine>
	<machine name="euser609">
		<description>Electron User Vol.6 No.9 June 1989</description>
		<year>1989</year>
		<publisher>P.R.E.S.</publisher>
		<rom name="eup609-adfs_e.adf" size="327680" crc="87677d8b" sha1="411a85d374b00d56f90bacb436477dad62354ca0" />
	</machine>
	<machine name="hardhath">
		<description>Hard Hat Harry</description>
		<year>2011</year>
		<publisher>Retro Software</publisher>
		<rom name="hardhatharry-adfs_e.adf" size="15616" crc="c24c95ba" sha1="74d952747c4b64cb3b50599c546f0e7033af4835" />
	</machine>
	<machine name="hdpd000">
		<description>HeadFirst PD Disk E000/M000/B000</description>
		<year>1992</year>
		<publisher>HeadFirst PD</publisher>
		<rom name="headfirst-pd-disk-000.ssd" size="81664" crc="2e060e6e" sha1="499c6f2283693ff11717082393a8056ece47de6f" />
	</machine>
	<machine name="hdpd001">
		<description>HeadFirst PD Disk E001/M005/B001</description>
		<year>1992</year>
		<publisher>HeadFirst PD</publisher>
		<rom name="headfirst-pd-disk-001.ssd" size="204800" crc="3921402f" sha1="bc4b2a795c4726cd94f62b0c0a577ca22c56ab99" />
	</machine>
	<machine name="hdpd002">
		<description>HeadFirst PD Disk E002/M006/B002</description>
		<year>1992</year>
		<publisher>HeadFirst PD</publisher>
		<rom name="headfirst-pd-disk-002.ssd" size="58880" crc="3e52014a" sha1="d82362d5d1fb4d7d1f9b439b8f045958168e415b" />
	</machine>
	<machine name="hdpd003">
		<description>HeadFirst PD Disk E003</description>
		<year>1992</year>
		<publisher>HeadFirst PD</publisher>
		<rom name="headfirst-pd-disk-003.ssd" size="20224" crc="89f761c4" sha1="d615fd893b3df04f509c91f5489dad329d1fdf8c" />
	</machine>
	<machine name="hdpd004">
		<description>HeadFirst PD Disk E004</description>
		<year>1992</year>
		<publisher>HeadFirst PD</publisher>
		<rom name="headfirst-pd-disk-e004.ssd" size="37632" crc="86d5906c" sha1="1d44a83aedbefb62e1137e1892bf696b58ba1f54" />
	</machine>
	<machine name="hdpd005">
		<description>HeadFirst PD Disk E005</description>
		<year>1992</year>
		<publisher>HeadFirst PD</publisher>
		<rom name="headfirst-pd-disk-005.ssd" size="203264" crc="be21a88b" sha1="f9508fd4dc9ca35aa0b9557704e5b79c8f89fa9b" />
	</machine>
	<machine name="hdpd006">
		<description>HeadFirst PD Disk E006</description>
		<year>1992</year>
		<publisher>HeadFirst PD</publisher>
		<rom name="headfirst-pd-disk-006.ssd" size="143104" crc="f8940d6c" sha1="4981b2680c4f02ff8d3452e335792d39031c4bfb" />
	</machine>
	<machine name="hdpd007">
		<description>HeadFirst PD Disk E007</description>
		<year>1992</year>
		<publisher>HeadFirst PD</publisher>
		<rom name="headfirst-pd-disk-007.ssd" size="138496" crc="55bc7b3f" sha1="69e695847190142c5c6ce9fb7c6d9fb27b8596f9" />
	</machine>
	<machine name="hdpd008">
		<description>HeadFirst PD Disk E008</description>
		<year>1993</year>
		<publisher>HeadFirst PD</publisher>
		<rom name="headfirst-pd-disk-008.ssd" size="58112" crc="cb2bcb60" sha1="7e761cc17fc81759102a2ca07c3eb085f5dfc295" />
	</machine>
	<machine name="hdpd009">
		<description>HeadFirst PD Disk E009</description>
		<year>1993</year>
		<publisher>HeadFirst PD</publisher>
		<rom name="headfirst-pd-disk-009.ssd" size="37120" crc="ab798b8d" sha1="a521a87c8bc93391cdb6aebeaa884752950a91a4" />
	</machine>
	<machine name="hdpd010">
		<description>HeadFirst PD Disk E010/M009/B005</description>
		<year>1993</year>
		<publisher>HeadFirst PD</publisher>
		<rom name="headfirst-pd-disk-010.ssd" size="204800" crc="097e2fcd" sha1="854f4a49170eb15d3d6c7d7e6b680507e9bc11d6" />
	</machine>
	<machine name="hdpd011">
		<description>HeadFirst PD Disk E011</description>
		<year>1993</year>
		<publisher>HeadFirst PD</publisher>
		<rom name="headfirst-pd-disk-011.ssd" size="204800" crc="8a16052b" sha1="5ba9281e66f89fa9b5b92e79c00ea953a7d2b02c" />
	</machine>
	<machine name="hdpd012">
		<description>HeadFirst PD Disk M013/B012</description>
		<year>1993</year>
		<publisher>HeadFirst PD</publisher>
		<rom name="headfirst-pd-disk-012.ssd" size="170496" crc="e6d2b477" sha1="f24a77a807da86ab4542b8e9f9863371daae9d5a" />
	</machine>
	<machine name="hdpd013">
		<description>HeadFirst PD Disk E013</description>
		<year>1993</year>
		<publisher>HeadFirst PD</publisher>
		<rom name="headfirst-pd-disk-013.ssd" size="167424" crc="1d443c20" sha1="0bb592b5f3b721401477530be2d9e1807b8ecd9f" />
	</machine>
	<machine name="hdpd015">
		<description>HeadFirst PD Disk E015/M015/B014</description>
		<year>1993</year>
		<publisher>HeadFirst PD</publisher>
		<rom name="headfirst-pd-disk-015.ssd" size="157440" crc="d263683b" sha1="d91c3198f9d798e75d562a08a483ea79aefa153d" />
	</machine>
	<machine name="hdpd016">
		<description>HeadFirst PD Disk E016/M016/B015</description>
		<year>1993</year>
		<publisher>HeadFirst PD</publisher>
		<rom name="headfirst-pd-disk-016.dsd" size="355840" crc="1cbd7c10" sha1="e9c114827efcceb397be669589bb7de6c4c5a93c" />
	</machine>
	<machine name="hdpd017">
		<description>HeadFirst PD Disk E017</description>
		<year>1993</year>
		<publisher>HeadFirst PD</publisher>
		<rom name="headfirst-pd-disk-017.ssd" size="200448" crc="5f3a0c33" sha1="52dd3d2ae027cc01c3c087905d35ce6be4a63578" />
	</machine>
	<machine name="hezarin">
		<description>Hezarin</description>
		<year>1990</year>
		<publisher>Topologika</publisher>
		<rom name="hezarin-dfs_e.ssd" size="179200" crc="d8b06553" sha1="11e4cf452b47ea7a2f441090aec7534d9c306708" />
	</machine>
	<machine name="hypervpr">
		<description>Hyper Viper</description>
		<year>2011</year>
		<publisher>Retro Software</publisher>
		<rom name="hyperviper-adfs_e.adf" size="12032" crc="54f29687" sha1="36f7e68536e72b3776bab7c29b4e525cf62fc0bd" />
	</machine>
	<machine name="jungle">
		<description>Jungle Journey</description>
		<year>2012</year>
		<publisher>Retro Software</publisher>
		<rom name="junglejourney-adfs_e.adf" size="327680" crc="8951a01b" sha1="6496dde226380c068aed78f2289d01c918c781e5" />
	</machine>
	<machine name="keyword">
		<description>Keyword</description>
		<year>1989</year>
		<publisher>Swift</publisher>
		<rom name="keyword-dfs_e.ssd" size="194304" crc="af20ee8e" sha1="3dfc0ef39d7d005d91e4070a3730df6e88563d14" />
	</machine>
	<machine name="knitwear">
		<description>Knitwear Designer</description>
		<year>1987</year>
		<publisher>Database Publications</publisher>
		<rom name="knitweardesigner-dfs_e.ssd" size="204800" crc="101c0a1b" sha1="4a89840f0a4121b65f29add4bcb90e63aa9f8985" />
	</machine>
	<machine name="kohamilt">
		<description>Kingdom of Hamil</description>
		<year>1987</year>
		<publisher>Topologika</publisher>
		<rom name="kingdomofhamil-dfs_e.ssd" size="57856" crc="d797007b" sha1="b10aa31f6d6f2adc86410dd1ea6fbdada2f38b7c" />
	</machine>
	<machine name="ldaydoom">
		<description>Last Days of Doom</description>
		<year>1990</year>
		<publisher>Topologika</publisher>
		<rom name="lastdaysofdoom-dfs_e.ssd" size="129024" crc="daa7d5aa" sha1="afc6f6ac24bad877dd80e28845114ecd9bac1dfc" />
	</machine>
	<machine name="liferept">
		<description>The Life of Repton</description>
		<year>1987</year>
		<publisher>Superior Software/Acornsoft</publisher>
		<rom name="lifeofrepton-dfs_e.ssd" size="102400" crc="3fe50391" sha1="5c2d9606bfcc146cc1a5198fef7987e39344574a" />
	</machine>
	<machine name="magsword">
		<description>The Magic Sword (5.25")</description>
		<year>1984</year>
		<publisher>Database Publications</publisher>
		<rom name="magsword35\magicsword-adfs_e.adf" size="327680" crc="0b7f1517" sha1="49fe3ff8c50f635a1b20e3f9b66e6d6574430154" />
		<rom name="magicsword-dfs_e.ssd" size="204800" crc="c5c5f112" sha1="8e4eea8352df8411c772fb52d76f5df011b28681" />
	</machine>
	<machine name="mathorv1">
		<description>Maths 'O' Level Revision Part One</description>
		<year>1984</year>
		<publisher>Ampalsoft</publisher>
		<rom name="mathsolevelr1-dfs_e.ssd" size="204800" crc="0b09763a" sha1="b269e68ac3eb82be97371b171cc9b33500f29ce5" />
	</machine>
	<machine name="nursery">
		<description>Nursery Rhymes</description>
		<year>198?</year>
		<publisher>Database Publications</publisher>
		<rom name="nurseryrhymes-adfs_e.adf" size="327680" crc="4556e25b" sha1="2b7a4c307582fd3d3a308585613a1b31edc48c7f" />
	</machine>
	<machine name="palmagic">
		<description>Palace of Magic</description>
		<year>1987</year>
		<publisher>Superior Software/Acornsoft</publisher>
		<rom name="palaceofmagic-adfs_e.adf" size="327680" crc="84e7094c" sha1="4117dec4761a39d5a1de0cd46392df7e24a55e5b" />
	</machine>
	<machine name="phquestt">
		<description>Philosopher's Quest</description>
		<year>1987</year>
		<publisher>Topologika</publisher>
		<rom name="philosophersquest-dfs_e.ssd" size="76032" crc="7f1f5cf5" sha1="9ed436eedf8ddb98125fcb4e0147a20688e8d717" />
	</machine>
	<machine name="pias">
		<description>Play It Again Sam (5.25")</description>
		<year>1987</year>
		<publisher>Superior Software/Acornsoft</publisher>
		<rom name="pias35\pias-adfs_e.adf" size="327680" crc="4d42df73" sha1="b88c5661be20ea908277df4871c29a9eab8cbc60" />
		<rom name="pias-dfs_e.ssd" size="204800" crc="a45acc09" sha1="3c7413811a03c087bd7f88ca5cc93807a092ffb6" />
	</machine>
	<machine name="piratesp">
		<description>Pirate's Peril</description>
		<year>1988</year>
		<publisher>Heyley Software</publisher>
		<rom name="piratesperil-adfs_e.adf" size="327680" crc="73812f98" sha1="8b7b6ec81181107717bc68c410b572a5ffd5872a" />
	</machine>
	<machine name="pl3games">
		<description>Plus 3 Games</description>
		<year>198?</year>
		<publisher>Acornsoft</publisher>
		<rom name="plus3gamesdisc-adfs_e.adf" size="163840" crc="a091ac3f" sha1="2b479c73d9395bd11f894d06286afc95d4d42ac2" />
	</machine>
	<machine name="pl3gamnz">
		<description>Plus 3 Games (New Zealand)</description>
		<year>198?</year>
		<publisher>Acornsoft</publisher>
		<rom name="nzacorngames-adfs_e.adf" size="327680" crc="60844635" sha1="ed6b76d93b57bdcdadc1ab7859b5430d05ac4987" />
	</machine>
	<machine name="presgam1">
		<description>P.R.E.S. Games Disc 1</description>
		<year>1984</year>
		<publisher>P.R.E.S.</publisher>
		<rom name="presgamesdisk1-adfs_e.adf" size="327680" crc="68fd2a77" sha1="50463ee825711b32871439cad9a06bc1a1ef722e" />
	</machine>
	<machine name="presgam2">
		<description>P.R.E.S. Games Disc 2</description>
		<year>1984</year>
		<publisher>P.R.E.S.</publisher>
		<rom name="presgamesdisk2-adfs_e.adf" size="327680" crc="4be7b2b7" sha1="5090e60cb37279c8c02749ebe6289d9675ece446" />
	</machine>
	<machine name="presgam3">
		<description>P.R.E.S. Games Disc 3</description>
		<year>1984</year>
		<publisher>P.R.E.S.</publisher>
		<rom name="presgamesdisk3-adfs_e.adf" size="327680" crc="c8483e26" sha1="ac66c579e668af70e4ee80cff339851b2b191be1" />
	</machine>
	<machine name="presgam4">
		<description>P.R.E.S. Games Disc 4</description>
		<year>1984</year>
		<publisher>P.R.E.S.</publisher>
		<rom name="presgamesdisk4-adfs_e.adf" size="327680" crc="1258c985" sha1="29f56326c2ff6da2385b429a0c1f14ffc8d639c6" />
	</machine>
	<machine name="presgam5">
		<description>P.R.E.S. Games Disc 5</description>
		<year>1984</year>
		<publisher>P.R.E.S.</publisher>
		<rom name="presgamesdisk5-adfs_e.adf" size="327680" crc="942d4944" sha1="174062bc4c51daccbf86685da4e5846ab582249b" />
	</machine>
	<machine name="presgam6">
		<description>P.R.E.S. Games Disc 6</description>
		<year>1984</year>
		<publisher>P.R.E.S.</publisher>
		<rom name="presgamesdisk6-adfs_e.adf" size="327680" crc="6d5b538e" sha1="f4e33261a15a616368ac0968afc7ed298d86c99c" />
	</machine>
	<machine name="ravenwd">
		<description>The Darkness of Raven Wood</description>
		<year>2016</year>
		<publisher>Rucksack Games</publisher>
		<rom name="ravenwd-dfs_e.ssd" size="204800" crc="c84dbfe5" sha1="79ae5d2e24dc43d5713625db3c423e305756a2cb" />
	</machine>
	<machine name="repton3">
		<description>Repton 3</description>
		<year>1986</year>
		<publisher>Superior Software/Acornsoft</publisher>
		<rom name="repton3-dfs_e.ssd" size="204800" crc="8c5da04d" sha1="f47cbd07bdda2ad889076e7ed5229cb77bb33be6" />
	</machine>
	<machine name="reptonti">
		<description>Repton Thru Time</description>
		<year>1988</year>
		<publisher>Superior Software/Acornsoft</publisher>
		<rom name="reptonthrutime-dfs_e.ssd" size="96256" crc="1ce22dbf" sha1="698f3348034de64d4a53a7f41fe4f2666bf498c2" />
	</machine>
	<machine name="reptonwo">
		<description>Around the World in 40 Screens</description>
		<year>1987</year>
		<publisher>Superior Software/Acornsoft</publisher>
		<rom name="aroundtheworld-dfs_e.ssd" size="204800" crc="dfffba33" sha1="0e9bbdf127120c8f8ddb4dccaae081bb63fc1649" />
	</machine>
	<machine name="retdoom">
		<description>Return to Doom</description>
		<year>1988</year>
		<publisher>Topologika</publisher>
		<rom name="returntodoom-dfs_e.ssd" size="204800" crc="6fae1dee" sha1="ae6852f3d0b9f135ba06221ac25c24a272eed74f" />
	</machine>
	<machine name="sp64">
		<description>Stop Press 64</description>
		<year>1992</year>
		<publisher>Slogger</publisher>
		<rom name="sp64_boot-adfs_e.adf" size="327680" crc="8e83fb1d" sha1="d5c4ed8182c0202fd664e5714527a1091a1495ca" />
	</machine>
	<machine name="spellbin">
		<description>Spellbinder</description>
		<year>1987</year>
		<publisher>Superior Software/Acornsoft</publisher>
		<rom name="spellbinder-dfs_e.ssd" size="204800" crc="dada2fca" sha1="9b3f7ba15aea5e68745242214f3bd4a7be6f79a2" />
	</machine>
	<machine name="spysnatc">
		<description>Spy Snatcher</description>
		<year>1989</year>
		<publisher>Topologika</publisher>
		<rom name="spysnatcher-dfs_e.ssd" size="94976" crc="d9145f5f" sha1="859199a51617b454c85f94dd19ef2dcd9c3d864e" />
	</machine>
	<machine name="starspell">
		<description>Starspell Dictionary Disk (3.5")</description>
		<year>1989</year>
		<publisher>Slogger</publisher>
		<rom name="starspelld\Starspell-Dictionary-dfs_e.ssd" size="204800" crc="88c692d1" sha1="2cf05091b210d31f968a2ed90a4d1db253586415" />
		<rom name="Starspell-Dictionary-adfs_e.adf" size="327680" crc="93d418c6" sha1="112dacc72d7d49a8a255ca2f7185e1cf7caa0a72" />
	</machine>
	<machine name="stranded">
		<description>Stranded!</description>
		<year>1988</year>
		<publisher>Heyley Software</publisher>
		<rom name="stranded-adfs_e.adf" size="327680" crc="1d24c2c1" sha1="50efe51dccfbb10f11cb7a85ff5f28ac7c680e9a" />
	</machine>
	<machine name="supcoll3">
		<description>The Superior Collection Vol.3</description>
		<year>1987</year>
		<publisher>Superior Software/Acornsoft</publisher>
		<rom name="superiorcollection3-adfs_e.adf" size="327680" crc="8340abfa" sha1="3e572eb5524b4312c07e326cfd2d19aac64958e6" />
	</machine>
	<machine name="taroda">
		<description>The Taroda Scheme</description>
		<year>1988</year>
		<publisher>Heyley Software</publisher>
		<rom name="tarodascheme-adfs_e.adf" size="327680" crc="ddaf4fdd" sha1="f554985f1f63aa31fab9ebe59e8f4aa384ac51e4" />
	</machine>
	<machine name="tenbest1">
		<description>Ten of the Best! Vol.1</description>
		<year>1984</year>
		<publisher>Database Publications</publisher>
		<rom name="10ofthebest_vol1-adfs_e.adf" size="327680" crc="1fecefe6" sha1="5742a587cd9ca2695277b0078e15edb1999dce40" />
	</machine>
	<machine name="tenbest2">
		<description>Ten of the Best! Vol.2</description>
		<year>1984</year>
		<publisher>Database Publications</publisher>
		<rom name="10ofthebest_vol2-adfs_e.adf" size="327680" crc="6f506dec" sha1="d1a7f10a17151cbbddbb1ee2abd6993e39e51bd6" />
	</machine>
	<machine name="tenbest3">
		<description>Ten of the Best! Vol.3</description>
		<year>1984</year>
		<publisher>Database Publications</publisher>
		<rom name="10ofthebest_vol3-adfs_e.adf" size="327680" crc="777a2cb2" sha1="63e1a14fd63eb0b023fe7d66fba88b24a61d78a2" />
	</machine>
	<machine name="tenbest4">
		<description>Ten of the Best! Vol.4</description>
		<year>1984</year>
		<publisher>Database Publications</publisher>
		<rom name="10ofthebest_vol4-adfs_e.adf" size="327680" crc="0a4ea2dc" sha1="352ce6255bb9f8dabbbe787173e28bddd92b082e" />
	</machine>
	<machine name="ultprize">
		<description>The Ultimate Prize</description>
		<year>1988</year>
		<publisher>Heyley Software</publisher>
		<rom name="ultimateprize-adfs_e.adf" size="327680" crc="ac946335" sha1="21e97c87752366e213e4fe9e9341f38b36a8d409" />
	</machine>
	<machine name="welcome">
		<description>Welcome</description>
		<year>198?</year>
		<publisher>Acorn</publisher>
		<rom name="welcomedisc-adfs_e.adf" size="327680" crc="a6733fa6" sha1="70b5d940c9c7da85e82e29b1b4e3ad29a44c51bd" />
	</machine>
	<machine name="zaor">
		<description>Zombies Ate Our Roadies!</description>
		<year>2017</year>
		<publisher>Acorn Electron Today</publisher>
		<rom name="zoar-dfs_e.ssd" size="204800" crc="3aca76fd" sha1="b022ffe0f6e3d0e3a4b17b984a4acc1fce26a93b" />
	</machine>
</datafile>