<?xml version="1.0" encoding="utf-8"?>
<!DOCTYPE datafile PUBLIC "-//Logiqx//DTD ROM Management Datafile//EN" "http://www.logiqx.com/Dats/datafile.dtd">
<datafile>
	<header>
		<name>hp9825b_rom</name>
		<description>HP 9825B Option ROMs</description>
		<version></version>
		<author></author>
	</header>
	<machine name="mass2">
		<description>9885/9895 ROM for 9825</description>
		<year>1980</year>
		<publisher>Hewlett-Packard</publisher>
		<rom name="98228a.bin" size="16384" crc="31ce695e" sha1="b61273356c421102ff2bbd6aa7277200ee778097" />
	</machine>
	<machine name="mass">
		<description>9885 ROM for 9825</description>
		<year>1976</year>
		<publisher>Hewlett-Packard</publisher>
		<rom name="98217a.bin" size="2048" crc="ee41c924" sha1="eac268523c09291a9939bc2dac201e4285185b51" />
	</machine>
	<machine name="matrix">
		<description>Matrix ROM for 9825</description>
		<year>1976</year>
		<publisher>Hewlett-Packard</publisher>
		<rom name="98211a.bin" size="2048" crc="2cec553f" sha1="95c8d8becae6948accb342d23bc7072f0adb2c67" />
	</machine>
	<machine name="sssmass">
		<description>SSS mass storage ROM</description>
		<year>1984</year>
		<publisher>Structured Software Systems</publisher>
		<rom name="sssmass.bin" size="16384" crc="95d36297" sha1="5e1777c894f6507a461c4a12f12ae5ac2c7a4385" />
	</machine>
</datafile>