<?xml version="1.0" encoding="utf-8"?>
<!DOCTYPE datafile PUBLIC "-//Logiqx//DTD ROM Management Datafile//EN" "http://www.logiqx.com/Dats/datafile.dtd">
<datafile>
	<header>
		<name>sg1000</name>
		<description>Sega SG-1000 and SG-1000 MarkII cartridges</description>
		<version></version>
		<author></author>
	</header>
	<machine name="3ninmj">
		<description>San-nin Mahjong (Jpn, OMV)</description>
		<year>1984</year>
		<publisher>Tsukuda Original</publisher>
		<rom name="3ninmja\san-nin mahjong (alt).bin" size="40960" crc="0e641f36" sha1="a5c2acba93cd3809577f401c00fa9d728627ed60" />
		<rom name="3ninmjt\san-nin mahjong (tw).bin" size="16384" crc="6fd17655" sha1="245e9adf0fdb33849f1e6ef872c1b204cbed5754" />
		<rom name="san-nin mahjong.bin" size="16384" crc="885fa64d" sha1="75dd13ea139a91f4e471e658ab19f9847e15576c" />
	</machine>
	<machine name="bankp">
		<description>Bank Panic (Jpn)</description>
		<year>1985</year>
		<publisher>Sega / Sanritsu</publisher>
		<rom name="bilidada\bank panic (tw).bin" size="32768" crc="bd43fde4" sha1="18f7ab9fe95aeacceab36297cdf9374dc7e3233f" />
		<rom name="bank panic (japan).bin" size="32768" crc="d8a87095" sha1="8e1dc4d79c5bc45fc6112969ea9a2c68b3c86666" />
	</machine>
	<machine name="blckonyx">
		<description>The Black Onyx (Jpn)</description>
		<year>1987</year>
		<publisher>Sega / BPS</publisher>
		<rom name="black onyx, the (japan).bin" size="32768" crc="26ecd094" sha1="7ecb9ac646346900046a61ff0242d6c90a812eda" />
	</machine>
	<machine name="bombjack">
		<description>Bomb Jack (Jpn)</description>
		<year>1985</year>
		<publisher>Sega / Tehkan</publisher>
		<rom name="bombjackk1\bomb jack [english logo] (kr).bin" size="32768" crc="0c69d837" sha1="835d0ea1c0cf1723ae95ba60ea0a929780ebaf71" />
		<rom name="bombjackk2\bomb jack [korean logo] (kr).bin" size="32768" crc="b0c7b310" sha1="b6b36a0280344214bdb8d9184244e21e9fb7371f" />
		<rom name="bombjackt1\bomb jack [english logo] (tw).bin" size="32768" crc="cda3a335" sha1="8d7b786283e5b42e34432ecf1b3744eae00575de" />
		<rom name="bombjackt2\bomb jack [chinese logo] (tw).bin" size="32768" crc="deb213fe" sha1="ac94ddc1839dcd2ade443da0e8667e643b11f3e7" />
		<rom name="bomb jack (japan).bin" size="32768" crc="ea0f2691" sha1="7859b9ee5614c595cb57a832ef7a8f1ab473b45b" />
	</machine>
	<machine name="bombmnsp">
		<description>Bomber Man Special (Tw)</description>
		<year>1986?</year>
		<publisher>DahJee</publisher>
		<rom name="hongdui\bomberman special [dahjee] (tw).bin" size="49152" crc="ce5648c3" sha1="455838571dd8287d491431e03269b0ccd292c8b8" />
		<rom name="bomberman special (tw).bin" size="49152" crc="69fc1494" sha1="d1d56bcd996df94458f5901dc537a5e30021256b" />
	</machine>
	<machine name="bordrlin">
		<description>Borderline (Euro, Jpn)</description>
		<year>1983</year>
		<publisher>Sega</publisher>
		<rom name="borderline (japan, europe).bin" size="16384" crc="0b4bca74" sha1="b967340fa91d960f86548f15e6d25a8e7e2c5043" />
	</machine>
	<machine name="cabkids">
		<description>Cabbage Patch Kids (Tw)</description>
		<year>198?</year>
		<publisher>Aaronix</publisher>
		<rom name="cabbage patch kids (tw).bin" size="32768" crc="9d91ab78" sha1="5c011f37f4fcbaa72167293a9917bb6af0e30b55" />
	</machine>
	<machine name="castle">
		<description>The Castle (Jpn)</description>
		<year>1986</year>
		<publisher>Sega / ASCII</publisher>
		<rom name="castlet\castle, the [msx] (tw).bin" size="49152" crc="2e366ccf" sha1="5a81d5103487695cabd811aabd9e71f48b9e7996" />
		<rom name="mpr-10159.ic1" size="32768" crc="092f29d6" sha1="2681786bffccf58b59410c331865d30a4d027087" />
	</machine>
	<machine name="chackn">
		<description>Chack'n Pop (Jpn)</description>
		<year>1985</year>
		<publisher>Sega / Taito</publisher>
		<rom name="dayu\chack'n pop (tw).bin" size="32768" crc="d81a72ce" sha1="75855a3148a57b102c15a436e7e4ffd1ab4808c3" />
		<rom name="chack'n pop (japan).bin" size="32768" crc="d37bda49" sha1="08b5c1135f9678465ece6a886c948ce091637372" />
	</machine>
	<machine name="chaldrby">
		<description>Challenge Derby (Jpn, OMV)</description>
		<year>1984</year>
		<publisher>Tsukuda Original</publisher>
		<rom name="chaldrbya\challenge derby [40k].bin" size="40960" crc="02bc891f" sha1="6c0ffd66695e8bd4bc503c40ee49834c3f95082b" />
		<rom name="chaldrbyb\challenge derby [ver.b] [40k].bin" size="40960" crc="c5f014dc" sha1="8a5e6c9b10c9a99c1eaaee48374d1fede5966340" />
		<rom name="challenge derby [16k].bin" size="16384" crc="c91551da" sha1="47239898cc2ad5c4aeae1815dc54de6f87a8aa35" />
	</machine>
	<machine name="champbas">
		<description>Champion Baseball (Jpn)</description>
		<year>1983</year>
		<publisher>Sega / Alpha Denshi</publisher>
		<rom name="champbasa\champion baseball [40k].bin" size="40960" crc="c0c16fa7" sha1="85e5c2f354b9110e5f7c7dfcc7ab9814598b7956" />
		<rom name="champbast\champion baseball [16k] (tw).bin" size="16384" crc="677e6878" sha1="b674ea2ea50f45b20c60d9dec5bf2e88e2b1cba5" />
		<rom name="mpr-6381.ic1" size="16384" crc="5970a12b" sha1="737b9478c4ce6df2afcd36f78011019f5d669226" />
	</machine>
	<machine name="champbil">
		<description>Champion Billiards (Jpn)</description>
		<year>1986</year>
		<publisher>Sega</publisher>
		<rom name="champbilt\champion billiards (tw).bin" size="32768" crc="56d85bd4" sha1="37dc5e7b3ebc3a3b0480b16d27bc394d57aac697" />
		<rom name="champion billiards (japan).bin" size="32768" crc="62b21e31" sha1="f517e6a6123643a5e7e5fff6b413139afa412d8e" />
	</machine>
	<machine name="champbox">
		<description>Champion Boxing (Jpn)</description>
		<year>1984</year>
		<publisher>Sega</publisher>
		<rom name="champbox1\champion boxing (japan) (mycard).bin" size="32768" crc="f8b2ac1d" sha1="7a7ace132090f11bac4f4aec58bcbf6a2a1c6168" />
		<rom name="champboxt\champion boxing (tw).bin" size="32768" crc="15d2ce33" sha1="e55396be42c6cfbf47ff43d3e8faee1dc8fad807" />
		<rom name="mpr-6100.ic1" size="32768" crc="26f947d1" sha1="8cd55ee1efcab917087b80629ca18b4629edc15d" />
	</machine>
	<machine name="champglf">
		<description>Champion Golf (Jpn)</description>
		<year>1983</year>
		<publisher>Sega / Logitec</publisher>
		<rom name="champglf1\champion golf [card].bin" size="32768" crc="5a904122" sha1="f58f14581919c431ac85da72fd1a39bbe1da5e66" />
		<rom name="champglfk\champion golf (kr).bin" size="32768" crc="35af42ad" sha1="40ac48ef0ba23653d1763cd04774b00abc49f9a4" />
		<rom name="mpr-5435.ic1" size="32768" crc="868419b5" sha1="05deb000f24b7d8625c6e9332dcc91416ed3258f" />
	</machine>
	<machine name="champice">
		<description>Champion Ice Hockey (Jpn)</description>
		<year>1985</year>
		<publisher>Sega</publisher>
		<rom name="champicek\champion ice hockey (kr).bin" size="32768" crc="ec0b862c" sha1="3efbef93040fffbecb8e1d00b8470ac92f002c9b" />
		<rom name="champicet\champion ice hockey (tw).bin" size="32768" crc="c6e5192f" sha1="a316058604eb47b547986fec8ef18c6017694746" />
		<rom name="champion ice hockey (japan).bin" size="32768" crc="bdc05652" sha1="ff6440fc7e5c5faa0b9868d5cb5110d1d8635284" />
	</machine>
	<machine name="champken">
		<description>Champion Kendou (Jpn)</description>
		<year>1986</year>
		<publisher>Sega</publisher>
		<rom name="champkent\champion kendou (tw).bin" size="32768" crc="a5f61363" sha1="621cf09649e9244714fa01652b066cd1a477279e" />
		<rom name="champion kendou (japan).bin" size="32768" crc="10cdebce" sha1="8565fc398d0206100da785d10e008f7f6a3c225e" />
	</machine>
	<machine name="champpwr">
		<description>Champion Pro Wrestling (Jpn)</description>
		<year>1985</year>
		<publisher>Sega</publisher>
		<rom name="champion pro wrestling (japan).bin" size="32768" crc="372fe6bc" sha1="3bdb1e9d8b1a04d8fcc242c47be790c427a75403" />
	</machine>
	<machine name="champscr">
		<description>Champion Soccer (Jpn)</description>
		<year>1984</year>
		<publisher>Sega</publisher>
		<rom name="champscrt\champion soccer (tw).bin" size="16384" crc="269c1aee" sha1="ad2a72dff1959e3e148c48962ab382897bc06627" />
		<rom name="champion soccer (japan).bin" size="16384" crc="6f39719e" sha1="0b3cf82f020ac9249ea52766ffbad41515d0b8b4" />
	</machine>
	<machine name="champtns">
		<description>Champion Tennis (Jpn)</description>
		<year>1983</year>
		<publisher>Sega</publisher>
		<rom name="mpr-5439.ic1" size="8192" crc="7c663316" sha1="8b90300dcabc2cf8d58ee4800dce3084b739886b" />
	</machine>
	<machine name="choplift">
		<description>Choplifter (Jpn)</description>
		<year>1985</year>
		<publisher>Sega</publisher>
		<rom name="chopliftk\choplifter (kr).bin" size="32768" crc="954d8f26" sha1="ef746a242ffd4d624ea378b6d9f20a6bc206f859" />
		<rom name="chopliftp\choplifter (japan) (proto).bin" size="32768" crc="ff435469" sha1="da92459e64ed6cc0ce93b03a60fad049e13a505f" />
		<rom name="chopliftt\choplifter [no logo] (tw).bin" size="32768" crc="825e1aae" sha1="daf36c050b0e507d2f2470050299a648716c9158" />
		<rom name="feilang\choplifter [chinese logo] (tw).bin" size="32768" crc="746a8d86" sha1="af6c40febe02fe2b424ea99e666cf3f451eb5a1f" />
		<rom name="feilanga\choplifter [english logo] (tw).bin" size="32768" crc="7c603987" sha1="61d1afe62b2be0da26d8a185828387063dd4b06e" />
		<rom name="choplifter (japan).bin" size="32768" crc="732b7180" sha1="e0828517fdc9a5537fda39dbc49942494eb3196d" />
	</machine>
	<machine name="circusc">
		<description>Maxi Tuan ~ Circus Charlie (Tw)</description>
		<year>198?</year>
		<publisher>Aaronix</publisher>
		<rom name="circusck\circus charlie (kr).bin" size="32768" crc="7f7f009d" sha1="34899ad454a56826d53028bef8fed7f5d2c6a78a" />
		<rom name="circus charlie (tw).bin" size="32768" crc="3404fce4" sha1="67ec5859d293d9236d21b71e63580b6a53b90244" />
	</machine>
	<machine name="cloderun">
		<description>Championship Lode Runner (Jpn)</description>
		<year>1985</year>
		<publisher>Sega / Brøderbund Software</publisher>
		<rom name="cloderunt\championship lode runner (tw).bin" size="32768" crc="ec95ebcb" sha1="321e2c97645dd9af3e52c66b5db06304250d1bf2" />
		<rom name="championship lode runner (japan).bin" size="32768" crc="11db4b1d" sha1="a0dad095489da2bdf8ec03f1acc83f809db2371f" />
	</machine>
	<machine name="congo">
		<description>Congo Bongo (Euro, Jpn, v1)</description>
		<year>1983</year>
		<publisher>Sega</publisher>
		<rom name="congoa\congo bongo [v1] [40k map].bin" size="40960" crc="f1506565" sha1="4ea22b9a655c4cfe13500beb97e84da451752148" />
		<rom name="congob\congo bongo [v0].bin" size="24576" crc="5eb48a20" sha1="9e153c7822a36230e85e9ac0ddc53d6fee810089" />
		<rom name="congot\congo bongo (tw).bin" size="24576" crc="f7eb94c5" sha1="3fe3272374135e8b5e849bdcd12812a90bb9901c" />
		<rom name="congo bongo [v1].bin" size="24576" crc="5a24c7cf" sha1="47aba6a295e5695db4c3aaa1dea8ad8ac961b5f9" />
	</machine>
	<machine name="cso">
		<description>C_So! (Jpn)</description>
		<year>1985</year>
		<publisher>Sega / Pony Canyon</publisher>
		<rom name="csot\c_so (tw).bin" size="32768" crc="82c4e3e5" sha1="7101c42289815d7e0d04b523f8f0e833f2f089b3" />
		<rom name="c_so (japan).bin" size="32768" crc="be7ed0eb" sha1="d45a230b3cbf2d2dcfe7b94691fc7f1a5d747625" />
	</machine>
	<machine name="dacike">
		<description>Da Cike (Tw)</description>
		<year>1986?</year>
		<publisher>DahJee</publisher>
		<rom name="yie ar kung-fu ii [dahjee] (tw).bin" size="49152" crc="fc87463c" sha1="44fb2dca3774f859f0ae0ad4d809a67f760cf9ae" />
	</machine>
	<machine name="dokidoki">
		<description>Dokidoki Penguin Land (Jpn)</description>
		<year>1985</year>
		<publisher>Sega</publisher>
		<rom name="qie\doki doki penguin land (19xx)(-)(tw).bin" size="32768" crc="fdc095bc" sha1="176e2d2648b20e6fac823021697138803ef38b27" />
		<rom name="dokidoki penguin land (japan).bin" size="32768" crc="346556b9" sha1="f49c43b1f9a0b19ef5f30d9bf2b222af7aeb9fbf" />
	</machine>
	<machine name="dragwang">
		<description>Dragon Wang (Jpn, v1)</description>
		<year>1985</year>
		<publisher>Sega</publisher>
		<rom name="dragwang1\dragon wang (japan) (alt).bin" size="32768" crc="60f30138" sha1="78f26d0a1d4f08a6378700b81ab38fc7c0f6bdc0" />
		<rom name="jingwumn\dragon wang (tw).bin" size="32768" crc="7c7d4397" sha1="57ade81eaa044d69621741d8c5f5c5e8650f6c2b" />
		<rom name="jingwumna\dragon wang [v0] [english logo] (tw).bin" size="32768" crc="6f94e5c0" sha1="b2a3c886677ba3926cb56a1a781e7926852499c7" />
		<rom name="dragon wang (japan).bin" size="32768" crc="99c3de21" sha1="43807c9f634b8cf85aa5c3b2459885eedbb99955" />
	</machine>
	<machine name="drol">
		<description>Drol (Jpn)</description>
		<year>1985</year>
		<publisher>Sega / Aik Beng / Brøderbund Software</publisher>
		<rom name="drolk\drol (kr).bin" size="32768" crc="1d7c53bb" sha1="37baf9aac77436b4939c80d6a575e23a7d5cd76d" />
		<rom name="drolt\drol (tw).bin" size="32768" crc="b7fc033d" sha1="8bb117df0a86508cf3fc139bd070c0aa8c6487dd" />
		<rom name="drol (japan).bin" size="32768" crc="288940cb" sha1="607b2b9a946eaaebb938800bd3b1df7d9342388c" />
	</machine>
	<machine name="elevator">
		<description>Elevator Action (Jpn)</description>
		<year>1985</year>
		<publisher>Sega / Taito</publisher>
		<rom name="elevatort\elevator action (tw).bin" size="32768" crc="6846e36d" sha1="0c419fdd769371f97c66030c51b21c786b89a105" />
		<rom name="elevator action (japan).bin" size="32768" crc="5af8f69d" sha1="f72b3e44309e7c2e447c46928ce795453102f717" />
	</machine>
	<machine name="exerion">
		<description>Exerion (Euro, Jpn)</description>
		<year>1983</year>
		<publisher>Sega / Jaleco</publisher>
		<rom name="exerionk\exerion (kr).bin" size="32768" crc="fc628d0d" sha1="3f569c9d95bc83896bc44dba7c469356961d659c" />
		<rom name="exeriont\exerion (tw).bin" size="16384" crc="b5c84a32" sha1="75555c1a05a14401e4136bffb9fb52f88a17ecfc" />
		<rom name="mpr-5692.ic1" size="16384" crc="a2c45b61" sha1="839e19487b96d02222ff397b047cbc6a0fbc08ff" />
	</machine>
	<machine name="flicky">
		<description>Flicky (Jpn, v1)</description>
		<year>1984</year>
		<publisher>Sega</publisher>
		<rom name="flickya\flicky (japan).bin" size="32768" crc="bd24d27b" sha1="39a91b5ad6b139ca5d8ac60b78520210e84944bd" />
		<rom name="flickyt\flicky (tw).bin" size="32768" crc="cd0666a7" sha1="a04ce8c70eddfac0adbf9489c0abbaaae613037c" />
		<rom name="flicky [v1].bin" size="32768" crc="26d2862c" sha1="51947fc0ae2bc3442b0fee2cccf2344b7a94a167" />
	</machine>
	<machine name="girlgard">
		<description>Girl's Garden (Jpn)</description>
		<year>1984</year>
		<publisher>Sega</publisher>
		<rom name="girlgardt\girl's garden (tw).bin" size="32768" crc="b9635ac4" sha1="94089be091af476c5628225e0262396faa5394f1" />
		<rom name="girl's garden (japan).bin" size="32768" crc="1898f274" sha1="0e08786587fb76909b3f9806ba1f5d57ea17728c" />
	</machine>
	<machine name="golgo13">
		<description>Golgo 13 (Jpn)</description>
		<year>1984</year>
		<publisher>Sega</publisher>
		<rom name="golgo 13 (japan).bin" size="32768" crc="0d159ed0" sha1="bf27536c6ae71b333da8b362479da0a838d0715e" />
	</machine>
	<machine name="gpworld">
		<description>GP World (Jpn, v1)</description>
		<year>1985</year>
		<publisher>Sega</publisher>
		<rom name="gpworlda\mpr-6485.ic1" size="32768" crc="942adf84" sha1="40ae9c24c61188c6f02eba1b83109c5c4d86e64b" />
		<rom name="gpworldt\gp world (tw).bin" size="32768" crc="f19f7548" sha1="11773e7eb2dca727ea293b5aa50ed8094df29f41" />
		<rom name="gp world (japan).bin" size="32768" crc="191ffe0a" sha1="37aa4812d37445c9e86bc4e02f056fb50d19dc6a" />
	</machine>
	<machine name="gulkave">
		<description>Gulkave (Jpn)</description>
		<year>1986</year>
		<publisher>Sega</publisher>
		<rom name="gulkavek\gulkave (kr).bin" size="32768" crc="ddcb708b" sha1="deabfe970bb450e51909c181430e7de2bd1b1a9e" />
		<rom name="gulkave (japan).bin" size="32768" crc="15a754a3" sha1="3fb197d16b25bc128a2866c4b78b0535ab8dc412" />
	</machine>
	<machine name="guzzler">
		<description>Guzzler (Jpn, OMV)</description>
		<year>1983</year>
		<publisher>Tsukuda Original / Tehkan</publisher>
		<rom name="guzzlert\guzzler (tw).bin" size="8192" crc="eb808158" sha1="5c51f9846fb8220ab7dd6db5d6911cf4e985bfe9" />
		<rom name="guzzler (japan) (om).bin" size="8192" crc="61fa9ea0" sha1="d42b2c5f1da4e0fbd29fcea91bfc092ae46da4b8" />
	</machine>
	<machine name="hangon2">
		<description>Hang-On II (Jpn)</description>
		<year>1985</year>
		<publisher>Sega</publisher>
		<rom name="hangon2t1\hang-on ii [english logo] (tw).bin" size="32768" crc="cabd451b" sha1="1e25fc699baa715710f3f6375dbcb107bfc044f5" />
		<rom name="hangon2t2\hang-on ii [chinese logo] (tw).bin" size="32768" crc="e98a111e" sha1="154669944d899faa1db1cea3fecce9eb162eb3fd" />
		<rom name="hang-on ii (japan).bin" size="32768" crc="9be3c6bd" sha1="e636e889d4e81c024ee7dae8943c2b8d9d4a5414" />
	</machine>
	<machine name="hero">
		<description>H.E.R.O. (Jpn)</description>
		<year>1985</year>
		<publisher>Sega / Activision</publisher>
		<rom name="herot\h.e.r.o. (tw).bin" size="32768" crc="83958998" sha1="3b2d3dfe948a734c3d18b504c89c61b7b1f3d81b" />
		<rom name="herotw\H.E.R.O. [english logo] (TW).sg" size="32768" crc="96f09c6d" sha1="82b530feef7c011361e21b62d2c359c626ab8a9c" />
		<rom name="h.e.r.o. (japan).bin" size="32768" crc="4587de6e" sha1="19acb69b7b64da5083349d8bc40a47beacc88c41" />
	</machine>
	<machine name="homebas">
		<description>Home BASIC (Jpn)</description>
		<year>1985</year>
		<publisher>Sega</publisher>
		<rom name="home basic (jp).bin" size="32768" crc="78a37cbc" sha1="f1e1e7e9687cf4f9f498779a44134c2d70bb8d4b" />
	</machine>
	<machine name="homemj">
		<description>Home Mahjong (Jpn, v1)</description>
		<year>1984</year>
		<publisher>Sega</publisher>
		<rom name="homemj1\home mahjong (japan) (v1.0).bin" size="49152" crc="c9d1ae7d" sha1="0202c0d86c4b793c58af021edfb3c077ae3169a5" />
		<rom name="homemjt\home mahjong (tw).bin" size="49152" crc="0583a9fa" sha1="db98d7461e88cef8160089c44fcd432388e3c9df" />
		<rom name="home mahjong (japan) (v1.1).bin" size="49152" crc="e7e0f0e3" sha1="ac38a279f24e132acf6ac9fd27b53d1b939d2e7e" />
	</machine>
	<machine name="hustle">
		<description>Hustle Chumy (Jpn)</description>
		<year>1984</year>
		<publisher>Compile</publisher>
		<rom name="hustletw\Hustle Chumy (TW).sg" size="16384" crc="c4ed1fd9" sha1="e7800d107ef0a7773eea2d482b5db9d866ba74f9" />
		<rom name="hustle chumy (japan).bin" size="16384" crc="a627d440" sha1="1f1bad94b2d869c10a2373ca40d4076d227cc302" />
	</machine>
	<machine name="hypersp2">
		<description>Hyper Sports 2 (Tw)</description>
		<year>198?</year>
		<publisher>Aaronix</publisher>
		<rom name="hyper sports 2 (tw).bin" size="32768" crc="b0234e12" sha1="33072bafc25b83577886e91a75d0b6439a80374c" />
	</machine>
	<machine name="hyperspt">
		<description>Hyper Sports (Jpn)</description>
		<year>1985</year>
		<publisher>Sega / Konami</publisher>
		<rom name="hypersptk\hyper sports (kr).bin" size="32768" crc="3157ef9c" sha1="43d67e8c386012d0694f09a2fe31a46d32d39f17" />
		<rom name="hypersptt\hyper sports (tw).bin" size="32768" crc="87619ac2" sha1="bf4218aebc07aa7179cc52853a55436db985b81e" />
		<rom name="mpr-6487.ic1" size="32768" crc="ba09a0fd" sha1="8a13ee297f861f436b9529a5e2193cb697baa56f" />
	</machine>
	<machine name="jb007">
		<description>007 James Bond (Jpn, v2.7, OMV)</description>
		<year>1984</year>
		<publisher>Tsukuda Original</publisher>
		<rom name="jb007a\007 james bond [v2.6] [40k map].bin" size="40960" crc="a8b5b57f" sha1="c4c947a00155412c4e8b492e19ac229cc61fb401" />
		<rom name="jb007t\james bond 007 (tw).bin" size="16384" crc="76d6c64d" sha1="f0b594fa0d371b31bc517afec8e28d4917193f0e" />
		<rom name="james bond 007 (japan) (v2.7) (om).bin" size="16384" crc="90160849" sha1="88d8c1f56f06ec76be285c29f41322a748f7c4db" />
	</machine>
	<machine name="jinzita">
		<description>Jinzita (Tw)</description>
		<year>198?</year>
		<publisher>Aaronix</publisher>
		<rom name="king's valley (tw).bin" size="32768" crc="223397a1" sha1="922d23895c12707b2fc382ea5cb769c5cb9b5755" />
	</machine>
	<machine name="ldrun">
		<description>Lode Runner (Euro, Jpn)</description>
		<year>1984</year>
		<publisher>Sega / Brøderbund Software</publisher>
		<rom name="ldrunk\lode runner (kr).bin" size="32768" crc="e68bc7d6" sha1="23f22b407df4ae8d7931051eb229efd862bea5f7" />
		<rom name="ldrunt\lode runner (tw).bin" size="32768" crc="d953bdb7" sha1="fb226a489e5a47eb0182a067fa1031ec944ab455" />
		<rom name="mpr-5998.ic1" size="32768" crc="00ed3970" sha1="f14f216edfda7dfd113f5cb32375a27be8a6409d" />
	</machine>
	<machine name="linkwrld">
		<description>Link World (Prototype?)</description>
		<year>1987</year>
		<publisher>Abstract Software</publisher>
		<rom name="link world.bin" size="32768" crc="d5e919c1" sha1="c81c783fb806b3626ece75bf4456038a8a9e7075" />
	</machine>
	<machine name="m2cp">
		<description>SG-1000 M2 Check Program</description>
		<year>1984</year>
		<publisher>Sega</publisher>
		<rom name="sg-1000 m2 check program.bin" size="8192" crc="207e7e99" sha1="35141a11fff42ff33b9154e030501656925d271c" />
	</machine>
	<machine name="magtree">
		<description>Magical Tree (Tw)</description>
		<year>198?</year>
		<publisher>Aaronix</publisher>
		<rom name="magical tree (tw).bin" size="32768" crc="b3a8291a" sha1="2aecbc9429060ee3adfc865369f67f53408a5881" />
	</machine>
	<machine name="mahjong">
		<description>Mahjong (Jpn)</description>
		<year>1983</year>
		<publisher>Sega</publisher>
		<rom name="mahjonga\mahjong [big 1983].bin" size="24576" crc="1c137cab" sha1="81015cea7e5ff08bd7d20953a702d47efdb8c11c" />
		<rom name="mahjongt\mahjong (tw).bin" size="24576" crc="bc823a89" sha1="bd5130d36fc0ad008abfc524bb0c37290e7d0189" />
		<rom name="mahjong (japan).bin" size="24576" crc="6d909857" sha1="2e6810c0c0c02c0fdda6fcaeae835cf94ab9bcba" />
	</machine>
	<machine name="matchpg">
		<description>Okamoto Ayako no Match Play Golf (Jpn, OMV)</description>
		<year>1984?</year>
		<publisher>Tsukuda Original</publisher>
		<rom name="matchpga\okamoto ayako no match play golf [a] (jp).bin" size="32768" crc="547dd7fd" sha1="2fe5e6811aa340f10b67f78ee9ed566a94326bad" />
		<rom name="matchpgt\okamoto ayako no match play golf (tw).bin" size="32768" crc="b60492d5" sha1="543046650e07b10dbd2dca6f20bcafb9dd6dda77" />
		<rom name="okamoto ayako no match play golf [b] (jp).bin" size="32768" crc="49d3db2c" sha1="bcb03afd3bbd5dadf00474eac44bb66a5df419cf" />
	</machine>
	<machine name="mkidwiz">
		<description>Magical Kid Wiz (Tw)</description>
		<year>198?</year>
		<publisher>Aaronix</publisher>
		<rom name="magical kid wiz (tw).bin" size="49152" crc="ffc4ee3f" sha1="fd24b501046cf811b04386129be0362a1eabf6b3" />
	</machine>
	<machine name="monacogp">
		<description>Monaco GP (Jpn, v2)</description>
		<year>1983</year>
		<publisher>Sega</publisher>
		<rom name="monacogpa\monaco gp [32k].bin" size="32768" crc="da2d57f3" sha1="4ca8182b8f7c798d7222295978e2556ff115b848" />
		<rom name="monacogpb\monaco gp [24k].bin" size="40960" crc="8572d73a" sha1="bea768b27c09bec805f0c70545d2f1435e3a3ddf" />
		<rom name="monacogpt\monaco gp (tw).bin" size="32768" crc="01cda679" sha1="464ec3c9acfefd0ad244a43033985e88798905f9" />
		<rom name="monaco gp [32k] [v2].bin" size="32768" crc="02e5d66a" sha1="694228631d09ed06c8850fd164c6d99b12ff173d" />
	</machine>
	<machine name="moyuchua">
		<description>Moyu Chuanqi (Tw)</description>
		<year>1986?</year>
		<publisher>Jumbo</publisher>
		<rom name="knightmare [jumbo] (tw).bin" size="49152" crc="281d2888" sha1="babdb6b109b20e81c28cd892c2042723e9cbff49" />
	</machine>
	<machine name="ninjapri">
		<description>Ninja Princess (Jpn)</description>
		<year>1986</year>
		<publisher>Sega</publisher>
		<rom name="ninjaprit\ninja princess (tw).bin" size="32768" crc="464d144b" sha1="dac76d52c9d88f7b6bf71fc897669d7e6440d143" />
		<rom name="ninja princess (japan).bin" size="32768" crc="3b912408" sha1="f142bb823cebc4e31488e7a9a94644af24186d99" />
	</machine>
	<machine name="nsub">
		<description>N-Sub (Euro?)</description>
		<year>1988</year>
		<publisher>Sega</publisher>
		<rom name="nsuba\n-sub [16k].bin" size="16384" crc="652bbd1e" sha1="2640e267441bf25463a19273c46f3edb5e459496" />
		<rom name="nsubb\n-sub [40k].bin" size="40960" crc="b377d6e1" sha1="aa3eae849553a5a176762466b101f312b8b968e4" />
		<rom name="nsubt\n-sub (tw).bin" size="16384" crc="3e371769" sha1="55a36c77cbdf87530611feccf2f1807bdd2ac0ec" />
		<rom name="n-sub (europe) (1988).bin" size="16384" crc="09196fc5" sha1="32a263110434288d3720e2370241d1e93b3f07a9" />
	</machine>
	<machine name="orguss">
		<description>Orguss (Euro, Jpn)</description>
		<year>1984</year>
		<publisher>Sega</publisher>
		<rom name="mpr-5743.ic1" size="32768" crc="f4f78b76" sha1="c50b133dac95718e3a92a7ed45b6c7e83927abb0" />
	</machine>
	<machine name="othello">
		<description>Othello (Jpn)</description>
		<year>1985</year>
		<publisher>Sega / Tsukuda Original</publisher>
		<rom name="heibaiqi\othello (tw).bin" size="32768" crc="1d1a0ca3" sha1="242c29989149b94ff27d59a94f067d0f1c84b4a7" />
		<rom name="othello (japan).bin" size="32768" crc="af4f14bc" sha1="d0cd594ddb321f707ddba8a044fa3e9b906e720a" />
	</machine>
	<machine name="pacar">
		<description>Pacar (Euro, Jpn)</description>
		<year>1983</year>
		<publisher>Sega</publisher>
		<rom name="pacara\pacar [40k map].bin" size="40960" crc="19949375" sha1="5e89857a374cbf3efa32efb62d26973d46a856ae" />
		<rom name="pacart\pacar (tw).bin" size="16384" crc="dd6817a0" sha1="0833be2743608983012cab6e3bdd6fd56453114e" />
		<rom name="mpr-5556.ic1" size="16384" crc="30c52e5e" sha1="91fd213308b83bb1bda1dfc7e971e576caace291" />
	</machine>
	<machine name="pachink2">
		<description>Pachinko II (Jpn)</description>
		<year>1984</year>
		<publisher>Sega</publisher>
		<rom name="pachink2t\pachinko ii (tw).bin" size="16384" crc="6ebe81bf" sha1="ca0c66b4d48d6ade38e7f9093eea74ad090ecdb7" />
		<rom name="pachinko ii (japan).bin" size="16384" crc="fd7cb50a" sha1="1dbc4babbbb377a1ff59a11e550a9b1b5e742b02" />
	</machine>
	<machine name="pachinko">
		<description>Pachinko (Jpn)</description>
		<year>1983</year>
		<publisher>Sega</publisher>
		<rom name="pachinko (japan).bin" size="40960" crc="326587e1" sha1="aeaa15155e7d4275880c35c866c45626daa4dab9" />
	</machine>
	<machine name="pingpong">
		<description>Ping Pong (Tw)</description>
		<year>1985?</year>
		<publisher>Aaronix</publisher>
		<rom name="ping pong (konami's) (tw).bin" size="32768" crc="4d972a9e" sha1="cba791acd9e0f46bfa6132645bf44027e100c68a" />
	</machine>
	<machine name="pippols">
		<description>Shénqí huāyuán (Tw)</description>
		<year>1986?</year>
		<publisher>Jumbo</publisher>
		<rom name="pippols [jumbo] (tw).sg" size="32768" crc="df7cbfa5" sha1="4a95b98e127fb0c6428d6debcfc92152069ac531" />
	</machine>
	<machine name="pitfall2">
		<description>Pitfall II - The Lost Caverns (Jpn, v1)</description>
		<year>1985</year>
		<publisher>Sega</publisher>
		<rom name="faguiqib\pitfall ii [v0] [chinese logo] (tw).bin" size="32768" crc="476a079b" sha1="38c25d7730863877fdae5491724a3aed9c6b04d5" />
		<rom name="faguiqiba\pitfall ii [v0] [english logo] (tw).bin" size="32768" crc="4e93bc8e" sha1="c98a5bdb2f97e2e85d0a131d58e311544adb416e" />
		<rom name="pitfall2a\pitfall ii - the lost caverns (japan).bin" size="32768" crc="37fca2eb" sha1="356db6edcd337a06063957bd8cb27edeb7160f6c" />
		<rom name="pitfall ii - the lost caverns (japan) (alt).bin" size="32768" crc="3db74761" sha1="a14453650b6b2ef85e03b9637f08f691878acff4" />
	</machine>
	<machine name="popflame">
		<description>Pop Flamer (Euro, Jpn)</description>
		<year>1983</year>
		<publisher>Sega / Jaleco</publisher>
		<rom name="popflamet\pop flamer (tw).bin" size="16384" crc="ab1da8a6" sha1="25d5cdc7fdd5cba97abbd9d32f61a39aacceb2c0" />
		<rom name="pop flamer (japan, europe).bin" size="16384" crc="db6404ba" sha1="84b59a9f855ef5e953c43495d7a15dd78386d0a8" />
	</machine>
	<machine name="qbert">
		<description>Q*bert (Jpn, OMV)</description>
		<year>1983</year>
		<publisher>Tsukuda Original / Parker Brothers</publisher>
		<rom name="q-bert (japan) (om).bin" size="8192" crc="77db4704" sha1="ae23fce5dbbc1536275d57ca65d2aa9170d46ea4" />
	</machine>
	<machine name="rallyx">
		<description>Rally-X (Tw)</description>
		<year>1986?</year>
		<publisher>DahJee</publisher>
		<rom name="duduche\rally-x [dahjee] (tw).bin" size="32768" crc="306d5f78" sha1="21770691191b62bafec9099bbe0f9942f5480f83" />
		<rom name="rally-x (tw).bin" size="32768" crc="aaac12cf" sha1="0c1957a5faae5254c69f3331e79d87499dd7cf48" />
	</machine>
	<machine name="roadfght">
		<description>Road Fighter (Tw)</description>
		<year>1986?</year>
		<publisher>Jumbo?</publisher>
		<rom name="huojiche\road fighter [jumbo] (tw).bin" size="32768" crc="29e047cc" sha1="4f1a139974e3db27af5973bc9572ed68acd6ea68" />
		<rom name="road fighter (tw).bin" size="32768" crc="d2edd329" sha1="2755f74019dc94559fd0c2248e2ecb7f48879b90" />
	</machine>
	<machine name="rocknbol">
		<description>Rock n' Bolt (Jpn)</description>
		<year>1985</year>
		<publisher>Sega / Activision</publisher>
		<rom name="motianda\rock n' bolt (tw).bin" size="32768" crc="4eacb981" sha1="18a6b34d071feaad416704d5e6fd7680374dd669" />
		<rom name="rocknboltw\Rock n' Bolt [english logo] (TW).sg" size="32768" crc="09a82af7" sha1="e3be08bda8459fc60836abe332e9864e7c596202" />
		<rom name="rock n' bolt (japan).bin" size="32768" crc="0ffdd03d" sha1="d5e8e7ca7623521d4291ae5ab2740816fc674389" />
	</machine>
	<machine name="safarihu">
		<description>Safari Hunting (Jpn)</description>
		<year>1983</year>
		<publisher>Sega</publisher>
		<rom name="safarihut\safari hunting (tw).bin" size="16384" crc="6dc51c01" sha1="e3aa37f4c9f213a673e369f62561f3f80513e4f3" />
		<rom name="safari hunting (japan).bin" size="16384" crc="49e9718b" sha1="902dbabbfa98d71299adda0638b87152188e1cf1" />
	</machine>
	<machine name="safarirc">
		<description>Safari Race (Euro?)</description>
		<year>1988</year>
		<publisher>Sega</publisher>
		<rom name="safarircj\mpr-5977.ic1" size="32768" crc="08707fe3" sha1="ecbba909f2227786e7ba3360d2dd158f6513cfd4" />
		<rom name="safarirct\safari race (tw).bin" size="32768" crc="b2724428" sha1="06fe09074bef542b590761ba585911d0998af646" />
		<rom name="safari race [1988].bin" size="32768" crc="619dd066" sha1="1d2ca62c894fc8aab97605e65078e834bbbe3d8b" />
	</machine>
	<machine name="segaflip">
		<description>Sega Flipper (Euro, Jpn)</description>
		<year>1983</year>
		<publisher>Sega</publisher>
		<rom name="segaflipa\sega flipper [40k map].bin" size="40960" crc="fd76ad99" sha1="d713dcbd79a3db8f1ef2cfb27da31a286fff16d1" />
		<rom name="segaflipt\sega flipper (tw).bin" size="16384" crc="042c36ba" sha1="b7eb254a014772a83829e1991dcd32396e8dd9cc" />
		<rom name="sega flipper (japan, europe).bin" size="16384" crc="8efc77bc" sha1="e0605e23d80b8b975743d3417f548b28810e0ba3" />
	</machine>
	<machine name="segagala">
		<description>Sega-Galaga (Jpn)</description>
		<year>1983</year>
		<publisher>Sega / Namco</publisher>
		<rom name="galaga\galaga (tw).bin" size="16384" crc="845bbb22" sha1="6c049daa08af7b1f08b98d6998ba52d7cf3cc4de" />
		<rom name="segagala1\sega-galaga [40k map].bin" size="40960" crc="31283003" sha1="9b093878f92ce8b918beaa44dcc8a41282f9f267" />
		<rom name="sega-galaga (japan).bin" size="16384" crc="981e36c1" sha1="32e776b3a17f7c0df0fa9eb49a3e451cfe702bfd" />
	</machine>
	<machine name="serizawa">
		<description>Serizawa Hachidan no Tsumeshogi (Jpn)</description>
		<year>1983</year>
		<publisher>Sega</publisher>
		<rom name="serizawa hachidan no tsumeshogi (japan).bin" size="16384" crc="545fc9bb" sha1="c2d3882874a5a9b79a5dc9fdeb7af750bc52ca21" />
	</machine>
	<machine name="shinnyus">
		<description>Shinnyushain Tooru Kun (Jpn)</description>
		<year>1985</year>
		<publisher>Sega / Konami</publisher>
		<rom name="shinnyust\shinnyushain tooru kun (tw).bin" size="32768" crc="33fc5cf6" sha1="e47e56be455d46c6cc5334895e54069a85da6c3b" />
		<rom name="shinnyushain tooru kun (japan).bin" size="32768" crc="5a917e06" sha1="83784e8248e2367546115382dac157ca8e6fe3ab" />
	</machine>
	<machine name="sindbadm">
		<description>Sindbad Mystery (Euro, Jpn)</description>
		<year>1983</year>
		<publisher>Sega</publisher>
		<rom name="sindbadmt\sindbad mystery (tw).bin" size="32768" crc="945f7847" sha1="9a4e44ccd3cabd092aae59fcabda8f047609a675" />
		<rom name="mpr-5546.ic1" size="32768" crc="01932df9" sha1="90bb8b8337866339f32b3fd48b4d25d78d682b55" />
	</machine>
	<machine name="sokoban">
		<description>Soukoban (Jpn)</description>
		<year>1985</year>
		<publisher>Sega / Thinking Rabbit</publisher>
		<rom name="iq\soukoban [iq logo] (kr).bin" size="32768" crc="89bafec5" sha1="3a8505aabd165bd9de51369f588ae8c867b7671f" />
		<rom name="sokobank\soukoban (kr).bin" size="32768" crc="148ea752" sha1="a9d77c6dee31956bb382abd14245ff581369578d" />
		<rom name="sokobant\soukoban (tw).bin" size="32768" crc="a2c3fc97" sha1="4216770efbaf49f832ff7a78fbc9cd2c8300f52c" />
		<rom name="soukoban (japan).bin" size="32768" crc="922c5468" sha1="94e79b4a8b4a5fb77c837ea0a1e28bc5993d36af" />
	</machine>
	<machine name="spacearm">
		<description>Space Armor (Jpn, v20, OMV)</description>
		<year>1984</year>
		<publisher>Tsukuda Original</publisher>
		<rom name="spacearma\space armor [v1].bin" size="16384" crc="d5fdb4a3" sha1="3c3b59321321061642f8cf609ae3e2cab56eb83b" />
		<rom name="spacearmb\space armor [v0] [40k map].bin" size="40960" crc="d23b0e3e" sha1="bbffe62f8f851e3c4a62981437facb518054a8ab" />
		<rom name="space armor [v2].bin" size="16384" crc="ac4f0a5c" sha1="a968b1debb39909cd83203244cc60da1e0003f71" />
	</machine>
	<machine name="spaceinv">
		<description>Space Invaders (Jpn)</description>
		<year>1985</year>
		<publisher>Sega / Taito</publisher>
		<rom name="spaceinvt\space invaders (tw).bin" size="16384" crc="0760ea93" sha1="5a7904697ea8a360066ea8403793227021735969" />
		<rom name="space invaders (japan).bin" size="16384" crc="6ad5cb3d" sha1="a4e4b0c2967e39c4931fba8bc87428f296e461c5" />
	</machine>
	<machine name="spacemnt">
		<description>Space Mountain (Jpn, OMV)</description>
		<year>1983</year>
		<publisher>Tsukuda Original</publisher>
		<rom name="space mountain (japan) (om).bin" size="8192" crc="bbd87d8f" sha1="08d9360d6e92b081d99b7629f91d4fe482383a18" />
	</machine>
	<machine name="spacesla">
		<description>Space Slalom (Jpn)</description>
		<year>1983</year>
		<publisher>Sega / Orca</publisher>
		<rom name="space slalom (japan).bin" size="8192" crc="b8b58b30" sha1="798b5f3742cb3f95fd5977d9a2cb48ba2dc804e6" />
	</machine>
	<machine name="starfrce">
		<description>Star Force (Jpn)</description>
		<year>1985</year>
		<publisher>Sega / Tehkan</publisher>
		<rom name="starfrcet\star force (tw).bin" size="32768" crc="1f736931" sha1="f3ddf97ddf0e40289e38d9105300f15ec7eab78c" />
		<rom name="starfrceta\star force [b] (tw).bin" size="32768" crc="6f9b1ccd" sha1="ff6e3bdb830e6f74f9997b4d36604fd07d7e6019" />
		<rom name="star force (japan).bin" size="32768" crc="b846b52a" sha1="d38875cb08de0ea892e5ef80f93987bbc445ef8f" />
	</machine>
	<machine name="starjack">
		<description>Star Jacker (Euro, Jpn, v1.2)</description>
		<year>1983</year>
		<publisher>Sega</publisher>
		<rom name="starjack1\star jacker (japan, europe) (v1.1).bin" size="32768" crc="7f25deca" sha1="be078bfa5340f2e1d307b85d3648192972529e46" />
		<rom name="starjack2\star jacker (japan) (v1.0).bin" size="32768" crc="1ae94122" sha1="5d074708edf6c40dc6d80032cd91ff6197aa79c7" />
		<rom name="starjackt\star jacker [v1] (tw).bin" size="32768" crc="df162201" sha1="2bc990615a6ea7f005e8458c9791f0098c4d4a85" />
		<rom name="star jacker (japan, europe) (v1.2).bin" size="32768" crc="3fe59505" sha1="a2a06e7545ca1e0d522d0eb75a72b5b520f42330" />
	</machine>
	<machine name="starsold">
		<description>Yǔzhòu zhànshì (Tw)</description>
		<year>1986?</year>
		<publisher>DahJee</publisher>
		<rom name="star soldier [dahjee] (tw).sg" size="49152" crc="e0816bb7" sha1="c1984257809ec5bce80a65d22b9b32561e04922c" />
	</machine>
	<machine name="supertnk">
		<description>Super Tank (Jpn)</description>
		<year>1986</year>
		<publisher>Sega</publisher>
		<rom name="supertnkk\super tank (kr).bin" size="32768" crc="4c48b7ac" sha1="0a49de909b07b69a24b5c02ad08446e2cd1787d2" />
		<rom name="supertnkt\super tank (tw).bin" size="32768" crc="d0c3df3f" sha1="0d014fc9db775b62ff55196b85b8e91c5e3249f3" />
		<rom name="super tank (japan).bin" size="32768" crc="084cc13e" sha1="58d7d51b91b763d812376d56643a4f8a331e826b" />
	</machine>
	<machine name="sxpao">
		<description>Shuangxiang Pao (Tw)</description>
		<year>1986?</year>
		<publisher>Jumbo</publisher>
		<rom name="twinbee [jumbo] (tw).bin" size="49152" crc="c550b4f0" sha1="a8c30043c145e63f79a3265dde167529f0e08d49" />
	</machine>
	<machine name="tankdazh">
		<description>Tanke Dazhan (Tw)</description>
		<year>1986?</year>
		<publisher>DahJee</publisher>
		<rom name="tank battalion [dahjee] (tw).bin" size="32768" crc="5cbd1163" sha1="0ca3b740b28266a2a606127ed8967c684b67cb44" />
	</machine>
	<machine name="terebioe">
		<description>Terebi Oekaki (Jpn)</description>
		<year>1985</year>
		<publisher>Sega</publisher>
		<rom name="terebi oekaki (japan).bin" size="8192" crc="dd4a661b" sha1="12296f2bb57d80d1774749d3002a039e0940c6fa" />
	</machine>
	<machine name="uranaiac">
		<description>Uranai Angel Cutie (Jpn)</description>
		<year>198?</year>
		<publisher>Sega</publisher>
		<rom name="uranai angel cutie (jp).bin" size="32768" crc="ae4f92cf" sha1="90e32471b68cb60449b30e5d5a19d3a88f9829d3" />
	</machine>
	<machine name="wboy">
		<description>Wonder Boy (Jpn, v1)</description>
		<year>1986</year>
		<publisher>Sega</publisher>
		<rom name="wboya\wonder boy (japan).bin" size="32768" crc="160535c5" sha1="4a54933135cdff546fd79cbc61a38355f7335f3f" />
		<rom name="wboyt\wonder boy [v1] (tw).bin" size="32768" crc="953fc2b2" sha1="8f261b955162c179fe4c936ece767bbf25c4888c" />
		<rom name="wonder boy [v1].bin" size="32768" crc="e8f0344d" sha1="240600a0dda16809f49b173f731c7fdaf921466a" />
	</machine>
	<machine name="yamato">
		<description>Yamato (Euro, Jpn)</description>
		<year>1983</year>
		<publisher>Sega</publisher>
		<rom name="yamatoa\yamato [40k map].bin" size="40960" crc="9c7497ff" sha1="fe86e669f3e4b808236d7b80aeb5a83172edb9ac" />
		<rom name="yamatot\yamato (tw).bin" size="16384" crc="b65a093f" sha1="6fbdc967f5c7c39eb1fdea08d2dcabfd64b8e7ee" />
		<rom name="yamato (japan, europe).bin" size="16384" crc="e2fd5201" sha1="4d746558fb699c5cb480ba26130518105b2e2031" />
	</machine>
	<machine name="yiear">
		<description>Yie Ar Kung-Fu (Tw)</description>
		<year>1985?</year>
		<publisher>Aaronix</publisher>
		<rom name="yie ar kung-fu (tw).bin" size="32768" crc="bb0f1930" sha1="0a6157837af2e5dec2e9b30d475b48fa7c14cc3e" />
	</machine>
	<machine name="yingchua">
		<description>Yingzi Chuanshuo (Tw)</description>
		<year>1986?</year>
		<publisher>DahJee</publisher>
		<rom name="legend of kage, the [dahjee] (tw).bin" size="49152" crc="2e7166d5" sha1="902dbb122bf0efc76604a876c3fae51c074bdc6a" />
	</machine>
	<machine name="zaxxon">
		<description>Zaxxon (Jpn)</description>
		<year>1985</year>
		<publisher>Sega</publisher>
		<rom name="zaxxont\zaxxon (tw).bin" size="32768" crc="49cae925" sha1="172a8ff1a574d7920906c5cf60e1d39f31b9b639" />
		<rom name="zaxxon (japan).bin" size="32768" crc="905467e4" sha1="e32f536c3576d41ab485e07809c4404e6b462443" />
	</machine>
	<machine name="zippyrac">
		<description>Zippy Race (Jpn)</description>
		<year>1983</year>
		<publisher>Sega / Irem</publisher>
		<rom name="zippyract\zippy race (tw).bin" size="32768" crc="bcf441a5" sha1="f6926d0c3c654a038cd5eec9aaa6876bce86fdaa" />
		<rom name="zippy race (japan).bin" size="32768" crc="bc5d20df" sha1="8c48dbe187ff4b26d6244d38075565f284536d0c" />
	</machine>
	<machine name="zoom909">
		<description>Zoom 909 (Jpn)</description>
		<year>1985</year>
		<publisher>Sega</publisher>
		<rom name="huohuli\zoom 909 (tw).bin" size="32768" crc="9943fc2b" sha1="7a998a0da19471f7e3e5bd82a9fbaf82a966ee40" />
		<rom name="zoom 909 (japan).bin" size="32768" crc="093830d8" sha1="09552aaa7140f9fc780b5f7d541478b534320075" />
	</machine>
</datafile>