<?xml version="1.0" encoding="utf-8"?>
<!DOCTYPE datafile PUBLIC "-//Logiqx//DTD ROM Management Datafile//EN" "http://www.logiqx.com/Dats/datafile.dtd">
<datafile>
	<header>
		<name>arb</name>
		<description>ARB Modules</description>
		<version></version>
		<author></author>
	</header>
	<machine name="avelan">
		<description>Avelan</description>
		<year>198?</year>
		<publisher>AVE Micro Systems</publisher>
		<rom name="avelan.bin" size="4096" crc="01e713d1" sha1="a32e22de4d32fd0a97f8be6b5bc33d0c558aa323" />
	</machine>
	<machine name="gms40">
		<description>Grand Master Series 4.0</description>
		<year>1984</year>
		<publisher>AVE Micro Systems</publisher>
		<rom name="1.bin" size="4096" crc="26e57f38" sha1="b37364dd567018e5aebaecbcc47af3bd43e36032" />
		<rom name="2.bin" size="8192" crc="3b1b26a2" sha1="0b59f6c344c9996a06e63e61e91a195b0eb1dd32" />
		<rom name="3.bin" size="8192" crc="b90f7f80" sha1="71ffd2d56e1f44e7c4e1d13364e43fc6ac1a4f99" />
	</machine>
	<machine name="sargon25">
		<description>Sargon 2.5</description>
		<year>1980</year>
		<publisher>AVE Micro Systems</publisher>
		<rom name="4000-4800_ea_8332a161-1" size="4096" crc="00460848" sha1="ac4fe2232028bd42506a24457882296e7d3a8f54" />
		<rom name="5000-5800_ea_8332a160-1" size="4096" crc="aac1dff2" sha1="9a7fc6dc98e53120e511d266304ad07f248f415a" />
	</machine>
</datafile>