<?xml version="1.0" encoding="utf-8"?>
<!DOCTYPE datafile PUBLIC "-//Logiqx//DTD ROM Management Datafile//EN" "http://www.logiqx.com/Dats/datafile.dtd">
<datafile>
	<header>
		<name>coco_cart</name>
		<description>Tandy Radio Shack Color Computer cartridges</description>
		<version></version>
		<author></author>
	</header>
	<machine name="7cardstd">
		<description>7 Card Stud</description>
		<year>1983</year>
		<publisher>Tandy</publisher>
		<rom name="7 card stud (1983) (26-3074) (intelligent software).rom" size="8192" crc="f38d8c97" sha1="5cfcb699ce09840dbb52714c8d91b3d86d3a86c3" />
	</machine>
	<machine name="amazing1">
		<description>A Mazing World of Malcom Mortar (Alt)</description>
		<year>1987</year>
		<publisher>Tandy</publisher>
		<rom name="a mazing world of malcom mortar (1987)(26-3160)(zct systems)[a].rom" size="16384" crc="d4bbe731" sha1="d2a70452a120d3164ae52e16062fb2a4539fd377" status="baddump" />
	</machine>
	<machine name="amazing">
		<description>A Mazing World of Malcom Mortar</description>
		<year>1987</year>
		<publisher>Tandy</publisher>
		<rom name="a mazing world of malcom mortar (1987)(26-3160)(zct systems).rom" size="16384" crc="93ddfc53" sha1="bdd56931325648d5ecc860ff77c59d27637687de" status="baddump" />
	</machine>
	<machine name="androne">
		<description>Androne</description>
		<year>1983</year>
		<publisher>Tandy</publisher>
		<rom name="androne (1983)(26-3096)(robert arnstein).rom" size="8192" crc="7d1cac0e" sha1="b19da63ba28a1278c3921a2dc739ad1d0dbd5402" />
	</machine>
	<machine name="applianc">
		<description>Appliance and Light Controller</description>
		<year>1984</year>
		<publisher>Tandy</publisher>
		<rom name="applicance and light controller (1984) (26-3142) (pico electronics ltd).rom" size="16128" crc="262a299c" sha1="1f5c8bdb4a75ca61a5d738c3a4100dbaed154357" />
	</machine>
	<machine name="arkanoid">
		<description>Arkanoid</description>
		<year>1987</year>
		<publisher>Tandy</publisher>
		<rom name="arkanoid (1987)(26-3043)(taito).rom" size="32768" crc="2fab4955" sha1="399a67d4e9dcffdbc79ab3e88a19bf5d18cad31e" />
	</machine>
	<machine name="artgalry">
		<description>Art Gallery</description>
		<year>1981</year>
		<publisher>Tandy</publisher>
		<rom name="art gallery (1981)(26-3061)(robert g. kilgus).rom" size="4096" crc="2fdf5b58" sha1="430f3f9391e63b21b5d14b1c54168d76171492a6" />
	</machine>
	<machine name="atom">
		<description>Atom</description>
		<year>1983</year>
		<publisher>Tandy</publisher>
		<rom name="atom (1983)(26-3149)(tandy).rom" size="16384" crc="04d9cfe4" sha1="654b989c4ca40d5acc78dca701cd3004293bf334" />
	</machine>
	<machine name="backgamm">
		<description>Backgammon</description>
		<year>1980</year>
		<publisher>Tandy</publisher>
		<rom name="backgammon (1980)(26-3059)(tandy).rom" size="4096" crc="a3b8ba85" sha1="0abf66c7e392c67a5735856f907501f26b70a69e" />
	</machine>
	<machine name="baseball">
		<description>Color Baseball</description>
		<year>1980</year>
		<publisher>Tandy</publisher>
		<rom name="color baseball (1980)(26-3095)(dale a. lear).rom" size="8192" crc="ad1937c1" sha1="a86b8b3feb79f25eefff946b325b9df385fc3fa2" />
	</machine>
	<machine name="bingomth">
		<description>Bingo Math</description>
		<year>1980</year>
		<publisher>Tandy</publisher>
		<rom name="bingo math (1980)(26-3150)(tandy).rom" size="4096" crc="3be0cf60" sha1="74444a440545c1375546b30a3160a37f7967ff40" />
	</machine>
	<machine name="bridge">
		<description>Bridge Tutor I</description>
		<year>1982</year>
		<publisher>Tandy</publisher>
		<rom name="bridge tutor (1982)(26-3158)(philidor software).rom" size="8192" crc="d6b940f1" sha1="882dbbd3dd79a94b08d4b662e2d2744150156479" />
	</machine>
	<machine name="castlgrd">
		<description>Castle Guard</description>
		<year>1981</year>
		<publisher>Tandy</publisher>
		<rom name="castle guard (1981)(26-3079)(the image producers).rom" size="4096" crc="8869eddc" sha1="f4aab6a31b8aef3f08c13fd5c5fbd48ed75bb4fa" />
	</machine>
	<machine name="cclimber">
		<description>Canyon Climber</description>
		<year>1982</year>
		<publisher>Tandy</publisher>
		<rom name="canyon climber (1982) (26-3089) (datasoft) [a1].rom" size="8192" crc="23e3869f" sha1="b064b863b0e621bdfece76a0ac7b11301b5d8528" />
	</machine>
	<machine name="checkerk">
		<description>Checker King</description>
		<year>1980</year>
		<publisher>Tandy</publisher>
		<rom name="checker king (1980)(26-3055)(personal software).rom" size="4096" crc="05dc5ef3" sha1="32f7c203dc9f5345c75cbfc4f93dfd1e8a626955" />
	</machine>
	<machine name="checkers">
		<description>Roman Checkers</description>
		<year>1981</year>
		<publisher>Tandy</publisher>
		<rom name="roman checkers (1981)(26-3071)(the image producers).rom" size="8192" crc="3bf566bb" sha1="ab471a6ab6e5e5636278dd1a211e539503a998b1" />
	</machine>
	<machine name="clowns">
		<description>Clowns &amp; Balloons</description>
		<year>1982</year>
		<publisher>Tandy</publisher>
		<rom name="clowns &amp; balloons (1982)(26-3087)(steve bjork).rom" size="8192" crc="fe4c93e4" sha1="dd597a3c965916c1342428f163ccf19b63a03c57" />
	</machine>
	<machine name="clrfile2">
		<description>Color File II</description>
		<year>1986</year>
		<publisher>Tandy</publisher>
		<rom name="color file ii (1986) (26-3110) (tandy).rom" size="16384" crc="a12f8164" sha1="52fd1984ac84c280d29c2d701b1773cfcb957305" />
	</machine>
	<machine name="clrfile">
		<description>Color File</description>
		<year>1981</year>
		<publisher>Tandy</publisher>
		<rom name="color file (1981)(26-3103)(tandy).rom" size="4096" crc="d78be10a" sha1="aa2c65c5d0e9102720e9954707d2be2efab25c0d" />
	</machine>
	<machine name="clrforth">
		<description>Color FORTH v1.1</description>
		<year>1981</year>
		<publisher>Microworks</publisher>
		<rom name="color forth (1981)(microworks).rom" size="10240" crc="8acd7ea2" sha1="4ddafa18eaf0a33c03bf46f10dbea2301e05e622" status="baddump" />
	</machine>
	<machine name="clrlogo">
		<description>Color LOGO</description>
		<year>1983</year>
		<publisher>Tandy</publisher>
		<rom name="color logo (1983)(26-2722)(larry kheriaty &amp; george gerhold).rom" size="8192" crc="9fb1e7d9" sha1="6ada350152b561eb66369389681953a849b2243b" />
	</machine>
	<machine name="clrlogof">
		<description>Color LOGO (FR)</description>
		<year>1983</year>
		<publisher>Tandy</publisher>
		<rom name="color logo (french) (1983) (26-8722) (larry kheriaty &amp; george gerhold).rom" size="8192" crc="e0dff41f" sha1="f3401fc9cf47fd9fb077e8801970aa8318a955ae" />
	</machine>
	<machine name="clrrobot">
		<description>Color Robot Battle</description>
		<year>1981</year>
		<publisher>Tandy</publisher>
		<rom name="color robot battle (1981) (26-3070) (the image producers).rom" size="8192" crc="abf18f89" sha1="4b4d3b440bd961305bccd9e121c4cf23cd1c4f2d" />
	</machine>
	<machine name="crosswrd">
		<description>Crosswords</description>
		<year>1981</year>
		<publisher>Tandy</publisher>
		<rom name="crosswords (1981) (26-3082) (the image producers).rom" size="4096" crc="06075f2a" sha1="949cac570d8ccb6cea0ed565d420f3198e2f1c64" />
	</machine>
	<machine name="cubes">
		<description>Color Cubes</description>
		<year>1981</year>
		<publisher>Tandy</publisher>
		<rom name="color cubes (1981)(26-3075)(robert g. kilgus).rom" size="4096" crc="f4be90bc" sha1="9cd165a29dec6bfb29ed420039a46d50c1e15d3a" />
	</machine>
	<machine name="cyrus1">
		<description>Cyrus World Class Chess</description>
		<year>1984</year>
		<publisher>Tandy</publisher>
		<rom name="cyrus chess (1982)(26-3064)(tandy).rom" size="16384" crc="bfa3585d" sha1="bd6ebd24a854fb98fa303b8cac09d8405d08252b" />
	</machine>
	<machine name="dagorath">
		<description>Dungeons of Daggorath</description>
		<year>1982</year>
		<publisher>Tandy</publisher>
		<rom name="dungeons of daggorath (1982)(26-3093)(dynamicro).rom" size="8192" crc="d45e59e3" sha1="b313259369d93c4badfba9a0126e320438d4a8b9" />
	</machine>
	<machine name="dblback">
		<description>Double Back</description>
		<year>1982</year>
		<publisher>Tandy</publisher>
		<rom name="double back (1982)(26-3091)(dale a. lear).rom" size="4096" crc="4cc44337" sha1="bebd3f50f84c7e83f61f905f5bb13df0ee4227cc" />
	</machine>
	<machine name="demodrby">
		<description>Demolition Derby</description>
		<year>1984</year>
		<publisher>Tandy</publisher>
		<rom name="demolition derby (1984)(26-3044)(spectral associates).rom" size="8192" crc="1199d27f" sha1="36c23e8a66cd1822efe9c667b2e621109a48e17e" />
	</machine>
	<machine name="demonatk">
		<description>Demon Attack</description>
		<year>1984</year>
		<publisher>Tandy</publisher>
		<rom name="demon attack (1984)(26-3099)(imagic).rom" size="16128" crc="b7a1aa3e" sha1="aeb7548474fa049704262f7fb5dcf514e64c70c6" status="baddump" />
	</machine>
	<machine name="diag1">
		<description>Diagnostics</description>
		<year>1980</year>
		<publisher>Tandy</publisher>
		<rom name="diagnostics (1980)(26-3019)(tandy).rom" size="2048" crc="d5257b50" sha1="e359c48fc325c9ab243335653a5f8cae4f8fbd7e" />
	</machine>
	<machine name="diag2">
		<description>Diagnostics v2.0</description>
		<year>1982</year>
		<publisher>Tandy</publisher>
		<rom name="diagnostics v2.0 (1982)(26-3019)(tandy).rom" size="2048" crc="8cd56308" sha1="3292b08ddc686590defe65b663c84578d24cc0a2" />
	</machine>
	<machine name="dinowar">
		<description>Dino Wars</description>
		<year>1981</year>
		<publisher>Tandy</publisher>
		<rom name="dino wars (1981)(26-3057)(robert g. kilgus).rom" size="8192" crc="ba1d9e81" sha1="f9e91893e577f5c762dd312219a6203794b99b4c" />
	</machine>
	<machine name="dlxrs232">
		<description>Deluxe RS-232 Program Pak</description>
		<year>1983</year>
		<publisher>Tandy</publisher>
		<rom name="deluxe rs-232 program pak (1983)(26-2226)(tandy).rom" size="4096" crc="d990e1f9" sha1="3fad25f3462a0b581b9c182ac11ad90c8fa08cb6" />
	</machine>
	<machine name="donpan">
		<description>Donpan</description>
		<year>1984</year>
		<publisher>Tandy</publisher>
		<rom name="donpan (1984)(26-3097)(tandy).rom" size="8192" crc="819fc9fb" sha1="649ada27254714b538b743189a974714de6fc390" />
	</machine>
	<machine name="doodlbug1">
		<description>Doodle Bug (Alt)</description>
		<year>1982</year>
		<publisher>Computerware</publisher>
		<rom name="doodle bug (1982)(computerware)[a].rom" size="8192" crc="c3d41232" sha1="065d7e16319735888c945d77f3192af1b34e8bd7" />
	</machine>
	<machine name="doodlbug2">
		<description>Doodle Bug (Alt 2)</description>
		<year>1982</year>
		<publisher>Computerware</publisher>
		<rom name="doodle bug (1982)(computerware)[a1].rom" size="8192" crc="ea820c39" sha1="6bd818617d1db6b0a9d4304c84089a7ae1d20dac" />
	</machine>
	<machine name="doodlbug">
		<description>Doodle Bug</description>
		<year>1982</year>
		<publisher>Computerware</publisher>
		<rom name="doodle bug (1982)(computerware).rom" size="16128" crc="b86830a9" sha1="9562f400bced999fa5e05b654c3f1eb9f5d085e1" status="baddump" />
	</machine>
	<machine name="downland1">
		<description>Down Land v1.0</description>
		<year>1983</year>
		<publisher>Tandy</publisher>
		<rom name="downland v1.0 (1983)(26-3046)(tandy).rom" size="8192" crc="a923f5a2" sha1="60c12c0c96f8ee029cc69102c9907938acedf596" />
	</machine>
	<machine name="downland">
		<description>Down Land v1.1</description>
		<year>1983</year>
		<publisher>Tandy</publisher>
		<rom name="downland v1.1 (1983)(26-3046)(tandy).rom" size="8192" crc="0229c319" sha1="a0121376f0952965a68bb9d9779553f1ce373dcf" />
	</machine>
	<machine name="drgnfire">
		<description>Dragon Fire</description>
		<year>1984</year>
		<publisher>Tandy</publisher>
		<rom name="dragon fire (1984)(26-3098)(tandy).rom" size="16128" crc="1031fa22" sha1="70d93265f53d603854327a8fcf85d02fdaaadac1" status="baddump" />
	</machine>
	<machine name="edtasm">
		<description>EDTASM+ v1.0</description>
		<year>1982</year>
		<publisher>Tandy</publisher>
		<rom name="editor assembler plus v1.0 (1982)(26-3250)(tandy).rom" size="16384" crc="f4374a55" sha1="994d9ae48a955a51329e6a518cb366997af757a7" />
	</machine>
	<machine name="facemakr">
		<description>Facemaker</description>
		<year>1984</year>
		<publisher>Tandy</publisher>
		<rom name="facemaker (1984)(26-3166)(spinnaker).rom" size="8192" crc="7a1c2f2d" sha1="beda70715726b2419f5828ab217411723bb8efbd" />
	</machine>
	<machine name="fd502">
		<description>Color Computer Disk BASIC for FD502</description>
		<year>1982</year>
		<publisher>Tandy</publisher>
		<rom name="color computer disk basic for fd502 (1982)(26-3131)(tandy).rom" size="8192" crc="58d32dfe" sha1="e25065b49f5848ea4bea25d435533a65119b2e4e" />
	</machine>
	<machine name="finance2">
		<description>Personal Finance II</description>
		<year>1983</year>
		<publisher>Tandy</publisher>
		<rom name="personal finance ii (1983)(26-3106)(tandy).rom" size="8192" crc="73c41fde" sha1="36cf2f33f9d8350da08c73eb04e23a1988907593" />
	</machine>
	<machine name="finance">
		<description>Personal Finance</description>
		<year>1983</year>
		<publisher>Tandy</publisher>
		<rom name="personal finance (1980)(26-3101)(tandy).rom" size="8192" crc="d577436a" sha1="2826351f5dc33367f7f2b17502de163550cc4ab4" />
	</machine>
	<machine name="football">
		<description>Football</description>
		<year>1980</year>
		<publisher>Tandy</publisher>
		<rom name="football (1980)(26-3053)(tandy).rom" size="8192" crc="f17b5b38" sha1="154a5eea94a28479c34d72ea63ccfe052b0f315b" />
	</machine>
	<machine name="fracfevr">
		<description>Fraction Fever</description>
		<year>1984</year>
		<publisher>Tandy</publisher>
		<rom name="fraction fever (1984)(26-3169)(spinnaker).rom" size="8192" crc="93153b15" sha1="896e12d5f317338dfff9f18293faa41ee393a737" />
	</machine>
	<machine name="galactic">
		<description>Galactic Attack</description>
		<year>1982</year>
		<publisher>Tandy</publisher>
		<rom name="galactic attack (1982)(26-3066)(the image producers).rom" size="4096" crc="984ee0d9" sha1="61979060256744a65f34089f8537cc72b4e674a7" />
	</machine>
	<machine name="gfl2">
		<description>GFL Champion Football II</description>
		<year>1988</year>
		<publisher>Tandy</publisher>
		<rom name="gfl championship football ii (1988)(26-3172)(zct systems).rom" size="32768" crc="899978e7" sha1="b575b379a7cf41fadfa5c1b525d5f0103544eafa" />
	</machine>
	<machine name="ginchamp">
		<description>Gin Champion</description>
		<year>1982</year>
		<publisher>Tandy</publisher>
		<rom name="gin champion (1982)(26-3083)(philidor software).rom" size="8192" crc="b42423a7" sha1="ac2946b11cb63a65a9cbd80494f70e4e23200684" />
	</machine>
	<machine name="gomoku">
		<description>Gomoku and Renju</description>
		<year>1983</year>
		<publisher>Tandy</publisher>
		<rom name="gomoku and renju (1983)(26-3069)(intelligent software).rom" size="8192" crc="fd84fc5c" sha1="210b5df78ffe4b4cc4ed7845b50c1e17fc79bf0f" />
	</machine>
	<machine name="graphpak">
		<description>Graphics Pak</description>
		<year>1982</year>
		<publisher>Tandy</publisher>
		<rom name="graphic pak (1982)(26-3157)(tandy).rom" size="12288" crc="21ae652f" sha1="837022b13f250f89f52eddac88efa570f4ef45c2" />
	</machine>
	<machine name="handyman">
		<description>Handyman</description>
		<year>1981</year>
		<publisher>Tandy</publisher>
		<rom name="handyman (1981)(26-3154)(tandy).rom" size="4096" crc="4c70f17f" sha1="96a61c98dfc04a97e5a3584fa8793c5eabf0f45f" />
	</machine>
	<machine name="jdos108">
		<description>JDOS v1.08</description>
		<year>1983</year>
		<publisher>J&amp;M Systems</publisher>
		<rom name="jdos v1.08 (1983)(j&amp;m systems).rom" size="8192" crc="174cf6ea" sha1="4834f069a13530d6f168c60ab1dd7e96c9db4e3f" />
	</machine>
	<machine name="jdos110">
		<description>JDOS v1.10</description>
		<year>1983</year>
		<publisher>J&amp;M Systems</publisher>
		<rom name="jdos v1.10 (1983)(j&amp;m systems).rom" size="8192" crc="9a2f498a" sha1="c2ebb308fcc2347b03eaa343c1d6b17b7638d22c" />
	</machine>
	<machine name="jdos111">
		<description>JDOS v1.11</description>
		<year>1983</year>
		<publisher>J&amp;M Systems</publisher>
		<rom name="jdos v1.11 (1983)(j&amp;m systems).rom" size="8192" crc="4c14620d" sha1="cbfcd3cb3bc26991eee217b6bda53cfbbb073392" />
	</machine>
	<machine name="jdos123">
		<description>JDOS v1.23</description>
		<year>1985</year>
		<publisher>J&amp;M Systems</publisher>
		<rom name="jdos v1.23 (1985)(j&amp;m systems).rom" size="16128" crc="f1050d71" sha1="d4559e23df1fcbb2894245976b2068105521e626" status="baddump" />
	</machine>
	<machine name="kidskeys">
		<description>Kids on Keys</description>
		<year>1984</year>
		<publisher>Tandy</publisher>
		<rom name="kids on keys (1984)(26-3167)(spinnaker).rom" size="8192" crc="b2e463b6" sha1="e6c18226c079a24ecfd1dcf5628f12f3c8d3bb11" />
	</machine>
	<machine name="kindcomp">
		<description>Kindercomp</description>
		<year>1984</year>
		<publisher>Tandy</publisher>
		<rom name="kindercomp (1984)(26-3168)(spinnaker).rom" size="8192" crc="36eecac4" sha1="182250101a7320d05ef8feac1725e72b37b3dd8f" />
	</machine>
	<machine name="mathtut">
		<description>Math Tutor</description>
		<year>1988</year>
		<publisher>Tandy</publisher>
		<rom name="math tutor (1988) (26-3148) (zct systems).rom" size="16128" crc="a8cff793" sha1="d67e05d119698854ba4e2b084b62bebfc8547978" />
	</machine>
	<machine name="megabug">
		<description>Mega-Bug</description>
		<year>1982</year>
		<publisher>Tandy</publisher>
		<rom name="mega-bug (1982)(26-3076)(steve bjork).rom" size="8192" crc="4cee1c54" sha1="4c956f3594ac9b941bfb936c2cf4b4c68200a112" />
	</machine>
	<machine name="microbes">
		<description>Microbes</description>
		<year>1981</year>
		<publisher>Tandy</publisher>
		<rom name="microbes (1981)(26-3085)(spectral associates).rom" size="4096" crc="24772d4f" sha1="f812a0989d711a3c2ce82b7ec73561eab1753299" />
	</machine>
	<machine name="microchs">
		<description>Micro Chess v2.0</description>
		<year>1980</year>
		<publisher>Tandy</publisher>
		<rom name="micro chess v2.0 (1980)(26-3050)(personal software).rom" size="8192" crc="66130daa" sha1="454138c61f494ac81e2e842d3d58df00d20feae6" />
	</machine>
	<machine name="micropnt">
		<description>Bob Bishop's Micro Painter</description>
		<year>1982</year>
		<publisher>Tandy</publisher>
		<rom name="micro painter (1982)(26-3077)(datasoft).rom" size="4096" crc="d4320300" sha1="29f75a77af62eb6cb5a35ca152a4b9f53514364b" />
	</machine>
	<machine name="mindroll">
		<description>Mind-Roll</description>
		<year>1988</year>
		<publisher>Tandy</publisher>
		<rom name="mind-roll (1988)(26-3100)(epyx).rom" size="32768" crc="83bd6056" sha1="f7b505383ca5739a98a5130549d534c38cb1bd2f" />
	</machine>
	<machine name="modem">
		<description>Color Computer Modem Pak</description>
		<year>1985</year>
		<publisher>Tandy</publisher>
		<rom name="color computer modem pak (1985)(26-2228)(tandy).rom" size="8192" crc="667bc55d" sha1="703fe0aba4a603591078cb675ffd26a67c02df88" />
	</machine>
	<machine name="monstrmz">
		<description>Monster Maze</description>
		<year>1983</year>
		<publisher>Tandy</publisher>
		<rom name="monster maze (1983)(26-3081)(tandy).rom" size="4096" crc="f7653118" sha1="f752d96655f9a1bc0f9454b539a32c8405d4a41a" />
	</machine>
	<machine name="music">
		<description>Music</description>
		<year>1980</year>
		<publisher>Tandy</publisher>
		<rom name="music (1980) (26-3151).rom" size="4096" crc="90e48836" sha1="9bc5c29f9e8e90ac3d8f91168ea123783ddde9d7" />
	</machine>
	<machine name="nebula">
		<description>Project Nebula</description>
		<year>1981</year>
		<publisher>Tandy</publisher>
		<rom name="project nebula (1981)(26-3063)(tandy).rom" size="8192" crc="4123fb50" sha1="ca2356a3032344d0065a3885b4ff92c9e3aa25eb" />
	</machine>
	<machine name="nereis">
		<description>Slay the Nereis</description>
		<year>1983</year>
		<publisher>Tandy</publisher>
		<rom name="slay the nereis (1983)(26-3086)(spectral associates).rom" size="8192" crc="b98d5eaf" sha1="72a781c467c4c8562dfc953c063208b1d17f5758" />
	</machine>
	<machine name="orch90">
		<description>Orchestra-90 v1.01</description>
		<year>1984</year>
		<publisher>Tandy</publisher>
		<rom name="orchestra 90 (1984)(26-3143)(tandy).rom" size="8192" crc="15fb39af" sha1="6a20fee9c70b36a6435ac8378f31d5b626017df0" />
	</machine>
	<machine name="panic">
		<description>Panic Button</description>
		<year>1983</year>
		<publisher>Tandy</publisher>
		<rom name="panic button (1983)(26-3147)(tandy).rom" size="8192" crc="54094dea" sha1="7c85ec411d4a7fc088cf18ae2886ff63c0d5972b" />
	</machine>
	<machine name="pinball">
		<description>Video Pinball</description>
		<year>1980</year>
		<publisher>Tandy</publisher>
		<rom name="pinball (1980)(26-3052)(tandy).rom" size="4096" crc="d5baf3ad" sha1="ee64647d5e0b5a8fd83bdfa7c41d846b570d9170" />
	</machine>
	<machine name="polaris">
		<description>Polaris</description>
		<year>1981</year>
		<publisher>Tandy</publisher>
		<rom name="polaris (1981)(26-3065)(tandy).rom" size="4096" crc="f7dcc3bb" sha1="e0a80962bd95239c109a450da6fc132f7799345f" />
	</machine>
	<machine name="poltrgst">
		<description>Poltergeist</description>
		<year>1982</year>
		<publisher>Tandy</publisher>
		<rom name="poltergeist (1982)(26-3073)(tandy).rom" size="8192" crc="770e5f3a" sha1="6805cda6d138c6b68c173c09c0113470b7407e88" />
	</machine>
	<machine name="popcorn">
		<description>Popcorn</description>
		<year>1981</year>
		<publisher>Tandy</publisher>
		<rom name="popcorn (1981)(26-3090)(steve bjork).rom" size="2048" crc="7f507089" sha1="f9cc452f5492d98abbd4c3ba6d99ab7cef81db13" />
	</machine>
	<machine name="predator">
		<description>Predator</description>
		<year>1989</year>
		<publisher>Tandy</publisher>
		<rom name="predator (1989) (26-3165) (activision).rom" size="65536" crc="a9680ede" sha1="551d8d95fd310b2d72b1e22028a517c325fe9ab4" />
	</machine>
	<machine name="quasar">
		<description>Quasar Commander</description>
		<year>1980</year>
		<publisher>Tandy</publisher>
		<rom name="quasar commander (1980)(26-3051)(robert g. kilgus).rom" size="4096" crc="3218e0f5" sha1="e5afd97e69ae4d0a1ae4a3283b5321a6bef9091f" />
	</machine>
	<machine name="radwar">
		<description>RAD Warrior</description>
		<year>1987</year>
		<publisher>Tandy</publisher>
		<rom name="rad warrior (1987)(26-3162)(tandy).rom" size="32768" crc="c8b64049" sha1="5e3d4d57cd19a71ecd668ff7ce0d05d0adf30e93" />
	</machine>
	<machine name="rampage">
		<description>Rampage!</description>
		<year>1989</year>
		<publisher>Tandy</publisher>
		<rom name="rampage (1989)(26-3174)(activision).rom" size="32768" crc="09c2e97d" sha1="02c6a560ede8b3b87fb8420ee05ba9ac6704f101" />
	</machine>
	<machine name="reactoid">
		<description>Reactoid</description>
		<year>1983</year>
		<publisher>Tandy</publisher>
		<rom name="reactoid (1983)(26-3092)(robert arnstein).rom" size="4096" crc="fad4c7e3" sha1="288f3d0afc38aeb858f313ea4a67b7c046ae0e91" />
	</machine>
	<machine name="robocop">
		<description>RoboCop</description>
		<year>1988</year>
		<publisher>Tandy</publisher>
		<rom name="robocop (1988)(26-3164)(data east).rom" size="131072" crc="dd94dd06" sha1="82ad8a207a446d99455926bd27d4490578de2b41" />
	</machine>
	<machine name="scripsit">
		<description>Color Scripsit</description>
		<year>1981</year>
		<publisher>Tandy</publisher>
		<rom name="color scripsit (1981)(26-3105)(robert g. kilgus).rom" size="8192" crc="3aca199b" sha1="1cd4c737fafe52fbd87413902cb0feb263037938" />
	</machine>
	<machine name="scrpsit2">
		<description>Color Scripsit II</description>
		<year>1986</year>
		<publisher>Tandy</publisher>
		<rom name="color scripsit ii (1986)(26-3109)(dale lear).rom" size="16384" crc="7bffd03a" sha1="ad0039936e8c921c1f884f23f5aff29dbd0aca7a" />
	</machine>
	<machine name="sds80c">
		<description>SDS80C Editor Assembler</description>
		<year>1981</year>
		<publisher>The Micro Works</publisher>
		<rom name="sds80c (1981) (the micro works).rom" size="8192" crc="8d16c62a" sha1="99e67fed099e523e9a8cec593d8f169afdd608d4" />
	</machine>
	<machine name="shanghai">
		<description>Shanghai</description>
		<year>1987</year>
		<publisher>Tandy</publisher>
		<rom name="shanghai (1987)(26-3084)(activision).rom" size="16384" crc="5a54973c" sha1="0c500d34b4fd1170093cdf3209a201d14b86160a" />
	</machine>
	<machine name="shootgal">
		<description>Shooting Gallery</description>
		<year>1982</year>
		<publisher>Tandy</publisher>
		<rom name="shooting gallery (1982)(26-3088)(datasoft).rom" size="8192" crc="1f1ba95d" sha1="472c50185ca129c84729e9cbddd1d5b3d10c1bce" />
	</machine>
	<machine name="silpheed1">
		<description>Silpheed (CoCo 1/2 Version)</description>
		<year>1988</year>
		<publisher>Tandy</publisher>
		<rom name="silpheed (1988)(26-3054)(sierra)(coco 1-2 version).rom" size="16384" crc="bed7dcde" sha1="42f70dacfd1a81ec0e052d7f325e7751855d1113" />
	</machine>
	<machine name="silpheed">
		<description>Silpheed (CoCo 3 Version)</description>
		<year>1988</year>
		<publisher>Tandy</publisher>
		<rom name="silpheed (1988)(26-3054)(sierra)(coco 3 version).rom" size="32768" crc="ccfd0a0c" sha1="bd0e2bd1fd57b9512bb01414c15ce07afbe298f2" />
	</machine>
	<machine name="skiing">
		<description>Skiing</description>
		<year>1981</year>
		<publisher>Tandy</publisher>
		<rom name="skiing (1981)(26-3058)(robert g. kilgus).rom" size="8192" crc="1a05a395" sha1="f60694dc36f2c1b92fc0d407b5cac9ad49ca26a9" />
	</machine>
	<machine name="sokoban">
		<description>Soko-ban</description>
		<year>1988</year>
		<publisher>Tandy</publisher>
		<rom name="soko-ban (1988)(26-3161)(spectral associates).rom" size="16384" crc="44390e55" sha1="dcc394b84d2c644e0d74c9a439dff24065e580c2" />
	</machine>
	<machine name="spaceass">
		<description>Space Assault</description>
		<year>1981</year>
		<publisher>Tandy</publisher>
		<rom name="space assault (1981)(26-3060)(tandy).rom" size="4096" crc="f4700120" sha1="9ab7f2499d52e77ec64d8c3812d7d0cde8b7f8a5" />
	</machine>
	<machine name="spdrcide">
		<description>Spidercide</description>
		<year>1983</year>
		<publisher>Tandy</publisher>
		<rom name="spidercide (1983)(26-3049)(tandy).rom" size="4096" crc="ec9d0199" sha1="b28d9042e72b249c75ca78d38719a625a6d98dec" />
	</machine>
	<machine name="spectltr">
		<description>Spectaculator</description>
		<year>1983</year>
		<publisher>Tandy</publisher>
		<rom name="spectaculator (1983)(26-3104)(tandy).rom" size="15872" crc="80d7ac8b" sha1="8cd0ba6f25c177295df2a42b989ce88d44888e39" status="baddump" />
	</machine>
	<machine name="spectrum">
		<description>Audio Spectrum Analyzer</description>
		<year>1981</year>
		<publisher>Tandy</publisher>
		<rom name="audio spectrum analyzer (1981)(26-3156)(steve bjork).rom" size="2048" crc="16d2d946" sha1="4055aba10fc02c13f7e7a5e637832b0e77bb9928" />
	</machine>
	<machine name="sprbust">
		<description>Super Bustout</description>
		<year>1981</year>
		<publisher>Tandy</publisher>
		<rom name="super bustout (1981)(26-3056)(tandy).rom" size="4096" crc="c7ed9d30" sha1="b3bc9ae5ff59e8ca1f00c54523e2828f709680fc" />
	</machine>
	<machine name="spring">
		<description>Springster</description>
		<year>1987</year>
		<publisher>Tandy</publisher>
		<rom name="springster (1987)(26-3078)(spectral associates).rom" size="16384" crc="f47d3880" sha1="31b54b74e8c1ee018b905d4f76cd5a6341954301" />
	</machine>
	<machine name="starblaz">
		<description>Star Blaze</description>
		<year>1983</year>
		<publisher>Tandy</publisher>
		<rom name="star blaze (1983)(26-3094)(greg zumwalt).rom" size="8192" crc="36f31eb7" sha1="27e27b03245e603f03dfb33b1b630bebadb8d8d9" />
	</machine>
	<machine name="stellar">
		<description>Stellar Life Line</description>
		<year>1983</year>
		<publisher>Tandy</publisher>
		<rom name="stellar life line (1983)(26-3047)(tandy).rom" size="8192" crc="aeb38e39" sha1="d2d4fa14e8358aac975ede5a5c2e972daab60a37" />
	</machine>
	<machine name="superpit">
		<description>Super Pitfall</description>
		<year>1988</year>
		<publisher>Tandy</publisher>
		<rom name="super pitfall (1988)(26-3171)(activision).rom" size="32768" crc="e8e54cbe" sha1="10f4e78255d61dce2c882f9a136a94cbb7860fc1" />
	</machine>
	<machine name="suprlogo">
		<description>Super LOGO</description>
		<year>1984</year>
		<publisher>Tandy</publisher>
		<rom name="super logo (1984) (26-2717) (larry kheriaty &amp; george gerhold).rom" size="16384" crc="659b87fe" sha1="2a871c01a62547608ba4c0d47740a9e4310bf6c5" />
	</machine>
	<machine name="temple">
		<description>Temple of ROM</description>
		<year>1984</year>
		<publisher>Tandy</publisher>
		<rom name="temple of rom (1984)(26-3045)(rick adams).rom" size="8192" crc="f4f2b0a0" sha1="2f43b65084c90114ee4951792e0eec31bb3c333b" />
	</machine>
	<machine name="tennis">
		<description>Tennis</description>
		<year>1981</year>
		<publisher>Tandy</publisher>
		<rom name="tennis (1981)(26-3080)(tandy).rom" size="4096" crc="99de1a03" sha1="553fce950a794d3fee3cc98408e0eb1098d61af3" />
	</machine>
	<machine name="tetris">
		<description>Tetris</description>
		<year>1987</year>
		<publisher>Tandy</publisher>
		<rom name="tetris (1987)(26-3163)(greg zumwalt).rom" size="16384" crc="8375f98b" sha1="bc8d2f56126a330aa3607d01a232523ed99ee481" />
	</machine>
	<machine name="tharogad">
		<description>Castle of Tharoggad</description>
		<year>1988</year>
		<publisher>Tandy</publisher>
		<rom name="castle of tharoggad (1988)(26-3159)(tandy).rom" size="16384" crc="82929650" sha1="485477577db4751da4c0db3a402bb9b45fa65667" />
	</machine>
	<machine name="thexder">
		<description>Thexder</description>
		<year>1987</year>
		<publisher>Tandy</publisher>
		<rom name="thexder (1987)(26-3072)(sierra).rom" size="16384" crc="0ef0df20" sha1="36919b37f858ecf71c77ee7a766370fd6d4a6b7e" />
	</machine>
	<machine name="typemate">
		<description>TypeMate</description>
		<year>1988</year>
		<publisher>Tandy</publisher>
		<rom name="typemate (1988)(26-3155)(zct systems).rom" size="16368" crc="54f38ab8" sha1="8249b036ed2add30c864ee167ebfe940ea7e29aa" status="baddump" />
	</machine>
	<machine name="typetut">
		<description>Typing Tutor</description>
		<year>1980</year>
		<publisher>Tandy</publisher>
		<rom name="typing tutor (1980)(26-3152)(leah r. o'connor).rom" size="4096" crc="cebd3196" sha1="d5d8e2c1df18120f0c72fd70bf3ca077e74aed5c" />
	</machine>
	<machine name="vidtex11">
		<description>Videotex v1.1</description>
		<year>1981</year>
		<publisher>Tandy</publisher>
		<rom name="videotex v1.1 (1981)(26-2222)(tandy).rom" size="2048" crc="8987b1e3" sha1="6c3180d15b6684c853221380a0887306b426a58e" />
	</machine>
	<machine name="vidtex12">
		<description>Videotex v1.2</description>
		<year>1981</year>
		<publisher>Tandy</publisher>
		<rom name="videotex v1.2 (1981)(26-2222)(tandy).rom" size="2048" crc="1cd04106" sha1="7efbe2049d4879d4005b47a95e2495fc4548409d" />
	</machine>
	<machine name="wildcat">
		<description>Wildcatting</description>
		<year>1982</year>
		<publisher>Tandy</publisher>
		<rom name="wildcatting (1982)(26-3067)(harlow b. staley).rom" size="4096" crc="ab96914a" sha1="dd7a884f3d55ce9787285517ea29e993b7aae57a" />
	</machine>
</datafile>