<?xml version="1.0" encoding="utf-8"?>
<!DOCTYPE datafile PUBLIC "-//Logiqx//DTD ROM Management Datafile//EN" "http://www.logiqx.com/Dats/datafile.dtd">
<datafile>
	<header>
		<name>coleco</name>
		<description>Coleco ColecoVision cartridges</description>
		<version></version>
		<author></author>
	</header>
	<machine name="1on1">
		<description>One on One</description>
		<year>1984</year>
		<publisher>Micro Lab</publisher>
		<rom name="1on1.1" size="8192" crc="babea7d6" sha1="a01c040c018d682502aa22a5816160d41229becd" />
		<rom name="1on1.2" size="8192" crc="568ffb61" sha1="50d3189730b41034dad3285f42f084f0cb4a8de4" />
		<rom name="1on1.3" size="8192" crc="575c9eae" sha1="b00f3f3512c63767914c7b1f38d97b75e6b3f00e" />
	</machine>
	<machine name="31in1">
		<description>31-in-1</description>
		<year>201?</year>
		<publisher>&lt;unknown&gt;</publisher>
		<rom name="31in1-eprom-15012013-rev2.rom" size="1048576" crc="3f4ebe58" sha1="bf7fc70b25b9654c86f644474ef9e6906df82a46" />
	</machine>
	<machine name="63in1">
		<description>63-in-1</description>
		<year>201?</year>
		<publisher>&lt;unknown&gt;</publisher>
		<rom name="eprom-flash-63in1-part1.rom" size="1048576" crc="3b21137f" sha1="a22b1a4ea96507c87269db50c0d21052e987e83f" />
		<rom name="eprom-flash-63in1-part2.rom" size="1048576" crc="f4d18722" sha1="e5a6d0071a0b1d813f03713133b48ba3a073c2cd" />
	</machine>
	<machine name="2010p1">
		<description>2010: The Graphic Action Game (Prototype v44)</description>
		<year>1984</year>
		<publisher>Coleco / CBS</publisher>
		<rom name="act2010-rv44-chip1.bin" size="8192" crc="d9dc972f" sha1="1a6c9531305c2984429a8a5fa461fdb184f41c3c" />
		<rom name="act2010-rv44-chip2.bin" size="8192" crc="84288fcb" sha1="f4a7f79186e5030f35cad042ab2baa72d18d4aef" />
		<rom name="act2010-rv44-chip3.bin" size="8192" crc="57807547" sha1="25877380bf5ac920f28087efb071cb586692b2c8" />
		<rom name="act2010-rv44-chip4.bin" size="8192" crc="44e900fc" sha1="84a82f8044fe1df44c4f57a53988fd3cf0734200" />
	</machine>
	<machine name="2010p">
		<description>2010: The Graphic Action Game (Prototype v54)</description>
		<year>1984</year>
		<publisher>Coleco / CBS</publisher>
		<rom name="act2010-54-chip1-11-9-cd7e.bin" size="8192" crc="d8a55441" sha1="373517fa54ea3594468668e2d7b853d66d3b5b96" />
		<rom name="act2010-54-chip2-11-9-e822.bin" size="8192" crc="cbba190e" sha1="d9bdc35b22d88aa902e4b4f40005fd532006939b" />
		<rom name="act2010-54-chip3-11-9-06ca.bin" size="8192" crc="9e13e0a1" sha1="018bd13b509f04a0d4c32c3be2dca60a2b0e0d6d" />
		<rom name="act2010-54-chip4-11-9-e758.bin" size="8192" crc="a3edc192" sha1="db5445a79197bfb95f199d76e822521ec867d426" />
	</machine>
	<machine name="2010">
		<description>2010: The Graphic Action Game</description>
		<year>1984</year>
		<publisher>Coleco / CBS</publisher>
		<rom name="2010.1" size="8192" crc="a8820f34" sha1="a0a5380acb02a23549a883d76d331a04f7d67099" />
		<rom name="2010.2" size="8192" crc="66f96289" sha1="563aa176f307ddbbb953c2f3e271886c489ec573" />
		<rom name="2010.3" size="8192" crc="3c60f243" sha1="8f61572e74904f17d8b26aa24eefa9c8d539becd" />
		<rom name="2010.4" size="8192" crc="a879523b" sha1="ced829bdba9227aebd231f4083cdb519e57fcb2c" />
	</machine>
	<machine name="alcazar">
		<description>Alcazar: The Forgotten Fortress</description>
		<year>1985</year>
		<publisher>Telegames</publisher>
		<rom name="alcazar.1" size="8192" crc="e49113c8" sha1="4191af28cb533b7e257dabb997e4ee105b91615d" />
		<rom name="alcazar.2" size="8192" crc="4d89160d" sha1="c2d18609f12b6a502d56aace981f82550a7d2a4b" />
		<rom name="alcazar.3" size="8192" crc="b4293435" sha1="5e2b96c19c4f5c63a5afa2de504d29fe64a4c908" />
		<rom name="alcazar.4" size="8192" crc="b4293435" sha1="5e2b96c19c4f5c63a5afa2de504d29fe64a4c908" />
	</machine>
	<machine name="alphazoo">
		<description>Alphabet Zoo</description>
		<year>1984</year>
		<publisher>Spinnaker Software</publisher>
		<rom name="alphazoo.1" size="8192" crc="ae42a206" sha1="90b71b0c8fe5c65a8f210999805c0f5a3a94e047" />
		<rom name="alphazoo.2" size="8192" crc="953ad47c" sha1="c0fb9a60a1eae008f4bc5677507c1a7f77b4a355" />
	</machine>
	<machine name="amazing">
		<description>Amazing Bumpman</description>
		<year>1986</year>
		<publisher>Telegames</publisher>
		<rom name="amazing.1" size="8192" crc="d3cae98d" sha1="c5e95b1f9e716f2c87d8adeefc334332ec33852a" />
		<rom name="amazing.2" size="8192" crc="36d0e09e" sha1="326d5aa25e8c155db712924d6889b1c8c58b6071" />
	</machine>
	<machine name="antarct">
		<description>Antarctic Adventure</description>
		<year>1984</year>
		<publisher>Coleco / CBS</publisher>
		<rom name="antaradv.1" size="8192" crc="fbeb5fad" sha1="7346263ac9428c7f57ed2efbadd7d3dad4059035" />
		<rom name="antaradv.2" size="8192" crc="0f4d40dc" sha1="f4a10d8068861fbcf18fea72206f1496c4cea4e7" />
	</machine>
	<machine name="apshai">
		<description>Gateway to Apshai</description>
		<year>1984</year>
		<publisher>Epyx</publisher>
		<rom name="apshai.1" size="8192" crc="aa3ec181" sha1="7f79628c298ad6e410af82eeb33871869ad23de8" />
		<rom name="apshai.2" size="8192" crc="0e440f8f" sha1="09ffaeb79cdd8173882b77a8398a4e00ba826de1" />
	</machine>
	<machine name="aquatack">
		<description>Aquattack</description>
		<year>1984</year>
		<publisher>Interphase</publisher>
		<rom name="aquatack.1" size="8192" crc="96c60fa2" sha1="918032602843ca0d8cc28f228bfdf81d7ef76dc9" />
		<rom name="aquatack.2" size="8192" crc="628dd0cb" sha1="2079114eba94998c101a74619c83fadb57987945" />
	</machine>
	<machine name="aquatacka">
		<description>Aquattack (Alt)</description>
		<year>1984</year>
		<publisher>Interphase</publisher>
		<rom name="aquatacka.1" size="8192" crc="7f33f73a" sha1="99dd488730091fca3ba427b8e303908d5ab2c3e8" />
		<rom name="aquatacka.2" size="8192" crc="8f3553eb" sha1="3a4f6c0bcb90d8c272c3984fec5b5e5d7597a60e" />
	</machine>
	<machine name="artduel">
		<description>Artillery Duel</description>
		<year>1983</year>
		<publisher>Xonox</publisher>
		<rom name="artduel.1" size="8192" crc="4e18f196" sha1="7d670c56be4f179855ee2a3c106b6398a424b3e6" />
		<rom name="artduel.2" size="8192" crc="778c5a52" sha1="cd7827fa35e2483c9568abb14937793f95dc66b4" />
	</machine>
	<machine name="bbears">
		<description>The Berenstain Bears (Prototype)</description>
		<year>1984</year>
		<publisher>Coleco / CBS</publisher>
		<rom name="bbears.bin" size="8192" crc="18864abc" sha1="cb68d5a70ca0567060eddfd0b7783cbeeffb399e" />
	</machine>
	<machine name="bcquest2c">
		<description>BC's Quest for Tires II: Grog's Revenge (Can)</description>
		<year>1984</year>
		<publisher>Coleco Canada</publisher>
		<rom name="bcquest2c.1" size="8192" crc="6a6efd7e" sha1="de5bb00f3227819e9cd6e999277b5ef0a24d0980" />
		<rom name="bcquest2c.2" size="8192" crc="c42f20bd" sha1="1f1123a19cf8231d31b85b73cd58c9da65d8f6d0" />
		<rom name="bcquest2c.3" size="8192" crc="0ba739c3" sha1="ee926563a8b3455ce2052e527cb304bb6c5914a8" />
	</machine>
	<machine name="bcquest2ca">
		<description>BC's Quest for Tires II: Grog's Revenge (Can, Bad?)</description>
		<year>1984</year>
		<publisher>Coleco Canada</publisher>
		<rom name="bcquest2c.2" size="8192" crc="c42f20bd" sha1="1f1123a19cf8231d31b85b73cd58c9da65d8f6d0" />
		<rom name="bcquest2ca.1" size="8192" crc="8898dfc3" sha1="8fb18585c0134932bbf501bd27052ddd51fce458" />
		<rom name="bcquest2ca.3" size="8192" crc="117dedbe" sha1="ffb4561403d2e28c74a6c38acd4652fe021a65e2" />
	</machine>
	<machine name="bcquest2">
		<description>BC's Quest for Tires II: Grog's Revenge</description>
		<year>1984</year>
		<publisher>Coleco / CBS</publisher>
		<rom name="bcquest2.1" size="8192" crc="6bd84eb0" sha1="3925adc9e550c7a6dc5edb2972ca43d9c1a94172" />
		<rom name="bcquest2.2" size="8192" crc="2ffa50a8" sha1="44293efe8a16efb5ec305506445689f6726fe3d0" />
		<rom name="bcquest2.3" size="8192" crc="4b909485" sha1="bbbd14b347e2b3c0e7b9e63921382f58ddc520b3" />
	</machine>
	<machine name="bcquest">
		<description>BC's Quest for Tires</description>
		<year>1983</year>
		<publisher>Sierra On-Line</publisher>
		<rom name="bcquest.1" size="8192" crc="1b866fb5" sha1="fde4d1474f781d8e62fa565a165f22bebca18c88" />
		<rom name="bcquest.2" size="8192" crc="cf56f6fc" sha1="ebe5ea1f294d65f048c82cf0135efb6f7037b8de" />
	</machine>
	<machine name="bcquestc">
		<description>BC's Quest for Tires (Can)</description>
		<year>1983</year>
		<publisher>Coleco Canada</publisher>
		<rom name="bcquestc.2" size="8192" crc="86ecca35" sha1="eb359799cdaefe6a3962658856003c031f8d51dd" />
	</machine>
	<machine name="bdash">
		<description>Boulder Dash</description>
		<year>1987</year>
		<publisher>Telegames</publisher>
		<rom name="bdash.1" size="8192" crc="c4ee48aa" sha1="8fd0a5ea6c34dd7b448a947504e7cafc55b091e4" />
		<rom name="bdash.2" size="8192" crc="ca3e3cf0" sha1="c88ebbf8c8f1c1e6ca44388bc678b4556e91f831" />
	</machine>
	<machine name="bdashp">
		<description>Boulder Dash (Prototype?)</description>
		<year>1984</year>
		<publisher>Micro Fun</publisher>
		<rom name="bdashp.1" size="8192" crc="aee6e532" sha1="fb0d122b46975759d40ccf0ca3e1a2e5dcac7d88" />
		<rom name="bdashp.2" size="8192" crc="1092afb5" sha1="ca51147c6179d87cf8ffe5c90ca72c09cd56c0f4" />
	</machine>
	<machine name="beamridr">
		<description>Beamrider</description>
		<year>1983</year>
		<publisher>Activision</publisher>
		<rom name="beamridr.1" size="8192" crc="7f08b2f4" sha1="725a19642730bd66b2e49f05fdf9b4a65cb63025" />
		<rom name="beamridr.2" size="8192" crc="5cef708a" sha1="88c93668ac59e491abb74f6f2c8e2b011b9b839c" />
	</machine>
	<machine name="blockrun">
		<description>Blockade Runner</description>
		<year>1984</year>
		<publisher>Interphase</publisher>
		<rom name="blockrun.1" size="8192" crc="2f153090" sha1="bc303672edaa6b318ef4ec186da0c458e1b8f349" />
		<rom name="blockrun.2" size="8192" crc="74ebff13" sha1="a1aefbfd43a8bc9442a8f3cb70e108ce5803d903" />
	</machine>
	<machine name="bnj">
		<description>Bump 'n' Jump</description>
		<year>1984</year>
		<publisher>Coleco / CBS</publisher>
		<rom name="bnj.1" size="8192" crc="92b052f8" sha1="c21bcc02ef6827a858df83e59802a226337d36a3" />
		<rom name="bnj.2" size="8192" crc="05297263" sha1="da059e2e1bc0a4c66c9e608c2f310320b8e8a370" />
		<rom name="bnj.3" size="8192" crc="c8f6efc1" sha1="0eb2f21160418d614616ec9200c36b08e3fc2b6b" />
	</machine>
	<machine name="brainstr">
		<description>Brain Strainers</description>
		<year>1984</year>
		<publisher>Coleco / CBS</publisher>
		<rom name="brainstr.1" size="8192" crc="5de3b863" sha1="e76a5fb958f3dc60ca71d151c2ceacf12bd48095" />
		<rom name="brainstr.2" size="8192" crc="690d25eb" sha1="65c2679ace89b1adef0408bce88dee1fc3d515f4" />
	</machine>
	<machine name="btime">
		<description>Burgertime</description>
		<year>1984</year>
		<publisher>Coleco / CBS</publisher>
		<rom name="btime.1" size="8192" crc="0440c21e" sha1="d3a5908706801e366495e41554870c1a9887c396" />
		<rom name="btime.2" size="8192" crc="55522e34" sha1="eb016c7b773d7a536e4ec9228293fcd9dbfe75eb" />
	</machine>
	<machine name="btimem">
		<description>Burgertime (Prototype)</description>
		<year>1983</year>
		<publisher>Mattel</publisher>
		<rom name="btimem.1" size="8192" crc="4e943aeb" sha1="3364fe1d280a7488a6a3c3b17926ccc8797099fc" />
		<rom name="btimem.2" size="8192" crc="d7e011f2" sha1="7def2ba7a116941c9ffee186608c25a2e832ee4d" />
	</machine>
	<machine name="buckrog">
		<description>Buck Rogers: Planet of Zoom</description>
		<year>1983</year>
		<publisher>Coleco / CBS</publisher>
		<rom name="buckrog.1" size="8192" crc="ceb94075" sha1="26d5a657a54cf44905115732dc07d5ff86a02ab0" />
		<rom name="buckrog.2" size="8192" crc="6fe3a6a0" sha1="fe1dafcfb2e02bca7fede62e7dc2102ea791e1a1" />
		<rom name="buckrog.3" size="8192" crc="7f93542b" sha1="18de2aa47beb55d728d511f34a6d663c00503238" />
	</machine>
	<machine name="cabbage">
		<description>Cabbage Patch Kids: Adventure in the Park (OAA)</description>
		<year>1984</year>
		<publisher>OAA / Konami</publisher>
		<rom name="cabbage.1" size="8192" crc="e7214974" sha1="f7a5c2e068ba8edba0adea6f876ff17e8ed4ea7d" />
		<rom name="cabbage.2" size="8192" crc="2c110b3b" sha1="4b0f0d339d28dba29cb6f376e7cbb508807923fe" />
	</machine>
	<machine name="cabbagea">
		<description>Cabbage Patch Kids: Adventure in the Park (Coleco)</description>
		<year>1984</year>
		<publisher>Coleco / CBS</publisher>
		<rom name="cabbagea.1" size="8192" crc="6a8fa43b" sha1="ae5dab9b947e4b37bae6abaecf81afbcb689be04" />
		<rom name="cabbagea.2" size="8192" crc="49b92492" sha1="8c883bafb1e01ed59866c1ceabccbb3990ecca6c" />
	</machine>
	<machine name="cabbagep1">
		<description>Cabbage Patch Kids: Adventure in the Park (Prototype)</description>
		<year>1984</year>
		<publisher>OAA / Konami</publisher>
		<rom name="cabbagep1.2" size="8192" crc="bf35f649" sha1="956e0a20b46a0fce3aaf3822d7637867f3acc63e" />
	</machine>
	<machine name="cabbagep2">
		<description>Cabbage Patch Kids: Adventure in the Park (Prototype, Alt)</description>
		<year>1984</year>
		<publisher>Coleco / CBS</publisher>
		<rom name="cabbage-patch-chip1-6-30.bin" size="8192" crc="2b793712" sha1="c37d2b823db6f4dca047a33fbf817f1bf9ea978c" />
		<rom name="cabbage-patch-chip2-6-30.bin" size="8192" crc="d4ff94a5" sha1="1186ea3cae339c5a4112f6063915d8160dd64dcc" />
	</machine>
	<machine name="cabbshow">
		<description>Cabbage Patch Kids Picture Show</description>
		<year>1984</year>
		<publisher>Coleco / CBS</publisher>
		<rom name="cabbshow.1" size="8192" crc="5d3c41a7" sha1="31d392415f7150719fe70f133b232b18bf20751b" />
		<rom name="cabbshow.2" size="8192" crc="fbd2e110" sha1="b6a64b70371c1d32646981271618afb77d171e5a" />
		<rom name="cabbshow.3" size="8192" crc="17295ffa" sha1="0fe74717aaa57289735614f253f58775979a999d" />
		<rom name="cabbshow.4" size="8192" crc="b4293435" sha1="5e2b96c19c4f5c63a5afa2de504d29fe64a4c908" />
	</machine>
	<machine name="campaign">
		<description>Campaign '84</description>
		<year>1983</year>
		<publisher>Sunrise Software</publisher>
		<rom name="campaign.1" size="8192" crc="d657ab6b" sha1="35bbf05567020753b6f9a1133cfa9ac6426b0421" />
		<rom name="campaign.2" size="8192" crc="844aefcf" sha1="bf6d89e90cc951d4628c2fd4345b7b594ac23fea" />
	</machine>
	<machine name="carnival">
		<description>Carnival</description>
		<year>1982</year>
		<publisher>Coleco / CBS</publisher>
		<rom name="carnival.1" size="8192" crc="3cab8c1f" sha1="5484b1694305b8a2097df8c2fa553976a465e9ef" />
		<rom name="carnival.2" size="8192" crc="4cf856a9" sha1="2e5fd6e8205257ace23c9a67eff034e079aba8e5" />
	</machine>
	<machine name="castelo">
		<description>Castelo</description>
		<year>1985</year>
		<publisher>Splice Vision</publisher>
		<rom name="castelo.bin" size="8192" crc="07a3d3db" sha1="0406ad601be68014820c77eda4491bfb4ea5c402" />
	</machine>
	<machine name="cavenger">
		<description>Cosmic Avenger</description>
		<year>1982</year>
		<publisher>Coleco / CBS</publisher>
		<rom name="cavenger.1" size="8192" crc="c852bee7" sha1="943d5174fd193bfc325ba20182c5faabf91b8385" />
		<rom name="cavenger.2" size="8192" crc="75da80eb" sha1="ff40ed82d6d5da436bdacfa4725153de31ded7bc" />
	</machine>
	<machine name="cavengera">
		<description>Cosmic Avenger (Alt)</description>
		<year>1982</year>
		<publisher>Coleco / CBS</publisher>
		<rom name="cavengera.2" size="8192" crc="58d86f66" sha1="949613aee50c88702d1d1c828ab30d835a67eaf6" />
	</machine>
	<machine name="ccrisis">
		<description>Cosmic Crisis</description>
		<year>1983</year>
		<publisher>Telegames</publisher>
		<rom name="ccrisis.1" size="8192" crc="f8084e5a" sha1="bba4996e4c1f35461154198191ef8a7ea6dba2dc" />
		<rom name="ccrisis.2" size="8192" crc="8c841d6a" sha1="da80915fa3a25d42d6953c2d7cd1c3c8b5ac3b53" />
	</machine>
	<machine name="centiped">
		<description>Centipede</description>
		<year>1983</year>
		<publisher>Atarisoft</publisher>
		<rom name="centiped.1" size="8192" crc="4afc1fea" sha1="7bfb576a657fbc6974837d3cca45e863bc702eda" />
		<rom name="centiped.2" size="8192" crc="9ca2a63d" sha1="75b9696a7188a484d31744668ba08ac3e284b5e1" />
	</machine>
	<machine name="choplift">
		<description>Choplifter!</description>
		<year>1984</year>
		<publisher>Coleco / CBS</publisher>
		<rom name="choplift.1" size="8192" crc="78564c16" sha1="a1a34df5dfc11be9687949b67c95564269b43049" />
		<rom name="choplift.2" size="8192" crc="b1abf125" sha1="192afa761a822cab9095a8d63a2cbf99de4a23d8" />
	</machine>
	<machine name="chucknor">
		<description>Chuck Norris Superkicks</description>
		<year>1983</year>
		<publisher>Xonox</publisher>
		<rom name="chucknor.1" size="8192" crc="3c04540f" sha1="be0b1227a49e7984048eaf9ef2237bc25928e2b4" />
		<rom name="chucknor.2" size="8192" crc="a5c58202" sha1="4401866b6e8cd6f0262b8d681bd08b983d540e2f" />
	</machine>
	<machine name="congo">
		<description>Congo Bongo</description>
		<year>1984</year>
		<publisher>Coleco / CBS</publisher>
		<rom name="congo.1" size="8192" crc="a92dfd24" sha1="f0e665f145a1470e8e80203fd220b1baae1460e4" />
		<rom name="congo.2" size="8192" crc="77e922d0" sha1="661265ee3dc73910b2b210d14c338f592705ca4a" />
		<rom name="congo.3" size="8192" crc="824a0746" sha1="e02bdbe7587f4af12e3343b20ec45ad81ccd2c5e" />
	</machine>
	<machine name="dambustr">
		<description>The Dam Busters</description>
		<year>1984</year>
		<publisher>Coleco / CBS</publisher>
		<rom name="dambust.1" size="8192" crc="58dd9764" sha1="3b84662a1dfaf2cc1a6a2d85f7aff785b9b1d052" />
		<rom name="dambust.2" size="8192" crc="401830a3" sha1="5519bb2dc830509fe934d9fea72de6f26c6e1c91" />
		<rom name="dambust.3" size="8192" crc="ff4cddb5" sha1="9ac9a1dfeb1d94feae87254b1206d8cd096a6d50" />
		<rom name="dambust.4" size="8192" crc="9d0e991a" sha1="8c37fda6a24bbcd939dc0b2330e36be34c755a9a" />
	</machine>
	<machine name="dambustrc">
		<description>The Dam Busters (Can)</description>
		<year>1984</year>
		<publisher>Coleco / CBS</publisher>
		<rom name="dambustc.1" size="8192" crc="9e82b4ab" sha1="d7dee3bfbb285c7cd0c09ebe4465370a1f1b3e05" />
		<rom name="dambustc.2" size="8192" crc="56a1b71e" sha1="a63be2652d64647e018c2f1c45586703dc369442" />
		<rom name="dambustc.3" size="8192" crc="1b5af735" sha1="a7fa211492aed0db32eb6274bb07c99680b944ee" />
		<rom name="dambustc.4" size="8192" crc="72119879" sha1="24f2492bfbc0599531635962fec63b5a4ca20bc7" />
	</machine>
	<machine name="decathln">
		<description>Decathlon</description>
		<year>1984</year>
		<publisher>Activision</publisher>
		<rom name="decathln.1" size="8192" crc="aa99fda4" sha1="9592dda5765739aeef37d55cb11e793c1634756f" />
		<rom name="decathln.2" size="8192" crc="42b76bc2" sha1="d2c078f8c5cc3dd67dedc53d93cd3aa0de57d13c" />
	</machine>
	<machine name="defender">
		<description>Defender</description>
		<year>1983</year>
		<publisher>Atarisoft</publisher>
		<rom name="defender.1" size="8192" crc="bd96e222" sha1="394f0a3269f972b6363e83959a86f087b274bfdb" />
		<rom name="defender.2" size="8192" crc="72541551" sha1="ad4db0506dd791b75f618cc6a92bf980911cf38d" />
		<rom name="defender.3" size="8192" crc="400beaa2" sha1="a0ee7a020c6b329636a393fff78c0e1f8fdec630" />
	</machine>
	<machine name="destruct">
		<description>Destructor</description>
		<year>1984</year>
		<publisher>Coleco / CBS</publisher>
		<rom name="destruct.1" size="8192" crc="7026e237" sha1="3dea18c05257e53827a76aff3d669f753107786e" />
		<rom name="destruct.2" size="8192" crc="c1c0b46c" sha1="5df9e6a8f459ddad36f3e0d2ee15b25a14ee0397" />
		<rom name="destruct.3" size="8192" crc="f7737e17" sha1="af0ba741b2a800fb3a9ecc4ee0b29cb26eb4e2e6" />
		<rom name="destruct.4" size="8192" crc="87c11b21" sha1="8b8c4275eff2fdb86f4733d44902703fc73c70e1" />
	</machine>
	<machine name="digdug">
		<description>Dig Dug (Prototype)</description>
		<year>1984</year>
		<publisher>Atarisoft</publisher>
		<rom name="digdug.1" size="8192" crc="e13a6484" sha1="5d47f361a4c232e4df815776f630b0e1ad7edd4e" />
		<rom name="digdug.2" size="8192" crc="82bfa6a0" sha1="813c7dc81fb6229c804ce0fa4751f5076de17dfd" />
		<rom name="digdug.3" size="8192" crc="57f347e0" sha1="2227cdfa65d0de004adc61a0d6938fa5cfc36dfc" />
	</machine>
	<machine name="dkong">
		<description>Donkey Kong</description>
		<year>1982</year>
		<publisher>Coleco / CBS</publisher>
		<rom name="dkong.1" size="8192" crc="1a63176e" sha1="4805cada66d9a9909dd31d8e184c58392a2f22d1" />
		<rom name="dkong.2" size="8192" crc="ad6162cd" sha1="a5c8b0fd572dc969f41fb87873835bddf514f980" />
	</machine>
	<machine name="dkonga">
		<description>Donkey Kong (Earlier)</description>
		<year>1982</year>
		<publisher>Coleco / CBS</publisher>
		<rom name="dkonga.1" size="8192" crc="dcaf20d8" sha1="0e8c227b69453ed21850baffff882ed272966500" />
		<rom name="dkonga.2" size="8192" crc="6045f75d" sha1="6e84f270549b0c239fbab325983b1dcb8d1f4752" />
		<rom name="dkonga.3" size="8192" crc="00739499" sha1="283f7e56a283ce5d5c54fc6f5f7f9ff0ff543195" />
	</machine>
	<machine name="dkongjr">
		<description>Donkey Kong Junior</description>
		<year>1983</year>
		<publisher>Coleco / CBS</publisher>
		<rom name="dkongjr.1" size="8192" crc="2c3d41bc" sha1="3c14226b4568f5215ea3d361824c76f4c3a1ff6c" />
		<rom name="dkongjr.2" size="8192" crc="c9be6a65" sha1="a21c7083064f14a16279ece6dd33c401bee562ed" />
	</machine>
	<machine name="dlair">
		<description>Dragon's Lair (Prototype, 0416)</description>
		<year>1984</year>
		<publisher>Coleco / CBS</publisher>
		<rom name="dragon80-chip1-4-16-ec4a.bin" size="8192" crc="950950d0" sha1="ef0c45269cfe7b78125be2a2edf3f3781305f740" />
		<rom name="dragon80-chip2-4-16-ec4a.bin" size="8192" crc="8a778f5a" sha1="274944cfe6f4ebfa13a68377ef5716879426b577" />
		<rom name="dragon80-chip3-4-16-ec4a.bin" size="8192" crc="8eec1020" sha1="21b08651f76925baa0ec99b0b5e7dba3a5880c5a" />
	</machine>
	<machine name="dncfntsy">
		<description>Dance Fantasy</description>
		<year>1984</year>
		<publisher>Fisher-Price</publisher>
		<rom name="dncfntsy.1" size="8192" crc="bff86a98" sha1="6f65bbe13f13a70aee79ce7970095aef280abeaa" />
		<rom name="dncfntsy.2" size="8192" crc="b4293435" sha1="5e2b96c19c4f5c63a5afa2de504d29fe64a4c908" />
	</machine>
	<machine name="docastle">
		<description>Mr. Do!'s Castle</description>
		<year>1983</year>
		<publisher>Parker Brothers</publisher>
		<rom name="docastle.1" size="8192" crc="525a7d10" sha1="e6e45cc394198dc1b29274c49f4f283ff119de41" />
		<rom name="docastle.2" size="8192" crc="e46ce496" sha1="d3a45e99eaf245f297876b8d89f301a2b2c7021e" />
	</machine>
	<machine name="drgnfire">
		<description>DragonFire</description>
		<year>1984</year>
		<publisher>Imagic</publisher>
		<rom name="drgnfire.1" size="8192" crc="4272d250" sha1="b7dc6baffd975e6b6c4dfe2501ffc0e905077c92" />
		<rom name="drgnfire.2" size="8192" crc="e68e9e70" sha1="d4809a8d6d23a30b243709be74608acd93af34ed" />
	</machine>
	<machine name="drseuss">
		<description>Dr. Seuss's Fix-Up the Mix-Up Puzzler</description>
		<year>1984</year>
		<publisher>Coleco / CBS</publisher>
		<rom name="drseuss.1" size="8192" crc="47cf6908" sha1="51cc13a608b41cf6a3b5c0e23dd53bd6911cdbf0" />
		<rom name="drseuss.2" size="8192" crc="b524f389" sha1="c521a1e58da8d6da94eedde83c2e3aed1445c9ab" />
	</machine>
	<machine name="evolutio">
		<description>Evolution</description>
		<year>1983</year>
		<publisher>Coleco / CBS</publisher>
		<rom name="evolutio.1" size="8192" crc="75a9c817" sha1="cfa0de8046eaf7f35fd13400d38a000b3419618f" />
		<rom name="evolutio.2" size="8192" crc="6e32b9de" sha1="ead7f28b7cb0070e56ea2d7609366536b7c6f51d" />
	</machine>
	<machine name="evolutioa">
		<description>Evolution (Telegames)</description>
		<year>198?</year>
		<publisher>Telegames</publisher>
		<rom name="evolutioa.1" size="8192" crc="7eb6f929" sha1="e473d34b53b1d4d3dcb7d784692e9ad01ef7096f" />
		<rom name="evolutioa.2" size="8192" crc="fd1644ac" sha1="de90a09aad383eacdf3e16aa76728c140f867d61" />
	</machine>
	<machine name="evolutioc">
		<description>Evolution (Can)</description>
		<year>1983</year>
		<publisher>Coleco / CBS</publisher>
		<rom name="evolutioc.2" size="8192" crc="fd1644ac" sha1="de90a09aad383eacdf3e16aa76728c140f867d61" />
	</machine>
	<machine name="facemakr">
		<description>Facemaker</description>
		<year>1983</year>
		<publisher>Spinnaker Software</publisher>
		<rom name="facemakr.1" size="8192" crc="ec9dfb07" sha1="490ce706697c0b370a6a2fe65ccaada2bac0a946" />
		<rom name="facemakr.2" size="8192" crc="b4293435" sha1="5e2b96c19c4f5c63a5afa2de504d29fe64a4c908" />
	</machine>
	<machine name="fallguy">
		<description>Fall Guy (Prototype)</description>
		<year>1983</year>
		<publisher>Fox Video Games</publisher>
		<rom name="fallguy.1" size="8192" crc="f77d3ffd" sha1="af0127d99b61df3ba98132dc98a527a8dc4a9d86" />
		<rom name="fallguy.2" size="8192" crc="c85c0f58" sha1="bd44df9081a593dccf9cb0a87d0d2059e452bfab" />
	</machine>
	<machine name="fathom">
		<description>Fathom</description>
		<year>1983</year>
		<publisher>Imagic</publisher>
		<rom name="fathom.1" size="8192" crc="bf04e505" sha1="753a0983e3acb932d8656deca808fc72ad3dfe61" />
		<rom name="fathom.2" size="8192" crc="606061c7" sha1="348fb441ef3e8321daf5f815186becff67888671" />
	</machine>
	<machine name="ffreddy">
		<description>Frantic Freddy</description>
		<year>1983</year>
		<publisher>Spectravideo</publisher>
		<rom name="ffreddy.1" size="8192" crc="e33ccf02" sha1="86298a2687da06cfa93c18a3f762a0c6ee4785d8" />
		<rom name="ffreddy.2" size="8192" crc="d3ece1bc" sha1="c211905cc44ed9211ac5aa53833f29c9c1bf6992" />
	</machine>
	<machine name="finaltst">
		<description>Final Test Cartridge (Prototype)</description>
		<year>1982</year>
		<publisher>Coleco / CBS</publisher>
		<rom name="colecovision final test (1982) (coleco).rom" size="8192" crc="3ae4b58c" sha1="cef53b9eae8dfbd877e18277980975f862f95f9d" />
	</machine>
	<machine name="flipslip">
		<description>Flipper Slipper</description>
		<year>1983</year>
		<publisher>Spectravideo</publisher>
		<rom name="flipslip.1" size="8192" crc="e26569f3" sha1="c7be7b82dc66e74dcf15fce148b6ebd85d3b4afa" />
		<rom name="flipslip.2" size="8192" crc="80755958" sha1="455ecb6287453d49bbddd497757340761d50c243" />
	</machine>
	<machine name="flipslipa">
		<description>Flipper Slipper (Bad?)</description>
		<year>1983</year>
		<publisher>Spectravideo</publisher>
		<rom name="flipslipa.2" size="8192" crc="d4ab0e71" sha1="e7adb3c3599d44aa074d1a5a4f06a3c5466159c1" />
	</machine>
	<machine name="flipslipb">
		<description>Flipper Slipper (Telegames)</description>
		<year>198?</year>
		<publisher>Telegames</publisher>
		<rom name="flipslipb.2" size="8192" crc="3db410f8" sha1="e884854fe0f3f822ded0b7209b44c3dbac60c16b" />
	</machine>
	<machine name="fortune">
		<description>Fortune Builder</description>
		<year>1984</year>
		<publisher>Coleco / CBS</publisher>
		<rom name="fortune.1" size="8192" crc="b55c5448" sha1="8a9ac52314cac44109cd2fcea5bf3dbffff4375c" />
		<rom name="fortune.2" size="8192" crc="8d7deaff" sha1="709ad67208b065fbbd793c0253cf5e27023f731b" />
		<rom name="fortune.3" size="8192" crc="039604ee" sha1="8664bc6915f9fcf353bf114715a71ef4e715c25b" />
		<rom name="fortune.4" size="8192" crc="dfb4469e" sha1="8f657ec90cb2773d600c0f06dd5a02db59b5deb6" />
	</machine>
	<machine name="fracfevr">
		<description>Fraction Fever</description>
		<year>1983</year>
		<publisher>Spinnaker Software</publisher>
		<rom name="fracfevr.1" size="8192" crc="964db3bc" sha1="7cac4c6f685f35adba50e37356df974977d6ddec" />
		<rom name="fracfevr.2" size="8192" crc="b4293435" sha1="5e2b96c19c4f5c63a5afa2de504d29fe64a4c908" />
	</machine>
	<machine name="frenzy">
		<description>Frenzy</description>
		<year>1983</year>
		<publisher>Coleco / CBS</publisher>
		<rom name="frenzy.1" size="8192" crc="5111bca0" sha1="df3c343b2499a6aa8e6a95c3d005aca1e8c1531f" />
		<rom name="frenzy.2" size="8192" crc="5453c668" sha1="702b570443f679f1157d0578ce8cb524f778613c" />
		<rom name="frenzy.3" size="8192" crc="0c7bedf0" sha1="64b3eaadebcd031794a3bcc10a374356e4f19cb9" />
	</machine>
	<machine name="frenzya2">
		<description>Frenzy (Alt 2)</description>
		<year>1983</year>
		<publisher>Coleco / CBS</publisher>
		<rom name="frenzya2.3" size="8192" crc="9f5f1082" sha1="e2042730d44cfe24d5ebe85d86f4d97075f952d2" />
	</machine>
	<machine name="frenzya">
		<description>Frenzy (Alt 1)</description>
		<year>1983</year>
		<publisher>Coleco / CBS</publisher>
		<rom name="frenzya.3" size="8192" crc="2561345b" sha1="7c24252bf71ac77e8a70f162802a11c9c7dd6afc" />
	</machine>
	<machine name="frogger2">
		<description>Frogger II: Threedeep!</description>
		<year>1984</year>
		<publisher>Parker Brothers</publisher>
		<rom name="frogger2.1" size="8192" crc="dd616176" sha1="f246bba92f85e9c3c04b1c927d0f2ba1732ced74" />
		<rom name="frogger2.2" size="8192" crc="3275dc33" sha1="98b5abf72a4272b754d6faf91a66e99833485364" />
	</machine>
	<machine name="frogger">
		<description>Frogger</description>
		<year>1983</year>
		<publisher>Parker Brothers</publisher>
		<rom name="frogger.1" size="8192" crc="a213cda1" sha1="f2cee2c3e65ef2431dc3b0fa81b2a6e0601dc9ee" />
		<rom name="frogger.2" size="8192" crc="1556c226" sha1="2b5b027f9781b1e0b9dc51ca5389c07f59346f69" />
	</machine>
	<machine name="frontlin">
		<description>Front Line</description>
		<year>1983</year>
		<publisher>Coleco / CBS</publisher>
		<rom name="frontlin.1" size="8192" crc="7b46a5b7" sha1="39af2d5ad4b45f077ed52074bd9db9c0b9f0ea3f" />
		<rom name="frontlin.2" size="8192" crc="3ea9a9bd" sha1="d36e86e0e3936f473b381cb24aaeb6e8df30dcf9" />
		<rom name="frontlin.3" size="8192" crc="91530316" sha1="1b0d3ae9e071abc4b62780607a67afb35c86cbca" />
	</machine>
	<machine name="frontlina">
		<description>Front Line (Alt)</description>
		<year>1983</year>
		<publisher>Coleco / CBS</publisher>
		<rom name="frontlina.1" size="8192" crc="715c764b" sha1="22d7559b353aac9d545d19f3269a2b234fb24dfc" />
		<rom name="frontlina.2" size="8192" crc="eee3a3d3" sha1="d91f6a9cd921ce7ac7d84448f1d4fc07ba9e5f78" />
		<rom name="frontlina.3" size="8192" crc="77885ebd" sha1="cc30408b2a61bef3c131f92c88e358689bb1d95e" />
	</machine>
	<machine name="galaxian">
		<description>Galaxian</description>
		<year>1983</year>
		<publisher>Atarisoft</publisher>
		<rom name="galaxian.1" size="8192" crc="7d84e0e3" sha1="ac01ab47353888c3e924e725fddbf368403e506f" />
		<rom name="galaxian.2" size="8192" crc="9390df8b" sha1="355f205cab0bfded4e557c484643829475d83178" />
		<rom name="galaxian.3" size="8192" crc="dd5465ce" sha1="ab7c2f34a5cc443e0164badaf32e02b17dc72303" />
		<rom name="galaxian.4" size="8192" crc="b4293435" sha1="5e2b96c19c4f5c63a5afa2de504d29fe64a4c908" />
	</machine>
	<machine name="galaxiana">
		<description>Galaxian (Alt)</description>
		<year>1983</year>
		<publisher>Atarisoft</publisher>
		<rom name="galaxiana.2" size="8192" crc="4e701bc1" sha1="23a6eba49d912d3f8a0deeadf6a60202201fff69" />
		<rom name="galaxiana.3" size="8192" crc="96acb931" sha1="36736b2231fbfa40c98e473cf66f1919c983cb61" />
	</machine>
	<machine name="gorf">
		<description>Gorf</description>
		<year>1983</year>
		<publisher>Coleco / CBS</publisher>
		<rom name="gorf.1" size="8192" crc="be7b03b6" sha1="c8b803b3a33fb3c1d788d73f9d4517e00a883291" />
		<rom name="gorf.2" size="8192" crc="a75a408a" sha1="55de7d43247aa0ba8911aec1d7befc5220f89a84" />
	</machine>
	<machine name="gustbust">
		<description>Gust Buster</description>
		<year>1983</year>
		<publisher>Sunrise Software</publisher>
		<rom name="gustbust.1" size="8192" crc="3fb1866e" sha1="ea8eb96184d0853d35a7f97d3219b616f852421f" />
		<rom name="gustbust.2" size="8192" crc="2dcf1da7" sha1="aa9cdfd7747ecf2353e97fb8e4d2fd948a216dbd" />
	</machine>
	<machine name="gyruss">
		<description>Gyruss</description>
		<year>1984</year>
		<publisher>Parker Brothers</publisher>
		<rom name="gyruss.1" size="8192" crc="05543060" sha1="fb8534a213a1efda3807b868bf60beae402d4660" />
		<rom name="gyruss.2" size="8192" crc="8efb3614" sha1="227d6e9f423b7e161924e526cc5be259cb43283f" />
	</machine>
	<machine name="hazzard">
		<description>The Dukes of Hazzard</description>
		<year>1984</year>
		<publisher>Coleco / CBS</publisher>
		<rom name="hazzard.1" size="8192" crc="1971d9a2" sha1="c3c8ed25a030dc204a4af929730d59e4f31742ec" />
		<rom name="hazzard.2" size="8192" crc="9821ea4a" sha1="2168e40c066b814d81a694319bee1b8ee7fb7d46" />
		<rom name="hazzard.3" size="8192" crc="c3970e2e" sha1="e2a87c929fba284946c42b5327b7ba5f7bc1a4b8" />
		<rom name="hazzard.4" size="8192" crc="3433251a" sha1="188227e9d559ff457a8849e86cf60403ea863d58" />
	</machine>
	<machine name="heist">
		<description>The Heist</description>
		<year>1983</year>
		<publisher>Micro Fun</publisher>
		<rom name="heist.1" size="8192" crc="a3696552" sha1="1ca7b8c9c2e046b099c747ed05efb8e175c7e37d" />
		<rom name="heist.2" size="8192" crc="d5c02ce0" sha1="ad3b3dd0d24457f30a4b86b350ac65895b5b9e1b" />
		<rom name="heist.3" size="8192" crc="b196db89" sha1="c8c3aaeeb8a155f3abaea06198c0c477266c2541" />
	</machine>
	<machine name="heista">
		<description>The Heist (Trained?)</description>
		<year>1983</year>
		<publisher>Micro Fun</publisher>
		<rom name="heista.1" size="8192" crc="34080665" sha1="380f7b5a85ef1483e15ec589c85b7a91e9167f68" />
		<rom name="heista.3" size="8192" crc="177a899f" sha1="2534135dea50bc982b197afe569402240f0c907d" />
	</machine>
	<machine name="heistb">
		<description>The Heist (Trained?, Alt)</description>
		<year>1983</year>
		<publisher>Micro Fun</publisher>
		<rom name="heista.1" size="8192" crc="34080665" sha1="380f7b5a85ef1483e15ec589c85b7a91e9167f68" />
	</machine>
	<machine name="hero">
		<description>H.E.R.O.</description>
		<year>1984</year>
		<publisher>Activision</publisher>
		<rom name="hero.1" size="8192" crc="dcc94c49" sha1="2b259833ff2c8b8a9793d4dc94ed8dc45e330180" />
		<rom name="hero.2" size="8192" crc="c0012665" sha1="da955dca7172b8767a2eccf6526d383f72c03a37" />
	</machine>
	<machine name="hustler1">
		<description>Video Hustler (Prototype, 19840727)</description>
		<year>1984</year>
		<publisher>Konami</publisher>
		<rom name="hustler-7-27-84-8c61.bin" size="8192" crc="841d168f" sha1="5f481ff47762a812c73bb120e60f31ee99fd6b5f" />
	</machine>
	<machine name="hustler">
		<description>Video Hustler (Prototype)</description>
		<year>1984</year>
		<publisher>Coleco / CBS</publisher>
		<rom name="video.bin" size="8192" crc="a9177b20" sha1="08172d85140c004241ab585fc41cdc7841f8290b" />
	</machine>
	<machine name="illusion">
		<description>Illusions</description>
		<year>1984</year>
		<publisher>Coleco / CBS</publisher>
		<rom name="illusion.1" size="8192" crc="2b694536" sha1="bfb10fa376a322af33f7933d12df9fe2f64428c5" />
		<rom name="illusion.2" size="8192" crc="95a5dfa6" sha1="dd3e742d17c69aa3c512889c52f8f759ba2e048c" />
	</machine>
	<machine name="jbond">
		<description>James Bond 007</description>
		<year>1984</year>
		<publisher>Parker Brothers</publisher>
		<rom name="jbond.1" size="8192" crc="3e8adbd1" sha1="e4af33188fead158682fcf52de4d62b47d24fa21" />
		<rom name="jbond.2" size="8192" crc="d76746a3" sha1="ffbb963e56f6da01fee0910fa67f3a3c725921ff" />
	</machine>
	<machine name="jmpmanjr">
		<description>Jumpman Junior</description>
		<year>1984</year>
		<publisher>Epyx</publisher>
		<rom name="jmpmanjr.1" size="8192" crc="18936315" sha1="8eb881a7c24635aee778f047038064e1597512d7" />
		<rom name="jmpmanjr.2" size="8192" crc="2af8cc37" sha1="ecaf6d615df0213b49a0eac65c51c4d745904eee" />
	</machine>
	<machine name="jmpmanjra">
		<description>Jumpman Junior (Alt)</description>
		<year>1984</year>
		<publisher>Epyx</publisher>
		<rom name="jmpmanjra.2" size="8192" crc="b9dc3145" sha1="ee8afae7c7c15fcf838e6007ecd4ee7ec46e83ca" />
	</machine>
	<machine name="joust">
		<description>Joust (Prototype)</description>
		<year>1983</year>
		<publisher>Atarisoft</publisher>
		<rom name="joust.1" size="8192" crc="99402515" sha1="99928ac00b4990e5028a967cc8240630400b2d26" />
		<rom name="joust.2" size="8192" crc="11ef44b8" sha1="fbcb5130c00cd677b2bb1ea08add89ffc5617ca5" />
		<rom name="joust.3" size="8192" crc="0754fb6b" sha1="923d825c19928b7923d27d4f0392cd37f8836fd0" />
	</machine>
	<machine name="jukebox">
		<description>Juke Box</description>
		<year>1984</year>
		<publisher>Spinnaker Software Corp</publisher>
		<rom name="jukebox.1" size="8192" crc="a5511418" sha1="16f08d667334332a69cc09762dea5bb2a06ac82b" />
		<rom name="jukebox.2" size="8192" crc="b4293435" sha1="5e2b96c19c4f5c63a5afa2de504d29fe64a4c908" />
	</machine>
	<machine name="jungleh">
		<description>Jungle Hunt</description>
		<year>1983</year>
		<publisher>Atarisoft</publisher>
		<rom name="jungleh.1" size="8192" crc="75179eb9" sha1="e3b23780cf581c28f9c32462688060fc761bb33d" />
		<rom name="jungleh.2" size="8192" crc="c6f5bbb2" sha1="cfe35922eab8d691397ac122a1708bbf31906615" />
		<rom name="jungleh.3" size="8192" crc="07911cc8" sha1="1034c3c999061223066d4ae6dc44747b6d58a3d6" />
	</machine>
	<machine name="keykaper">
		<description>Keystone Kapers</description>
		<year>1984</year>
		<publisher>Activision</publisher>
		<rom name="keystone.1" size="8192" crc="35776743" sha1="7e678402cb44c6ca5a9cfc31a77d25020a6bf35b" />
		<rom name="keystone.2" size="8192" crc="4b624fb2" sha1="efb0c51fcc0f63652ddc7b015f870a6449812416" />
	</machine>
	<machine name="kubjpok">
		<description>Ken Uston Blackjack-Poker</description>
		<year>1983</year>
		<publisher>Coleco / CBS</publisher>
		<rom name="kubjpok.1" size="8192" crc="5b44f5da" sha1="ff877c1f8b6592ee14e8b19de990e52796088f5d" />
		<rom name="kubjpok.2" size="8192" crc="3bbede0e" sha1="476ea80807f039466e67d77132ff5e7e3698e3de" />
	</machine>
	<machine name="ladybug">
		<description>Lady Bug</description>
		<year>1982</year>
		<publisher>Coleco / CBS</publisher>
		<rom name="ladybug.1" size="8192" crc="6e63f2ed" sha1="3dd931e093cbe757d93df60055cbdad9e8055e26" />
		<rom name="ladybug.2" size="8192" crc="147b94fe" sha1="d472892c4b63d52750f9485f9b0d525f02bfad1e" />
	</machine>
	<machine name="lancelot">
		<description>Sir Lancelot</description>
		<year>1983</year>
		<publisher>Xonox</publisher>
		<rom name="lancelot.1" size="8192" crc="e28346ed" sha1="e6a10baa96bfe57a65f8bf89c6870c8b8dc31fcc" />
		<rom name="lancelot.2" size="8192" crc="1156741b" sha1="ad9a1160f0e91d951088c21ba9bb57dbb7ae5263" />
	</machine>
	<machine name="leeper">
		<description>Learning with Leeper</description>
		<year>1983</year>
		<publisher>Sierra On-Line</publisher>
		<rom name="leeper.1" size="8192" crc="55dd8811" sha1="f62f54ce1adace368a627df82e6aa02fefa7006a" />
		<rom name="leeper.2" size="8192" crc="ae0c0c1f" sha1="19b8ff73ddc04e2eb095f7f3676bccb7f6ee346b" />
	</machine>
	<machine name="linklogc">
		<description>Linking Logic</description>
		<year>1984</year>
		<publisher>Fisher-Price</publisher>
		<rom name="lnklogic.1" size="8192" crc="918f12c0" sha1="198767e1c8794f974f3434674cb0e542108d0011" />
		<rom name="lnklogic.2" size="8192" crc="d8f49994" sha1="0631457264ff7f8d5fb1edc2c0211992a67c73e6" />
	</machine>
	<machine name="logiclvl">
		<description>Logic Levels</description>
		<year>1984</year>
		<publisher>Fisher-Price</publisher>
		<rom name="logiclvl.1" size="8192" crc="d54c581b" sha1="77c46391de8073f6af9754f2b4eba150f258b182" />
		<rom name="logiclvl.2" size="8192" crc="257aa944" sha1="bb7806074206a7d49a3a1361c2de6814fecad46a" />
	</machine>
	<machine name="looping">
		<description>Looping</description>
		<year>1983</year>
		<publisher>Coleco / CBS</publisher>
		<rom name="looping.1" size="8192" crc="205a9c61" sha1="38edbb202d934677466d6cd80dc3d302dc834aa4" />
		<rom name="looping.2" size="8192" crc="1b5ef49e" sha1="2c297ddb40d94d2224b39888dfe927930c85bac4" />
	</machine>
	<machine name="mash">
		<description>M*A*S*H (Prototype)</description>
		<year>1983</year>
		<publisher>Fox Video Games</publisher>
		<rom name="mash.1" size="8192" crc="1bdfdaa5" sha1="9d451f3386a98ebf09a9c29410b9f1fd85d76449" />
		<rom name="mash.2" size="8192" crc="55af024c" sha1="5ed63e4998c89fa3074c1218f0118c757ed5134b" />
	</machine>
	<machine name="memmanor">
		<description>Memory Manor</description>
		<year>1984</year>
		<publisher>Fisher-Price</publisher>
		<rom name="memmanor.1" size="8192" crc="bab520ea" sha1="06f3fd038fa903597bec67cdc5c9ab9572c9c799" />
		<rom name="memmanor.2" size="8192" crc="b4293435" sha1="5e2b96c19c4f5c63a5afa2de504d29fe64a4c908" />
	</machine>
	<machine name="meteosho">
		<description>Meteoric Shower</description>
		<year>1983</year>
		<publisher>Coleco / CBS</publisher>
		<rom name="meteosho.1" size="8192" crc="6a162c7d" sha1="4429f4bcfac5612de5e8f601706cb3af1b82e58e" />
		<rom name="meteosho.2" size="8192" crc="4fd8264f" sha1="b419b8e2e9d477a1325cfddb49ec19921eba45ea" />
	</machine>
	<machine name="mindmstr">
		<description>Escape from the Mindmaster (Prototype)</description>
		<year>1983</year>
		<publisher>Epyx</publisher>
		<rom name="mindmstr .1" size="8192" crc="b8280950" sha1="b05e9370c15097b2247935586f2055a790460c99" />
		<rom name="mindmstr.2" size="8192" crc="6cade290" sha1="3adbb1d9f886830b93290cd60c1b5d7e36970664" />
	</machine>
	<machine name="mine2049a">
		<description>Miner 2049er (Alt)</description>
		<year>1983</year>
		<publisher>Micro Fun</publisher>
		<rom name="mine2049a.1" size="8192" crc="90bd8c1b" sha1="11565fdb29497f92abb10a41a960494df89b0fa2" />
		<rom name="mine2049a.2" size="8192" crc="cb0335af" sha1="0e665e27db9e1a65e8a3f188b1f249eb84eaeeea" />
		<rom name="mine2049a.3" size="8192" crc="41ed9918" sha1="b9c201796ef4c88fa1f2d9df763ed3c038fe28ac" />
	</machine>
	<machine name="mine2049">
		<description>Miner 2049er</description>
		<year>1983</year>
		<publisher>Micro Fun</publisher>
		<rom name="mine2049.1" size="8192" crc="e2814592" sha1="72d481f162983584d38a4a4d68aff51c519d9773" />
		<rom name="mine2049.2" size="8192" crc="3bc36ef5" sha1="5dca9ba3a84b6e4bbdb00688df5a5080d41f102f" />
		<rom name="mine2049.3" size="8192" crc="01d96549" sha1="c9a3ed15b584a153488c55a53b88f075e4989f9d" />
	</machine>
	<machine name="mking">
		<description>Mountain King</description>
		<year>1984</year>
		<publisher>Sunrise Software</publisher>
		<rom name="mking.1" size="8192" crc="c184c59f" sha1="26dac5f07cfd8e94460a975a399cc13da9673531" />
		<rom name="mking.2" size="8192" crc="4004519c" sha1="842ece6fba43eb8fb561bb3e5fde4f2da83d74c5" />
	</machine>
	<machine name="mkinga">
		<description>Mountain King (Alt)</description>
		<year>1984</year>
		<publisher>Sunrise Software</publisher>
		<rom name="mkinga.2" size="8192" crc="59a0d836" sha1="55c7de92d1e1f13ecc60080a30618653683777f8" />
	</machine>
	<machine name="monkey">
		<description>Monkey Academy</description>
		<year>1984</year>
		<publisher>Coleco / CBS</publisher>
		<rom name="monkey.1" size="8192" crc="fcd8e18b" sha1="d33eef6867737d129ffc9a772c794af1214c8040" />
		<rom name="monkey.2" size="8192" crc="c1effcb3" sha1="76a80579463a1b10f5486c001870b4f594f87351" />
		<rom name="monkey.3" size="8192" crc="5594b4c4" sha1="0de94867ed1dc5fef298d94ca675743538888e7c" />
		<rom name="monkey.4" size="8192" crc="b4293435" sha1="5e2b96c19c4f5c63a5afa2de504d29fe64a4c908" />
	</machine>
	<machine name="monkeyp1">
		<description>Monkey Academy (Prototype, 0511)</description>
		<year>1984</year>
		<publisher>Konami</publisher>
		<rom name="l12-chip1-5-11-c9c1.bin" size="8192" crc="cb1b7786" sha1="22b0edd4afe820250225eebf707b508fa252080b" />
		<rom name="l12-chip2-5-11-c9c1.bin" size="8192" crc="e9a69d3b" sha1="0ccc593260aef53749e70bbf9f9fd9a96914c64f" />
		<rom name="l12-chip3-5-11-c9c1.bin" size="8192" crc="314c3478" sha1="f644970051b66d6c7bc1e9d5511618c95c534902" />
	</machine>
	<machine name="monkeyp">
		<description>Monkey Academy (Prototype)</description>
		<year>1984</year>
		<publisher>Konami</publisher>
		<rom name="monkey1.1" size="8192" crc="3c321d92" sha1="c5ac325949ae9f8f0c498d5f33d9ff4e2a71fc7d" />
		<rom name="monkey1.2" size="8192" crc="d1239a4d" sha1="0b39e72f5f012981f49c5a1550e31ec0ceea348d" />
	</machine>
	<machine name="montezum">
		<description>Montezuma's Revenge</description>
		<year>1984</year>
		<publisher>Parker Brothers</publisher>
		<rom name="montezum.1" size="8192" crc="c94a29af" sha1="5e03529476b7fdec25016d5c6f0e0cf1d50b5c70" />
		<rom name="montezum.2" size="8192" crc="c27dcc42" sha1="a354aa1c9ff76a7f78c3e23a78b05cce626b76f2" />
	</machine>
	<machine name="moonswpr">
		<description>Moonsweeper</description>
		<year>1983</year>
		<publisher>Imagic</publisher>
		<rom name="moonswpr.1" size="8192" crc="cbb291b1" sha1="625f30c058073d309ca65fc8a429dc816e5fb88e" />
		<rom name="moonswpr.2" size="8192" crc="ff1c95e8" sha1="83d8b2a580fc7c9c46d769c1bc2a779c7b479d18" />
	</machine>
	<machine name="moonswpra">
		<description>Moonsweeper (Alt)</description>
		<year>1983</year>
		<publisher>Imagic</publisher>
		<rom name="moonswpra.2" size="8192" crc="b00d161f" sha1="fd92d66f244bbb5edd39978a3eac9ad41046bce7" />
	</machine>
	<machine name="mrdo">
		<description>Mr. Do!</description>
		<year>1983</year>
		<publisher>Coleco / CBS</publisher>
		<rom name="mrdo.1" size="8192" crc="a32a3f5f" sha1="7a2559e98a3226e8608d75ffe284d5b828416959" />
		<rom name="mrdo.2" size="8192" crc="d5196bfc" sha1="3e6f0c84dda0a07b9eb249b97477d9b56290af1c" />
		<rom name="mrdo.3" size="8192" crc="4be41c67" sha1="122ba8f4bf94b9c14bc1f877072ff108d4b2bead" />
	</machine>
	<machine name="mrdoa">
		<description>Mr. Do! (Alt)</description>
		<year>1983</year>
		<publisher>Coleco / CBS</publisher>
		<rom name="mrdoa.3" size="8192" crc="d8c0e115" sha1="e0ce37b5f2f047bf9406e473894021c1ad8c994f" />
	</machine>
	<machine name="mtcracer">
		<description>Motocross Racer</description>
		<year>1984</year>
		<publisher>Xonox</publisher>
		<rom name="mtcracer.1" size="8192" crc="66472edc" sha1="66db758ea1afb2d785acd63fd4e06b2cd370253d" />
		<rom name="mtcracer.2" size="8192" crc="94a06c6f" sha1="0c9b1b8da156566aa4a1da23ddc4cad330e6039c" />
	</machine>
	<machine name="mtcracera">
		<description>Motocross Racer (Alt)</description>
		<year>1984</year>
		<publisher>Xonox</publisher>
		<rom name="mtcracera.1" size="8192" crc="868d6c01" sha1="1d1442a90c5d598c95f94942dec9e81e7cd2b0aa" />
	</machine>
	<machine name="mtrap">
		<description>Mousetrap</description>
		<year>1982</year>
		<publisher>Coleco / CBS</publisher>
		<rom name="mtrap.1" size="8192" crc="c99d687f" sha1="4d290f92c628f08e2918845c41fd6f8ff2db650a" />
		<rom name="mtrap.2" size="8192" crc="0dde86c7" sha1="7068baca62db56f61cef3647e0fbcfc0c943de73" />
	</machine>
	<machine name="mtrapa">
		<description>Mousetrap (Alt)</description>
		<year>1982</year>
		<publisher>Coleco / CBS</publisher>
		<rom name="mtrapa.2" size="8192" crc="f7b51bd5" sha1="d2e14bb2d313db2a21097977ef29d1903113c1bb" />
	</machine>
	<machine name="musicbox">
		<description>Music Box (Demo)</description>
		<year>1987</year>
		<publisher>Coleco / CBS</publisher>
		<rom name="musicbox.1" size="8192" crc="4557ed22" sha1="4378dee48c482fc5dc8f0b15b505ef210ea97ea0" />
		<rom name="musicbox.2" size="8192" crc="5f40d58b" sha1="e22bc0e4e9a141af65d33089c53be1d01ca14b64" />
		<rom name="musicbox.3" size="8192" crc="0ab26aaa" sha1="0b6d75ad61139b28b97ece36d458a502386decd8" />
	</machine>
	<machine name="novablst">
		<description>Nova Blast</description>
		<year>1983</year>
		<publisher>Coleco / CBS</publisher>
		<rom name="novablst.1" size="8192" crc="790433cf" sha1="129553169c06c021f7c5ef2749780fc92bc17936" />
		<rom name="novablst.2" size="8192" crc="4f4dd2dc" sha1="e94083b20cd8d356a36d99a0c0deafebec98b3c7" />
	</machine>
	<machine name="numbump">
		<description>Number Bumper</description>
		<year>1984</year>
		<publisher>Sunrise Software</publisher>
		<rom name="numbump.1" size="8192" crc="4a2cb66a" sha1="eea02766b220ebeef2c0794116e224db1c17f89c" />
		<rom name="numbump.2" size="8192" crc="af68a52d" sha1="eac3bf920a0c91d6f16c47b86364c6a1bb3e37ad" />
	</machine>
	<machine name="oilswell">
		<description>Oil's Well</description>
		<year>1984</year>
		<publisher>Sierra On-Line</publisher>
		<rom name="oilswell.1" size="8192" crc="b8cccf31" sha1="9386933ac6349bdc64313c382d4b07e0da87384e" />
		<rom name="oilswell.2" size="8192" crc="cd2da143" sha1="f04d2e8a2786b7caf4674cbb2ade5997bc0c9ebe" />
	</machine>
	<machine name="oilswella">
		<description>Oil's Well (Alt)</description>
		<year>1984</year>
		<publisher>Sierra On-Line</publisher>
		<rom name="oilswella.2" size="8192" crc="b2d9c86d" sha1="a05209c9b9fc6ffdb0a739b08db7dac47dfe73a5" />
	</machine>
	<machine name="omegrace">
		<description>Omega Race</description>
		<year>1983</year>
		<publisher>Coleco / CBS</publisher>
		<rom name="omegrace.1" size="8192" crc="0abd47e7" sha1="5c0e00743c3336817f878d05e57378646c19c993" />
		<rom name="omegrace.2" size="8192" crc="8aba596b" sha1="068500d453c1f224772821f0d4446d2431b455de" />
	</machine>
	<machine name="onlyrock">
		<description>It's Only Rock 'n' Roll</description>
		<year>1984</year>
		<publisher>K-Tel</publisher>
		<rom name="onlyrock.1" size="8192" crc="93d46b70" sha1="a28d1cecedd3ae20ec37e82167e963097ce85b4c" />
		<rom name="onlyrock.2" size="8192" crc="2bfc5325" sha1="a1c1f192869419be417f71390ae6fc1679969f33" />
	</machine>
	<machine name="orbit">
		<description>Orbit (Prototype)</description>
		<year>1983</year>
		<publisher>Parker Brothers</publisher>
		<rom name="orbit.bin" size="8192" crc="2cc6f4aa" sha1="bcb3d6845b09adc1adf842cba1ca12f57aa47d79" />
	</machine>
	<machine name="pacman">
		<description>Pac-Man (Prototype)</description>
		<year>1983</year>
		<publisher>Atarisoft</publisher>
		<rom name="pacman.1" size="8192" crc="c0b0689d" sha1="79f8449b2e5308cb4e5120333ad3fd18f45162d7" />
		<rom name="pacman.2" size="8192" crc="cb94e964" sha1="2ad627ad8fad5e44f039e547cef057d4a03b013b" />
	</machine>
	<machine name="panic">
		<description>Space Panic</description>
		<year>1983</year>
		<publisher>Coleco / CBS</publisher>
		<rom name="panic.1" size="8192" crc="e06fa55b" sha1="21372d49c3fddf034cfeaf83ae0baadb4adef7bb" />
		<rom name="panic.2" size="8192" crc="66fcda90" sha1="896a78cdf0502be694beb529cbf1fa811646bdee" />
	</machine>
	<machine name="pepper2">
		<description>Pepper II</description>
		<year>1983</year>
		<publisher>Coleco / CBS</publisher>
		<rom name="pepper2.1" size="8192" crc="2ea3deb5" sha1="bf1e30be5aa3e4438c4444ae551d4e8a93fea0cc" />
		<rom name="pepper2.2" size="8192" crc="cd31ba03" sha1="bf1e308ffb9f46360d6d0dd108a2f2ccdd2e9071" />
	</machine>
	<machine name="pitfall2">
		<description>Pitfall II: Lost Caverns</description>
		<year>1984</year>
		<publisher>Activision</publisher>
		<rom name="pitfall2.1" size="8192" crc="08ad596e" sha1="d4961033a60b00fb9f99de49079a588b4a6518f0" />
		<rom name="pitfall2.2" size="8192" crc="e750c172" sha1="b05d33e2e6d2ed326469156b7b6bfe0b6fee99be" />
	</machine>
	<machine name="pitfall">
		<description>Pitfall!</description>
		<year>1983</year>
		<publisher>Activision</publisher>
		<rom name="pitfall.1" size="8192" crc="27bc4115" sha1="f9c11f484c14c5cfc9c4eddc5203f82a5fe3b8f8" />
		<rom name="pitfall.2" size="8192" crc="24c3fc26" sha1="57d0bc47ac795c9262e60ac43a6409e09ca100a1" />
	</machine>
	<machine name="pitstop">
		<description>Pitstop (Euro, USA, Can)</description>
		<year>1983</year>
		<publisher>Epyx</publisher>
		<rom name="pitstop.1" size="8192" crc="9480724e" sha1="9eec6c799ff3da0f2f282165cda94ec01d5c53d4" />
		<rom name="pitstop.2" size="8192" crc="a9172ddb" sha1="b06fb187a6c7d27f18d10fc817df2f26ca8f24cf" />
	</machine>
	<machine name="pitstopa">
		<description>Pitstop (USA, Alt)</description>
		<year>1983</year>
		<publisher>Epyx</publisher>
		<rom name="pitstopa.2" size="8192" crc="ce8e9e7e" sha1="f6872209a6a45f9a0731bf314faa1e1cf520c95a" />
	</machine>
	<machine name="popeye">
		<description>Popeye</description>
		<year>1983</year>
		<publisher>Parker Brothers</publisher>
		<rom name="popeye.1" size="8192" crc="0cbf4b76" sha1="ed10ffa148817c5697f41d964ad2033fe08f1128" />
		<rom name="popeye.2" size="8192" crc="f1cf5153" sha1="b27c6a8274b2a71c15016eb124e8c199f55edae8" />
	</machine>
	<machine name="popeyea">
		<description>Popeye (Alt)</description>
		<year>1983</year>
		<publisher>Parker Brothers</publisher>
		<rom name="popeyea.2" size="8192" crc="6fabc4f0" sha1="67c53f65ab74eb47c40bc2e9cbb5bdf1f81b9298" />
	</machine>
	<machine name="porkys">
		<description>Porky's (Prototype)</description>
		<year>1983</year>
		<publisher>Fox Video Games</publisher>
		<rom name="porkys.1" size="8192" crc="f5aa5a81" sha1="4e677814f7bf4eeb102659886db8776173b559fd" />
		<rom name="porkys.2" size="8192" crc="6b1f73a3" sha1="977da331293c17eb4448b12d58f577c1abafa8d2" />
	</machine>
	<machine name="power">
		<description>Power Lords: Quest for Volcan (Prototype)</description>
		<year>1984</year>
		<publisher>Probe 2000</publisher>
		<rom name="power.1" size="8192" crc="1137001f" sha1="8c71aae93a2b55f8ed9b1d2695a7948eeee452b4" />
		<rom name="power.2" size="8192" crc="4c872266" sha1="b7ac12e02d31734fa1eac91bd01f9366b5143a81" />
		<rom name="power.3" size="8192" crc="5f20b4e1" sha1="7979b12c89c089bbb2635b5ea4aff1a03b3e6264" />
		<rom name="power.4" size="8192" crc="560207f3" sha1="32e9b8a1e0d56ea3b2d3375c109fb63b2ec9b8ae" />
	</machine>
	<machine name="qbert">
		<description>Q*bert</description>
		<year>1983</year>
		<publisher>Parker Brothers</publisher>
		<rom name="qbert.bin" size="8192" crc="532f61ba" sha1="6243fc5593f40d7285ea6b69c541307d3fc583ac" />
	</machine>
	<machine name="qberta">
		<description>Q*bert (Alt)</description>
		<year>1983</year>
		<publisher>Parker Brothers</publisher>
		<rom name="qberta.bin" size="8192" crc="13f06adc" sha1="d2322e9aba23bdd3732ff5e631f92667f0c04ae9" />
	</machine>
	<machine name="qbertqub">
		<description>Q*bert Qubes</description>
		<year>1984</year>
		<publisher>Parker Brothers</publisher>
		<rom name="qbertqub.1" size="8192" crc="47e28915" sha1="fa9c180b4d6a1599143a9e9184b24a832f804ef7" />
		<rom name="qbertqub.2" size="8192" crc="6c620927" sha1="95810995430977c2164713c422deb7f6161538fd" />
	</machine>
	<machine name="qbertquba">
		<description>Q*bert Qubes (Alt?)</description>
		<year>1984</year>
		<publisher>Parker Brothers</publisher>
		<rom name="qbertquba.1" size="8192" crc="f98f9356" sha1="2abff8e0724fce7d68e12b992938f312eab52564" />
	</machine>
	<machine name="quintana">
		<description>Quest for Quintana Roo</description>
		<year>1983</year>
		<publisher>Sunrise Software</publisher>
		<rom name="quintana.1" size="8192" crc="4e0c1380" sha1="1c2ff852476cb6bf2ada58b5582667b3892e04e2" />
		<rom name="quintana.2" size="8192" crc="b9a51e9d" sha1="afc1bcb0217706bd03cbf5023fca4b960b601eb2" />
	</machine>
	<machine name="quintanaa">
		<description>Quest for Quintana Roo (Alt)</description>
		<year>1983</year>
		<publisher>Sunrise Software</publisher>
		<rom name="quintanaa.2" size="8192" crc="7a5fb32f" sha1="16cade76f74d1bff75db92f92b18da261448c9be" />
	</machine>
	<machine name="riveraid">
		<description>River Raid</description>
		<year>1984</year>
		<publisher>Activision</publisher>
		<rom name="riveraid.1" size="8192" crc="75640b2a" sha1="32f6b0fe709eaaef43339786de3450051a819ba9" />
		<rom name="riveraid.2" size="8192" crc="5a3305e6" sha1="08b4b8770f33cc352bd902004fabe6ed72890f9c" />
	</machine>
	<machine name="robinh">
		<description>Robin Hood</description>
		<year>1984</year>
		<publisher>Xonox</publisher>
		<rom name="robinh.1" size="8192" crc="47030356" sha1="e814584cdd32b3eadf40c5b58aaf83db31fc1c45" />
		<rom name="robinh.2" size="8192" crc="100b753c" sha1="64cf6dc5038fedf261fa7cd3feaeb3f46c21cf14" />
	</machine>
	<machine name="robinha">
		<description>Robin Hood (Alt)</description>
		<year>1984</year>
		<publisher>Xonox</publisher>
		<rom name="robinha.2" size="8192" crc="d307fb9d" sha1="8977a09faabf8e0d05a854b3b83d6bf9ad58eebb" />
	</machine>
	<machine name="rockbolt">
		<description>Rock 'n Bolt</description>
		<year>1984</year>
		<publisher>Telegames</publisher>
		<rom name="rockbolt.1" size="8192" crc="d47a9aa5" sha1="92d7537a4a05ba2e57d770bd0c359d707f33f284" />
		<rom name="rockbolt.2" size="8192" crc="2e1da551" sha1="e5b8d1384179d87ae37704f6603744681ac5515b" />
	</machine>
	<machine name="rockbolta">
		<description>Rock 'n Bolt (Alt)</description>
		<year>1984</year>
		<publisher>Telegames</publisher>
		<rom name="rockbolta.2" size="8192" crc="d37f5c2b" sha1="8ef794e20134d015a422bc785f8c7d6bee182ea3" />
	</machine>
	<machine name="rocky">
		<description>Rocky: Super Action Boxing</description>
		<year>1983</year>
		<publisher>Coleco / CBS</publisher>
		<rom name="rocky.1" size="8192" crc="a51498f5" sha1="91f764f4b3a236cda9e99284fba7f03ddf781974" />
		<rom name="rocky.2" size="8192" crc="5a8f2336" sha1="c2347eb8b94a926c51e330efbe618b99ad7e56f9" />
		<rom name="rocky.3" size="8192" crc="56fc8d0a" sha1="29f1733141ee98b0bd069d000fe531d95e1fc31b" />
	</machine>
	<machine name="rocnrope">
		<description>Roc 'n Rope</description>
		<year>1984</year>
		<publisher>Coleco / CBS</publisher>
		<rom name="rocnrope.1" size="8192" crc="24d5a53c" sha1="eb20530efd18ee2a0a72513ee1fabca33b1fe683" />
		<rom name="rocnrope.2" size="8192" crc="3db8ad55" sha1="12d5b70b5ae36297fb07b2bce76356baed58e30a" />
		<rom name="rocnrope.3" size="8192" crc="c6146a6d" sha1="0604bb4f58d9985e518cc1f0398277a70fbd6a27" />
	</machine>
	<machine name="rollover">
		<description>Rolloverture</description>
		<year>1983</year>
		<publisher>Sunrise Software</publisher>
		<rom name="rollover.1" size="8192" crc="668b6bcb" sha1="33a95a81a39087393e60ea61747c40e7be192ca9" />
		<rom name="rollover.2" size="8192" crc="b3dc2195" sha1="7f102bb92eec3c3a15160778724841a5a90bebb4" />
	</machine>
	<machine name="sabaseb">
		<description>Super Action Baseball</description>
		<year>1983</year>
		<publisher>Coleco / CBS</publisher>
		<rom name="sabaseb.1" size="8192" crc="2061515d" sha1="ee00c03358c3cec59347c6e6ed05a2a4ce4d460e" />
		<rom name="sabaseb.2" size="8192" crc="f29c94e3" sha1="f5608a3d6acf1716fc80f3f6d9543a4a1720de5e" />
		<rom name="sabaseb.3" size="8192" crc="a4713651" sha1="fba8e06c83c37857b625165ad6f83d358ef39287" />
		<rom name="sabaseb.4" size="8192" crc="b4293435" sha1="5e2b96c19c4f5c63a5afa2de504d29fe64a4c908" />
	</machine>
	<machine name="safootb">
		<description>Super Action Football (Euro)</description>
		<year>1984</year>
		<publisher>Coleco / CBS</publisher>
		<rom name="safootb.1" size="8192" crc="fb9f52cb" sha1="415a9a29321ea541b4e9a7f6c55789613e047e97" />
		<rom name="safootb.2" size="8192" crc="014ecf5f" sha1="5c232a92970368628a41874b65370f4d638ed599" />
		<rom name="safootb.3" size="8192" crc="780e3e49" sha1="601620a31148622f5eb4d9ee509be7bc4917d60b" />
		<rom name="safootb.4" size="8192" crc="4f5ce13d" sha1="262b6bdbdc249d89c87f1b0fbc643c383663103c" />
	</machine>
	<machine name="safootbu">
		<description>Super Action Football (USA)</description>
		<year>1984</year>
		<publisher>Coleco / CBS</publisher>
		<rom name="safootbu.1" size="8192" crc="f1fdec05" sha1="d4d0134a5b149517ddc82001e90fd9a8f84b5945" />
		<rom name="safootbu.2" size="8192" crc="84104709" sha1="185dc05edc8d36e2720bc4c92629db2864d5dca2" />
		<rom name="safootbu.3" size="8192" crc="496d3acb" sha1="2b1ac775a7b6ac7782a075e55e79fc8508b17121" />
		<rom name="safootbu.4" size="8192" crc="dcc8042d" sha1="0ef66fbfdca2cf08c6e5da65b34c5f156e336f3e" />
	</machine>
	<machine name="sammylf">
		<description>Sammy Lightfoot</description>
		<year>1983</year>
		<publisher>Sierra On-Line</publisher>
		<rom name="sammylf.1" size="8192" crc="2492bac2" sha1="febc98d86a5b8ab8c9c1ce4621f47a778f3c78bd" />
		<rom name="sammylf.2" size="8192" crc="7fee3b34" sha1="b1365467cf635a1f3cea100bcf551e267d555322" />
	</machine>
	<machine name="sammylfa">
		<description>Sammy Lightfoot (Alt)</description>
		<year>1983</year>
		<publisher>Sierra On-Line</publisher>
		<rom name="sammylfa.2" size="8192" crc="8f7b8944" sha1="916cb32cd8c211ecd89787ef674d70ab724f1110" />
	</machine>
	<machine name="scobra">
		<description>Super Cobra</description>
		<year>1983</year>
		<publisher>Parker Brothers</publisher>
		<rom name="scobra.bin" size="8192" crc="6cb5cb8f" sha1="c0ff64668723f5f353ce98d3ee6089ebe0201369" />
	</machine>
	<machine name="scobraa">
		<description>Super Cobra (Alt)</description>
		<year>1983</year>
		<publisher>Parker Brothers</publisher>
		<rom name="scobraa.bin" size="8192" crc="f84622d2" sha1="3bf730acbfb0404d2e2411169c8fc6a81b907053" />
	</machine>
	<machine name="secalpha">
		<description>Sector Alpha</description>
		<year>1983</year>
		<publisher>Spectravideo</publisher>
		<rom name="secalpha.1" size="8192" crc="9299539b" sha1="880beb9a4df332948052b40eef09b6c877de5f9e" />
		<rom name="secalpha.2" size="8192" crc="c8d6e83d" sha1="366877e0b68cdf2e4bfde38d9ce72eed97946f89" />
		<rom name="secalpha.3" size="4096" crc="354a3b2f" sha1="ff8966cec010248af60d2e2abee8a949c154ea25" />
	</machine>
	<machine name="sewersam">
		<description>Sewer Sam</description>
		<year>1984</year>
		<publisher>Interphase</publisher>
		<rom name="sewersam.1" size="8192" crc="7906db21" sha1="636cd4f38b16e84595624084b52ce33f9ea255f9" />
		<rom name="sewersam.2" size="8192" crc="9ae6324e" sha1="cbb05dcfc761eefd584418aab9c9245feecffebe" />
		<rom name="sewersam.3" size="8192" crc="a17fc15a" sha1="b5193267cc4b6f99f491fa568f3de3d68542a6e2" />
	</machine>
	<machine name="skiing">
		<description>Skiing</description>
		<year>1986</year>
		<publisher>Telegames</publisher>
		<rom name="skiing.1" size="8192" crc="b37d48bd" sha1="2cfd62a4b403fc2f5344d0e095d1028cc11e4ecc" />
		<rom name="skiing.2" size="8192" crc="b4293435" sha1="5e2b96c19c4f5c63a5afa2de504d29fe64a4c908" />
	</machine>
	<machine name="skiinga">
		<description>Skiing (Bad?)</description>
		<year>1986</year>
		<publisher>Telegames</publisher>
		<rom name="skiinga.1" size="8192" crc="4e1fb1c7" sha1="fee25408f8ef3107497fb88361689d4b4151897b" />
	</machine>
	<machine name="slither">
		<description>Slither</description>
		<year>1983</year>
		<publisher>Coleco / CBS</publisher>
		<rom name="slither.1" size="8192" crc="adc3207c" sha1="a23873f89a384ae5b4fa8c518d85ccaa01e78748" />
		<rom name="slither.2" size="8192" crc="e9d2763c" sha1="2c2f943b5b0a2864dd09c7c51f076c76a1b27b27" />
	</machine>
	<machine name="slurpy">
		<description>Slurpy</description>
		<year>1984</year>
		<publisher>Xonox</publisher>
		<rom name="slurpy.1" size="8192" crc="cb23c846" sha1="b31e5203857d6b347c4858ad26693c6efe4215a0" />
		<rom name="slurpy.2" size="8192" crc="adcda8e3" sha1="8504212f5ef0efa070036da2605d7c7022584507" />
	</machine>
	<machine name="smurf">
		<description>Smurf Rescue in Gargamel's Castle</description>
		<year>1982</year>
		<publisher>Coleco / CBS</publisher>
		<rom name="smurfrgc.1" size="8192" crc="675bf14d" sha1="4ba14cce2e022d039188d7faeee78a679e1f451f" />
		<rom name="smurfrgc.2" size="8192" crc="0a1a2b0e" sha1="3c83830f456310676171827fe4df5eb4f6d38520" />
	</machine>
	<machine name="smurfa">
		<description>Smurf Rescue in Gargamel's Castle (Alt)</description>
		<year>1982</year>
		<publisher>Coleco / CBS</publisher>
		<rom name="smurfrgca.2" size="8192" crc="993ed67c" sha1="b924e2c63d1edb271a65b21ac74a8221c9445ffc" />
	</machine>
	<machine name="smurfply">
		<description>Smurf Play and Learn (Prototype)</description>
		<year>1982</year>
		<publisher>Coleco / CBS</publisher>
		<rom name="smurfply.1" size="8192" crc="1397a474" sha1="63bce58d40eb785a4e7a48ddc257fac8e1b61284" />
		<rom name="smurfply.2" size="8192" crc="a51e1410" sha1="9f02ab15d7a8d44fb0d3997adffd61e11ccf0954" />
	</machine>
	<machine name="smurfpnt">
		<description>Smurf Paint 'n' Play Workshop</description>
		<year>1983</year>
		<publisher>Coleco / CBS</publisher>
		<rom name="smurfpnt.1" size="8192" crc="b5cd2fb4" sha1="f97db40dd4e9b116783dfdbad4ed1e389c6c31b8" />
		<rom name="smurfpnt.2" size="8192" crc="e4197181" sha1="9ab9ec89435d2119f23a675049e961384cce2b4a" />
		<rom name="smurfpnt.3" size="8192" crc="a0e1ab06" sha1="dd700f58d1c719bff898a3151a815795162d4122" />
		<rom name="smurfpnt.4" size="8192" crc="b4293435" sha1="5e2b96c19c4f5c63a5afa2de504d29fe64a4c908" />
	</machine>
	<machine name="spacfury">
		<description>Space Fury</description>
		<year>1983</year>
		<publisher>Coleco / CBS</publisher>
		<rom name="spacfury.1" size="8192" crc="1850548f" sha1="e09e0e6100a3c1be1e8b7f8178bbff2bdc67a572" />
		<rom name="spacfury.2" size="8192" crc="4d6866e1" sha1="81bf0f41111f92c1ff6cdc7947592015b424c3fe" />
	</machine>
	<machine name="spacfurya">
		<description>Space Fury (Alt)</description>
		<year>1983</year>
		<publisher>Coleco / CBS</publisher>
		<rom name="spacfurya.1" size="8192" crc="0776d3b3" sha1="d16b3db27963a1d85dcecaf3524d194649f261fb" />
		<rom name="spacfurya.2" size="8192" crc="5a7279a9" sha1="ba4d5a3ec46b628144e5a72366354dd5580744cb" />
	</machine>
	<machine name="spectron">
		<description>Spectron</description>
		<year>1983</year>
		<publisher>Spectravideo</publisher>
		<rom name="spectron.1" size="8192" crc="23e2afa0" sha1="86a0ef0899ec4e3c3b87285dce0991205ca6f0e6" />
		<rom name="spectron.2" size="8192" crc="01897fc1" sha1="6f175cc695871a61e30aa5789be80f213ca0fd41" />
	</machine>
	<machine name="sprcross">
		<description>Super Cross Force</description>
		<year>1983</year>
		<publisher>Spectravideo</publisher>
		<rom name="sprcross.1" size="8192" crc="e5a53b79" sha1="ca92f9f88a59350b3ad6c5bff1ce09883b817e9f" />
		<rom name="sprcross.2" size="8192" crc="5185bd94" sha1="91d4c54380f2f535d5045437a978e894bd19ff58" />
	</machine>
	<machine name="spyhunt">
		<description>Spy Hunter</description>
		<year>1984</year>
		<publisher>Coleco / CBS</publisher>
		<rom name="spyhunt.1" size="8192" crc="0a830682" sha1="8611f56653530ee557ecd68a5c800dd50b308dc4" />
		<rom name="spyhunt.2" size="8192" crc="46b6d735" sha1="78abb784955c65ae04810b0473873a969719bed6" />
		<rom name="spyhunt.3" size="8192" crc="09474158" sha1="dc98723d6408b3af0a015098577916781a4ba2cf" />
		<rom name="spyhunt.4" size="8192" crc="a5b57758" sha1="bc66ca9b511bdc47711964092349636acf9639b5" />
	</machine>
	<machine name="spyhuntp1">
		<description>Spy Hunter (Prototype, v13)</description>
		<year>1984</year>
		<publisher>Coleco / CBS</publisher>
		<rom name="spy13-chip1.bin" size="8192" crc="01d34c94" sha1="5e2a203e08eaf1f93581b74f7eaa31a9fead7680" />
		<rom name="spy13-chip2.bin" size="8192" crc="1aabc54a" sha1="79c8b636847ed38adb998268ba3cc29295bba3d3" />
		<rom name="spy13-chip3.bin" size="8192" crc="bd730c9f" sha1="7ea4c43a3177a3233baaa57b401f985a390f9c35" />
		<rom name="spy13-chip4.bin" size="8192" crc="c85c6303" sha1="64fd7eaeea489768023396f34aeff87e39065e04" />
	</machine>
	<machine name="spyhuntp">
		<description>Spy Hunter (Prototype, v22)</description>
		<year>1984</year>
		<publisher>Coleco / CBS</publisher>
		<rom name="spyr22-aaad-11-12-chip1.bin" size="8192" crc="f8fd0e1c" sha1="d1b0fe5a51a0459065518b47e2d72d94e1b6b122" />
		<rom name="spyrv22-7f14-11-12-chip2.bin" size="8192" crc="ff749b25" sha1="1c8071e141670cb22a5d8e0a4ab479c651b2ae21" />
		<rom name="spyrv22-b3b4-11-12-chip4.bin" size="8192" crc="da895d9c" sha1="b6984670c8554222af1134b9f0720308516cef15" />
		<rom name="spyrv22-f73b-11-12-chip3.bin" size="8192" crc="a45ff169" sha1="5dbbe12c8a0b2e9cbd1334d67e1c3afff46e482f" />
	</machine>
	<machine name="squishem">
		<description>Squish 'em Sam!</description>
		<year>1984</year>
		<publisher>Interphase</publisher>
		<rom name="squishem.1" size="8192" crc="2614d406" sha1="ef0ece9d0b70eb741cf1b9671dd3352dbc662f27" />
		<rom name="squishem.2" size="8192" crc="b1ce0286" sha1="4cf90d3fe1fef5b05901d4423c0042756d6b43c7" />
	</machine>
	<machine name="ssketch">
		<description>Super Sketch</description>
		<year>1984</year>
		<publisher>Personal Peripherals</publisher>
		<rom name="ssketch.bin" size="8192" crc="8627300a" sha1="3acbae2580c38bfea9ce7ec06274edd39607016d" />
	</machine>
	<machine name="startrek">
		<description>Star Trek: Strategic Operations Simulator</description>
		<year>1984</year>
		<publisher>Coleco / CBS</publisher>
		<rom name="startrek.1" size="8192" crc="600e431e" sha1="916a61bfac4e02918df137ffbd4157cf68174513" />
		<rom name="startrek.2" size="8192" crc="1d1741aa" sha1="68dea35557d1042785367c3753bd82674b8130c5" />
		<rom name="startrek.3" size="8192" crc="3fa88549" sha1="add1095c279d6baf1e983fb77768f346bfa2a1ca" />
	</machine>
	<machine name="starwars">
		<description>Star Wars: The Arcade Game</description>
		<year>1984</year>
		<publisher>Parker Brothers</publisher>
		<rom name="starwars.1" size="8192" crc="a0ea5c68" sha1="91baa18348815a7bdbccb7281cf563084013d245" />
		<rom name="starwars.2" size="8192" crc="e7d55444" sha1="2708b5eab1df1b6be226d5b99072efe2a9b04446" />
	</machine>
	<machine name="steam">
		<description>Steamroller (Prototype)</description>
		<year>1984</year>
		<publisher>Activision</publisher>
		<rom name="steam.1" size="8192" crc="dd4f0a05" sha1="f05a3650dcef7d958070b940add921a93c3404d4" />
		<rom name="steam.2" size="8192" crc="0bf43529" sha1="fcf444027e7a16880afb7c0235a05e4cfefb4778" />
	</machine>
	<machine name="strikeit">
		<description>Strike It!</description>
		<year>1983</year>
		<publisher>Telegames</publisher>
		<rom name="strikeit.1" size="8192" crc="7b26040d" sha1="4333f87b91b1382da69e8c5df686489baf944d93" />
		<rom name="strikeit.2" size="8192" crc="3a2d6226" sha1="b2cb2f38e40f7d174265c1cf934cecab0e69a531" />
	</machine>
	<machine name="subroc">
		<description>Subroc</description>
		<year>1983</year>
		<publisher>Coleco / CBS</publisher>
		<rom name="subroc.1" size="8192" crc="ff56b769" sha1="612a0abd13c4c7790890cbcb265a7fd786c7ec5c" />
		<rom name="subroc.2" size="8192" crc="e9e60d4c" sha1="bfc94db65985b7a906099465a47d900f7a9a9106" />
		<rom name="subroc.3" size="8192" crc="abe18f08" sha1="6ebdc68397c7b20dceba12ff754f88c955d5f98a" />
	</machine>
	<machine name="subroca">
		<description>Subroc (Alt?)</description>
		<year>1983</year>
		<publisher>Coleco / CBS</publisher>
		<rom name="subroca.1" size="8192" crc="85a94623" sha1="9cebe30e43cdd7af9fb611107288588e93542185" />
		<rom name="subroca.2" size="8192" crc="b558def8" sha1="7ca3f7ab8431ca3d45f63b38f3af29ea4977434f" />
		<rom name="subroca.3" size="8192" crc="9dbbb193" sha1="e37a6801e3c3a9fb304974a02aa655e6edda90eb" />
	</machine>
	<machine name="superdk">
		<description>Super DK! (Prototype)</description>
		<year>1982</year>
		<publisher>Nintendo</publisher>
		<rom name="superdk.1" size="8192" crc="36253de5" sha1="7482b65c1dcb8b467c517356e6e75fe8f41f1532" />
		<rom name="superdk.2" size="8192" crc="88819fa6" sha1="d3b9c345432b16566f888a7ca0c12675c05b0bbb" />
		<rom name="superdk.3" size="8192" crc="7e3889f6" sha1="38bb59b033d46e094aaa54a11513613bccbf215e" />
		<rom name="superdk.4" size="8192" crc="cd99ed49" sha1="b81a7ca5591831059eec800de78147c69951a531" />
	</machine>
	<machine name="suprdkjr">
		<description>Super DK! Junior (Prototype)</description>
		<year>1983</year>
		<publisher>Nintendo</publisher>
		<rom name="suprdkjr.1" size="8192" crc="85ecf7e3" sha1="6a03c761b6df6cb4d26a49c3ae0e03fae189dd10" />
		<rom name="suprdkjr.2" size="8192" crc="5f63bc3c" sha1="abb656d6afc8589c252eb59ff4624472666245bc" />
		<rom name="suprdkjr.3" size="8192" crc="6d5676fa" sha1="8ccde3b098b91d906c95a2043c080be72dbd5bd0" />
		<rom name="suprdkjr.4" size="8192" crc="b4293435" sha1="5e2b96c19c4f5c63a5afa2de504d29fe64a4c908" />
	</machine>
	<machine name="suprtest">
		<description>Super Controller Test Cartridge</description>
		<year>1983</year>
		<publisher>Coleco / CBS</publisher>
		<rom name="super action controller tester (1982) (nuvatec).rom" size="8192" crc="d206fe58" sha1="b96fe60d2a1ee107a3b5a9cc91d5c811e93768af" />
	</machine>
	<machine name="sword">
		<description>Sword and Sorcerer (Prototype)</description>
		<year>1983</year>
		<publisher>Coleco / CBS</publisher>
		<rom name="sword-chip1-a176.bin" size="8192" crc="a1548994" sha1="d079283f6f5e287399d442be8cfc2d82fa8cec15" />
		<rom name="sword-chip2-d5ba.bin" size="8192" crc="1d03dfae" sha1="ba6dc0e47ab9418913ca2540e71d8595442372ba" />
	</machine>
	<machine name="tankwars">
		<description>Tank Wars</description>
		<year>1983</year>
		<publisher>Telegames</publisher>
		<rom name="tankwars.1" size="8192" crc="9ab82448" sha1="e262247c42de75ea21bc3bacdb5faaad2f94a3c2" />
		<rom name="tankwars.2" size="8192" crc="829cce2b" sha1="eef6b7d97045d30b90bf2d6d5577242a3f7c818c" />
	</machine>
	<machine name="tapper">
		<description>Tapper</description>
		<year>1984</year>
		<publisher>Coleco / CBS</publisher>
		<rom name="tapper.1" size="8192" crc="7f8b5222" sha1="bd34b516e2822ba1806d54c1bb2040cf2a97b8bc" />
		<rom name="tapper.2" size="8192" crc="e2ef863f" sha1="7c12ec7323ae6fba593a63c46a8556b1a1693937" />
		<rom name="tapper.3" size="8192" crc="c14b28fa" sha1="84eb1aa8245f36da98e915ec2e2ff3bb6bffdfb9" />
		<rom name="tapper.4" size="8192" crc="d6a41476" sha1="7d6ff26616782f8c8dd72f794c7b8d5ce6717a72" />
	</machine>
	<machine name="tarzan">
		<description>Tarzan: From out of the Jungle</description>
		<year>1983</year>
		<publisher>Coleco / CBS</publisher>
		<rom name="tarzan.1" size="8192" crc="b7054e41" sha1="2a63be1985f29a2dd932c281bf86c3cc2256a78b" />
		<rom name="tarzan.2" size="8192" crc="e3d2a4bb" sha1="b11bcbcdf17f09c5a322851fe9bd56d67d60adea" />
		<rom name="tarzan.3" size="8192" crc="c0238775" sha1="949ca8240cb372d06fbc025f200e39fd3c2c0dcb" />
	</machine>
	<machine name="telly">
		<description>Telly Turtle</description>
		<year>1984</year>
		<publisher>Coleco / CBS</publisher>
		<rom name="telly.1" size="8192" crc="2d18a9f3" sha1="ed3b5b05324f3bb8f75b142c200c4f1f8658eb91" />
		<rom name="telly.2" size="8192" crc="c031f478" sha1="17e67d5321cad33e4c7254fc53aae7f45145c116" />
	</machine>
	<machine name="threshld">
		<description>Threshold</description>
		<year>1983</year>
		<publisher>Sierra On-Line</publisher>
		<rom name="threshld.1" size="8192" crc="5575f9a7" sha1="58d010f0f873d6fba04826a84be8cf198074165d" />
		<rom name="threshld.2" size="8192" crc="502e5505" sha1="02b48a100d70536f5a0af3bbee166f7b997f5126" />
	</machine>
	<machine name="timeplt">
		<description>Time Pilot</description>
		<year>1983</year>
		<publisher>Coleco / CBS</publisher>
		<rom name="timeplt.1" size="8192" crc="c7dbf3f4" sha1="1dbfd4f568c2f635891c692149b14993c3ffaedd" />
		<rom name="timeplt.2" size="8192" crc="0103b17c" sha1="8c38bca02799c0a3d6289fcd18de59fc9a14ec3e" />
	</machine>
	<machine name="tomarc">
		<description>Tomarc the Barbarian</description>
		<year>1984</year>
		<publisher>Xonox</publisher>
		<rom name="tomarc.1" size="8192" crc="938681c2" sha1="4f6002b5816630b66d2d143299c56b52e9bc85cd" />
		<rom name="tomarc.2" size="8192" crc="58fc365b" sha1="7d343b0e35b3621aede9bf7c9e129233e5a08f9d" />
	</machine>
	<machine name="ttennis">
		<description>Tournament Tennis</description>
		<year>1984</year>
		<publisher>Coleco / CBS</publisher>
		<rom name="ttennis.1" size="8192" crc="dbcde1a9" sha1="864d4148c740a0d2d79c3df2ec3e11596aaefbb2" />
		<rom name="ttennis.2" size="8192" crc="b72f9ff8" sha1="d960b0f6207a64d6330a5dee458f1a18f6ec6a87" />
		<rom name="ttennis.3" size="8192" crc="b4293435" sha1="5e2b96c19c4f5c63a5afa2de504d29fe64a4c908" />
		<rom name="ttennis.4" size="8192" crc="b4293435" sha1="5e2b96c19c4f5c63a5afa2de504d29fe64a4c908" />
	</machine>
	<machine name="tunnels">
		<description>Tunnels &amp; Trolls (Demo)</description>
		<year>1983</year>
		<publisher>Coleco / CBS</publisher>
		<rom name="tunnels.1" size="8192" crc="36a12145" sha1="e6e6324032f56e445a51102fe44e2f755a6c161e" />
		<rom name="tunnels.2" size="8192" crc="b0abdb32" sha1="a4b569048ff591a908da1110f2b814322060aabb" />
		<rom name="tunnels.3" size="8192" crc="53cc4957" sha1="b1434853089138935450d324876c0adb034d5775" />
		<rom name="tunnels.4" size="8192" crc="b4293435" sha1="5e2b96c19c4f5c63a5afa2de504d29fe64a4c908" />
	</machine>
	<machine name="turbo">
		<description>Turbo</description>
		<year>1982</year>
		<publisher>Coleco / CBS</publisher>
		<rom name="turbo.1" size="8192" crc="379db77c" sha1="5f2ac05f87dfeb4152b27c8782915c7c934e0710" />
		<rom name="turbo.2" size="8192" crc="8d49046a" sha1="cc89b59f325928539d7025f17f951731ee8b960d" />
	</machine>
	<machine name="tutankhm">
		<description>Tutankham</description>
		<year>1983</year>
		<publisher>Parker Brothers</publisher>
		<rom name="tutankhm.1" size="8192" crc="8186ee58" sha1="034b02e507e5fd76a808a04c27e73a1bc511127c" />
		<rom name="tutankhm.2" size="8192" crc="c84f9171" sha1="49bbab92f45370665e9bc41eea2d37a87bc9d789" />
	</machine>
	<machine name="tutankhma">
		<description>Tutankham (Alt)</description>
		<year>1983</year>
		<publisher>Parker Brothers</publisher>
		<rom name="tutankhma.2" size="8192" crc="208eb5a2" sha1="8b03c7b192930482240ce05920117801897fda55" />
	</machine>
	<machine name="upndown">
		<description>Up'n Down</description>
		<year>1984</year>
		<publisher>Sega</publisher>
		<rom name="upndown.1" size="8192" crc="20020b8c" sha1="ac74a4e59e89933abefb85abc302c5d040eb2eac" />
		<rom name="upndown.2" size="8192" crc="ecc346e6" sha1="fa8dcdf0eb4a00b8db53ac6d70cd541f0cd37642" />
	</machine>
	<machine name="venture">
		<description>Venture</description>
		<year>1982</year>
		<publisher>Coleco / CBS</publisher>
		<rom name="venture.1" size="8192" crc="d1975c29" sha1="d7cb83433dd10dfef5e6215df6794efc88b8380b" />
		<rom name="venture.2" size="8192" crc="2fff758e" sha1="08cf4b541f0336933d762e0edeab880b425a722b" />
	</machine>
	<machine name="victory">
		<description>Victory (Euro)</description>
		<year>1983</year>
		<publisher>CBS</publisher>
		<rom name="victory.1" size="8192" crc="811389ba" sha1="5fab37b9ffe6d2630c09518e9fbb35d9254962ec" />
		<rom name="victory.2" size="8192" crc="d7ae282c" sha1="0647b80a5e187ce313ae75bb6e3019803249caae" />
		<rom name="victory.3" size="8192" crc="1b355725" sha1="1e04b8d66be18e9ff400787c4b6388891061b659" />
	</machine>
	<machine name="victoryu">
		<description>Victory (USA)</description>
		<year>1983</year>
		<publisher>Coleco</publisher>
		<rom name="victoryu.2" size="8192" crc="9a0ffe5c" sha1="9801ca851e57e41292734665df32c3f89e53f8e8" />
		<rom name="victoryu.3" size="8192" crc="0c873fde" sha1="ca926176a5a573cb56f9f1832c82429c9eb8c552" />
	</machine>
	<machine name="wargames">
		<description>War Games</description>
		<year>1984</year>
		<publisher>Coleco / CBS</publisher>
		<rom name="wargames.1" size="8192" crc="da4bb2f5" sha1="49284b18d0f620150f150829aceb7140b1233356" />
		<rom name="wargames.2" size="8192" crc="4ef201ef" sha1="edd3c53c234e3c48faf1d79b5af58e42c482f52d" />
		<rom name="wargames.3" size="8192" crc="b9b1cae9" sha1="6fbaf1ec8a55b0d3d75aec7a084279680b86069e" />
	</machine>
	<machine name="wargamesp">
		<description>War Games (Prototype, 0417)</description>
		<year>1984</year>
		<publisher>Coleco / CBS</publisher>
		<rom name="wargams17-chip3-4-17-c44a.bin" size="8192" crc="2a95379b" sha1="9fe560e99275bd0f32ae11daf03915a4dfd8de6a" />
	</machine>
	<machine name="warroom">
		<description>War Room</description>
		<year>1983</year>
		<publisher>Probe 2000</publisher>
		<rom name="warroom.1" size="8192" crc="fc6def44" sha1="cd69d2b59a2b4bdea0a76c873ed293bcbd2503ea" />
		<rom name="warroom.2" size="8192" crc="a166efc7" sha1="7d0a0bb2a7bc828f0ce8a90c557140b1263f46ef" />
		<rom name="warroom.3" size="8192" crc="97fa3660" sha1="3080ec1f056a9c0efc378814514159677459e4f4" />
		<rom name="warroom.4" size="8192" crc="b4293435" sha1="5e2b96c19c4f5c63a5afa2de504d29fe64a4c908" />
	</machine>
	<machine name="wingwar">
		<description>Wing War</description>
		<year>1983</year>
		<publisher>Imagic</publisher>
		<rom name="wingwar.1" size="8192" crc="9aaba834" sha1="ba36272b4469249be9dbae48d4c3792f524c9218" />
		<rom name="wingwar.2" size="8192" crc="442000d0" sha1="e39418ba9b6a06dfb0b530a0479426a3dabe08c9" />
	</machine>
	<machine name="wizmath">
		<description>Wizard of Id's Wizmath</description>
		<year>1984</year>
		<publisher>Sierra On-Line</publisher>
		<rom name="wizmath.1" size="8192" crc="c0c6bda0" sha1="1492a6581935b85c513484e0b884106eeff72e8f" />
		<rom name="wizmath.2" size="8192" crc="4080c0a4" sha1="1dedc67dc7ffdf452bb76b96842633145e21af88" />
	</machine>
	<machine name="wordfeud">
		<description>Word Feud</description>
		<year>1984</year>
		<publisher>K-Tel</publisher>
		<rom name="wordfeud.1" size="8192" crc="f7a29c01" sha1="9a6188511ae54e6886222b84185714d2ead8cfbc" />
		<rom name="wordfeud.2" size="8192" crc="f7a29c01" sha1="9a6188511ae54e6886222b84185714d2ead8cfbc" />
	</machine>
	<machine name="yolk">
		<description>The Yolks on You (Prototype)</description>
		<year>1983</year>
		<publisher>Fox Video Games</publisher>
		<rom name="yolk.1" size="8192" crc="f7220275" sha1="22c77d9d28211368d0027f72a3e8f457433ae2c2" />
		<rom name="yolk.2" size="8192" crc="06bce2fc" sha1="2a5ac76329192bb109201fd4fec67df8ad7ffe52" />
	</machine>
	<machine name="zaxxon">
		<description>Zaxxon (Coleco)</description>
		<year>1982</year>
		<publisher>Coleco / CBS</publisher>
		<rom name="zaxxon.1" size="8192" crc="91ff7961" sha1="61e3ffc8b89c7bea961d89f445adcfbe1da874e1" />
		<rom name="zaxxon.2" size="8192" crc="36dab466" sha1="e489bc317e09af5c0c5492cfa36f808ca5b4101e" />
		<rom name="zaxxon.3" size="8192" crc="9498a0c9" sha1="4f72bb68d855b8f682896536602869a7ca249497" />
	</machine>
	<machine name="zaxxont">
		<description>Zaxxon (Taiwan Cooper)</description>
		<year>198?</year>
		<publisher>Taiwan Cooper</publisher>
		<rom name="zaxxont.1" size="8192" crc="45a411fc" sha1="5372b97a0613a97bd3eb4885f68a76a84e13d71a" />
		<rom name="zaxxont.4" size="8192" crc="c3928bf7" sha1="43deb288bc67c9e32e80980a853f9236ff752794" />
	</machine>
	<machine name="zenji">
		<description>Zenji</description>
		<year>1984</year>
		<publisher>Activision</publisher>
		<rom name="zenji.1" size="8192" crc="c3bde56a" sha1="4979a29af473bb131da3b9ed035fd8167a5fd987" />
		<rom name="zenji.2" size="8192" crc="d2a19d28" sha1="8839c376bc693856ba613f21d7a5183cedc82a48" />
	</machine>
</datafile>