<?xml version="1.0" encoding="utf-8"?>
<!DOCTYPE datafile PUBLIC "-//Logiqx//DTD ROM Management Datafile//EN" "http://www.logiqx.com/Dats/datafile.dtd">
<datafile>
	<header>
		<name>ekara_japan_en</name>
		<description>Takara e-kara (Japan) EN-xx series cartridges</description>
		<version></version>
		<author></author>
	</header>
	<machine name="en3">
		<description>EN-3 (Japan)</description>
		<year>2004</year>
		<publisher>Takara</publisher>
		<rom name="en-3.u1" size="1048576" crc="e3686ff4" sha1="e7e9a53a778739c406b2b226300d2f525cd9676b" />
	</machine>
</datafile>