<?xml version="1.0" encoding="utf-8"?>
<!DOCTYPE datafile PUBLIC "-//Logiqx//DTD ROM Management Datafile//EN" "http://www.logiqx.com/Dats/datafile.dtd">
<datafile>
	<header>
		<name>ekara_japan_a</name>
		<description>Takara e-pitch / e-kara (Japan) A-x series cartridges</description>
		<version></version>
		<author></author>
	</header>
	<machine name="a1">
		<description>A-1 Pichi Pichi Pitch vol.1 (Japan)</description>
		<year>2003</year>
		<publisher>Takara</publisher>
		<rom name="ekaraa1.bin" size="2097152" crc="5f69a977" sha1="33e7b453e1e78ac5e4a20c81c00f5c0c1260c6b0" />
	</machine>
	<machine name="a3">
		<description>A-3 Pichi Pichi Pitch vol.3 (Japan)</description>
		<year>2004</year>
		<publisher>Takara</publisher>
		<rom name="ekara_a3.bin" size="2097152" crc="19b79adf" sha1="31f82e8bf66f1b03df9d64061af628df3466c5ef" />
	</machine>
	<machine name="a4">
		<description>A-4 Pichi Pichi Pitch Pure Chapter 1 (Japan)</description>
		<year>2004</year>
		<publisher>Takara</publisher>
		<rom name="ekaraa4.bin" size="2097152" crc="03dcc45a" sha1="ae884128c09b4fc7521f0010bbe9624419a3d0b8" />
	</machine>
	<machine name="a5">
		<description>A-5 Pichi Pichi Pitch Karaoke Party (Japan)</description>
		<year>2004</year>
		<publisher>Takara</publisher>
		<rom name="ekaraa5.bin" size="1048576" crc="6cec888a" sha1="5cb4abefb4a5aaec8827bf2d6abc2dfda8099136" />
	</machine>
	<machine name="a6">
		<description>A-6 Pichi Pichi Pitch Pure Chapter 2 (Japan)</description>
		<year>2004</year>
		<publisher>Takara</publisher>
		<rom name="ekaraa6.bin" size="2097152" crc="1a554414" sha1="cf8e5dcca9ac2b757482113f98dd8a75b3bc20a4" />
	</machine>
	<machine name="a7">
		<description>A-7 Pichi Pichi Pitch Pure Chapter 3 (Japan)</description>
		<year>2004</year>
		<publisher>Takara</publisher>
		<rom name="ekaraa7.bin" size="2097152" crc="5b59900e" sha1="fdb8148211f00d0119b9ad082bf8fd348d509800" />
	</machine>
	<machine name="a8">
		<description>A-8 Pichi Pichi Pitch Karaoke Party 2 (Japan)</description>
		<year>2004</year>
		<publisher>Takara</publisher>
		<rom name="ekaraa8.bin" size="1048576" crc="252ce01f" sha1="2b4c06f7a636d4b8179bf25cb08f6e07b6366bb0" />
	</machine>
</datafile>