<?xml version="1.0" encoding="utf-8"?>
<!DOCTYPE datafile PUBLIC "-//Logiqx//DTD ROM Management Datafile//EN" "http://www.logiqx.com/Dats/datafile.dtd">
<datafile>
	<header>
		<name>monon_color</name>
		<description>M&amp;D Monon Color cartridges</description>
		<version></version>
		<author></author>
	</header>
	<machine name="armorwr">
		<description>Kǎijiǎ yǒngshì dàluàn dòu</description>
		<year>2011</year>
		<publisher>M&amp;D</publisher>
		<rom name="205.bin" size="16777216" crc="84d1224c" sha1="9c427031221dc69034275a359e87c0dda82ae295" />
	</machine>
	<machine name="bigwolf">
		<description>Xǐyángyáng yǔ huītàiláng-juézhàn miē xīng</description>
		<year>2011</year>
		<publisher>M&amp;D</publisher>
		<rom name="302.bin" size="8388608" crc="3cd4190c" sha1="3d910389e345f2b6ac38fce3571d74fc8cbcfabb" />
	</machine>
	<machine name="drgnbma">
		<description>Lóngzhū-wǔdào dàhuì</description>
		<year>2011</year>
		<publisher>M&amp;D</publisher>
		<rom name="303.bin" size="16777216" crc="d5bd966e" sha1="792b22444a329d08520591e80599835d77f38b3c" />
	</machine>
	<machine name="ironmnhs">
		<description>Gāngtiě xiá-yīngxióng fǎnjí zhàn</description>
		<year>2011</year>
		<publisher>M&amp;D</publisher>
		<rom name="106.bin" size="8388608" crc="68517eea" sha1="e262f5ac691d8a3e30232a6b51d9428b73b9e8e2" />
	</machine>
	<machine name="lockba">
		<description>Luòkè wángguó-dà màoxiǎn</description>
		<year>2011</year>
		<publisher>M&amp;D</publisher>
		<rom name="201.bin" size="16777216" crc="cf52653e" sha1="96aa826821d20af3edfe0f8058e6158841b7bf08" />
	</machine>
	<machine name="lockcard">
		<description>Luòkè wángguó-kǎ pái zhàn jì</description>
		<year>2011</year>
		<publisher>M&amp;D</publisher>
		<rom name="204.bin" size="16777216" crc="0015d25c" sha1="50de7d969bead2df60e8ea4051f8518dd8989633" />
	</machine>
	<machine name="lockfire">
		<description>Luòkè wángguó-hēi zhī yán</description>
		<year>2011</year>
		<publisher>M&amp;D</publisher>
		<rom name="203.bin" size="16777216" crc="8541d04e" sha1="5fa6edc852622f6c2cca07ec9c7f377bea020f9b" />
	</machine>
	<machine name="lockice">
		<description>Luòkè wángguó-bīng zhī lán</description>
		<year>2011</year>
		<publisher>M&amp;D</publisher>
		<rom name="202.bin" size="16777216" crc="554af334" sha1="94c54a7ad4828e95074ec341eef9278b552f655e" />
	</machine>
	<machine name="lockmagi">
		<description>Luòkè wángguó-mófǎ zhèn</description>
		<year>2011</year>
		<publisher>M&amp;D</publisher>
		<rom name="102.bin" size="8388608" crc="15ed170d" sha1="ce4832f57459acf01deae688c62d444cffaa271a" />
	</machine>
	<machine name="logicft">
		<description>Luójí pīn yī pīn</description>
		<year>2011</year>
		<publisher>M&amp;D</publisher>
		<rom name="301.bin" size="4194304" crc="e8f19fdc" sha1="330980c975e3fafea9b3dda1b010fdd469100919" />
	</machine>
	<machine name="lolfight">
		<description>Yīngxióng liánméng-zhōngjí gédòu</description>
		<year>2011</year>
		<publisher>M&amp;D</publisher>
		<rom name="304.bin" size="16777216" crc="e4833f82" sha1="877c28d188d19b882909b4b0934ce2f900d2ce30" />
	</machine>
	<machine name="mechcycl">
		<description>Jī jiǎ xuànfēng-gédòu dàshī (set 1)</description>
		<year>2011</year>
		<publisher>M&amp;D</publisher>
		<rom name="103.bin" size="8388608" crc="441d5f9d" sha1="2ec85c5225b7ed0291b13f5d3bc57a9ef0153b5e" />
	</machine>
	<machine name="mechcycla">
		<description>Jī jiǎ xuànfēng-gédòu dàshī (set 2)</description>
		<year>2011</year>
		<publisher>M&amp;D</publisher>
		<rom name="103_alt.bin" size="8388608" crc="63bc84fb" sha1="e90e5a60f15d7ebfb83976ccb0183ecc723b5eb4" />
	</machine>
	<machine name="purceb">
		<description>Sài ěr hào-néngyuán dà zuòzhàn</description>
		<year>2011</year>
		<publisher>M&amp;D</publisher>
		<rom name="105.bin" size="4194304" crc="47b4a312" sha1="c4600ce39fd2301df3778afe896936d510cbbd5b" />
	</machine>
	<machine name="purcfs">
		<description>Sài ěr hào: Zhànshén dòu hún</description>
		<year>2011</year>
		<publisher>M&amp;D</publisher>
		<rom name="101.bin" size="8388608" crc="7eced0cf" sha1="3e34abbaf1259094099f1587302dfbd84ffb8384" />
	</machine>
	<machine name="zinba">
		<description>Shén pò-shīluò de yíjī</description>
		<year>2011</year>
		<publisher>M&amp;D</publisher>
		<rom name="104.bin" size="8388608" crc="e7fd791a" sha1="7572d11ce5fae30a01ebe1053d8632329249fba8" />
	</machine>
	<machine name="zombhunt">
		<description>Jiāngshī lièrén</description>
		<year>2011</year>
		<publisher>M&amp;D</publisher>
		<rom name="107.bin" size="16777216" crc="cd9d372d" sha1="71b09bf181a5565e7cca4281def59364b270767e" />
	</machine>
</datafile>