<?xml version="1.0" encoding="utf-8"?>
<!DOCTYPE datafile PUBLIC "-//Logiqx//DTD ROM Management Datafile//EN" "http://www.logiqx.com/Dats/datafile.dtd">
<datafile>
	<header>
		<name>msx2_cart</name>
		<description>MSX2 cartridges</description>
		<version></version>
		<author></author>
	</header>
	<machine name="1942k">
		<description>1942 (Kor)</description>
		<year>1987</year>
		<publisher>Zemina</publisher>
		<rom name="1942-2.rom" size="131072" crc="d5d79f15" sha1="2fc15ef2c728a2472cfa3a34053e07f821dc18d4" />
	</machine>
	<machine name="1942">
		<description>1942 (Jpn)</description>
		<year>1987</year>
		<publisher>ASCII</publisher>
		<rom name="1942 (japan).rom" size="131072" crc="c99e5601" sha1="c9135b1e451193bd4c06d8143eaca934cc89fe05" status="baddump" />
	</machine>
	<machine name="aclassmj">
		<description>Inemuri-ryuu Asada Tetsuya no A-kyuu Mahjong (Jpn)</description>
		<year>1988</year>
		<publisher>Pony Canyon</publisher>
		<rom name="r58y5151 8849 d" size="131072" crc="f5174422" sha1="66508bbdc3b133b9a69ea96789bc134eea46796a" />
	</machine>
	<machine name="acrojet">
		<description>AcroJet (Jpn)</description>
		<year>1988</year>
		<publisher>System Soft</publisher>
		<rom name="acrojet (japan).rom" size="131072" crc="d2ee4051" sha1="1f17e46190635a3214057d33ad4a768939d5a071" status="baddump" />
	</machine>
	<machine name="aleste">
		<description>Aleste (Jpn)</description>
		<year>1988</year>
		<publisher>Compile</publisher>
		<rom name="aleste 1988 (c)compile 8828 d" size="262144" crc="c29edd84" sha1="12f6f31f495bfb384c9ca9067bfbf8f98af6adf9" />
	</machine>
	<machine name="algtsub">
		<description>Algeese no Tsubasa (Jpn)</description>
		<year>1988</year>
		<publisher>Kogado</publisher>
		<rom name="alges no yoku (japan).rom" size="262144" crc="225705cc" sha1="a8059dc1820b461418713acf2af14f3a25734bd3" status="baddump" />
	</machine>
	<machine name="alibaba">
		<description>Ali Baba (Arab)</description>
		<year>1989</year>
		<publisher>Al Alamiah</publisher>
		<rom name="ali baba (al-alamiah, 1989).rom" size="131072" crc="f5427547" sha1="f9e8cc6e47d5632e3b28500197f8e9187295c52b" />
	</machine>
	<machine name="amesoccr">
		<description>American Soccer (Jpn)</description>
		<year>1987</year>
		<publisher>Nidecom</publisher>
		<rom name="american soccer (japan).rom" size="65536" crc="bcf03d8b" sha1="1545566bd7decb1612009daa2daa71758fa6e4a1" status="baddump" />
	</machine>
	<machine name="androgyn">
		<description>Han Seimei Senki Androgynus (Jpn)</description>
		<year>1988</year>
		<publisher>Nihon Telenet</publisher>
		<rom name="lh532055" size="262144" crc="c6f74489" sha1="55183b7b7df66950dbb65ef1065d7d987e0fdf5a" />
	</machine>
	<machine name="androgyna">
		<description>Han Seimei Senki Androgynus (Jpn, Alt)</description>
		<year>1988</year>
		<publisher>Nihon Telenet</publisher>
		<rom name="han seimei senki andorogynus (japan) (alt 1).rom" size="262144" crc="eaf2bfcd" sha1="ae3c3c2c022f566d2e790aba193470d5826f36cf" status="baddump" />
	</machine>
	<machine name="arabpoet">
		<description>Arab Poetry (Arab)</description>
		<year>1989</year>
		<publisher>Al Alamiah</publisher>
		<rom name="arab poetry (al alamiah, 1989).rom" size="131072" crc="36477f60" sha1="b20e02cbffef692c7aee6281eb36729ee1e928ef" />
	</machine>
	<machine name="arctic">
		<description>Arctic - Active Rail Playing (Jpn)</description>
		<year>1989</year>
		<publisher>Pony Canyon</publisher>
		<rom name="arctic - active rail playing (japan).rom" size="131072" crc="ae3167ee" sha1="e8e416977f5dae3635362c513bba004ea89a0bf4" status="baddump" />
	</machine>
	<machine name="arctica">
		<description>Arctic - Active Rail Playing (Jpn, Alt)</description>
		<year>1989</year>
		<publisher>Pony Canyon</publisher>
		<rom name="arctic - active rail playing (japan) (alt 1).rom" size="131072" crc="614554c4" sha1="9c89215dd36eded769691708eb8c82dec1ce5109" status="baddump" />
	</machine>
	<machine name="aressha">
		<description>A Ressha de Ikou - Take the A Train. (Jpn)</description>
		<year>1989</year>
		<publisher>Pony Canyon</publisher>
		<rom name="pony canyon 8929e" size="131072" crc="c956e1df" sha1="5fd07ed5b7c0492d42ed91a54a0fe80ce6e4e40d" />
	</machine>
	<machine name="arknoid2">
		<description>Arkanoid 2 (Jpn)</description>
		<year>1987</year>
		<publisher>Nidecom</publisher>
		<rom name="lh2310bl" size="131072" crc="00d36af6" sha1="1642891b693df616f27431299352e1d7750ac94b" />
	</machine>
	<machine name="ashguin2">
		<description>Ashguine 2 - Kokuu no Gajou (Jpn)</description>
		<year>1987</year>
		<publisher>Panasoft / T&amp;E Soft</publisher>
		<rom name="lh532056" size="262144" crc="47a82d74" sha1="efdf63f01293251dc593163a42f31556fd042282" />
	</machine>
	<machine name="ashguin3a">
		<description>Ashguine - Fukushuu no Honoo (Jpn, Alt)</description>
		<year>1987</year>
		<publisher>Panasoft / Micro Cabin</publisher>
		<rom name="lh532064.0" size="131072" crc="4b3fcd15" sha1="edc60b3cea0d07a642ee8a6af9f885253775602f" />
		<rom name="lh532064.1" size="131072" crc="2e2c013e" sha1="29c50e5ea62613a3a936573ceeeb205d8e19f5d9" />
	</machine>
	<machine name="ashguin3">
		<description>Ashguine - Fukushuu no Honoo (Jpn)</description>
		<year>1987</year>
		<publisher>Panasoft / Micro Cabin</publisher>
		<rom name="lh532064" size="262144" crc="353382ce" sha1="6fd90e7573abdb5a7bd6e4e8dc44db80fc163e30" />
	</machine>
	<machine name="ashguine">
		<description>Densetsu no Seisenshi Ashguine (Jpn)</description>
		<year>1987</year>
		<publisher>Bit²</publisher>
		<rom name="lh531080" size="131072" crc="3cb34efb" sha1="f57b46154cf0711e3f5218e00f67c375d95d1d5d" />
	</machine>
	<machine name="asteka2">
		<description>Taiyou no Shinden - Asteka II (Jpn)</description>
		<year>1987</year>
		<publisher>Nihon Falcom</publisher>
		<rom name="lh532057" size="262144" crc="ae82a874" sha1="414fd2a22076f45502c2329b45bda9f8730dcaae" />
	</machine>
	<machine name="bublbobl">
		<description>Bubble Bobble (Jpn)</description>
		<year>1987</year>
		<publisher>Taito</publisher>
		<rom name="lh231596" size="131072" crc="6524d9fc" sha1="e73946f1f26589d77926276ca4f9dbee60c53fde" />
	</machine>
	<machine name="bublbobla">
		<description>Bubble Bobble (Jpn, Alt)</description>
		<year>1987</year>
		<publisher>Taito</publisher>
		<rom name="bubble bobble (japan) (alt 1).rom" size="131072" crc="8b73f133" sha1="c5edd1c74e72ddaeba1027da1e848e2c4fda94f5" status="baddump" />
	</machine>
	<machine name="cheese2">
		<description>Cheese 2 (Jpn)</description>
		<year>1985</year>
		<publisher>Neos</publisher>
		<rom name="cheese 2 (japan) (program).rom" size="32768" crc="2ffb49c3" sha1="930b4896c1590ebbb74d330447ec36e3feb5cab6" status="baddump" />
	</machine>
	<machine name="cockpit">
		<description>The Cockpit (Jpn)</description>
		<year>1987</year>
		<publisher>Nidecom</publisher>
		<rom name="lh2310bd" size="131072" crc="5f354e65" sha1="e36e16acfdfa76fa72b218da2bebc668db39d21e" />
	</machine>
	<machine name="contra">
		<description>Contra (Jpn)</description>
		<year>1989</year>
		<publisher>Konami</publisher>
		<rom name="contra (japan).rom" size="131072" crc="4e82660d" sha1="90003c78975d00b1e5612fd00dffabb70d616ecd" status="baddump" />
	</machine>
	<machine name="crimson">
		<description>Crimson (Jpn)</description>
		<year>1987</year>
		<publisher>Xtal Soft</publisher>
		<rom name="lh532079" size="262144" crc="8528a795" sha1="a21adba681956ec35816af673a9d4f6c7743253a" />
	</machine>
	<machine name="daikokai">
		<description>Daikoukai Jidai (Jpn)</description>
		<year>1990</year>
		<publisher>Koei</publisher>
		<rom name="lh534g63" size="524288" crc="ec7a8012" sha1="2a4aef32db28c059c30f5f972f1c09708ef6ce62" />
	</machine>
	<machine name="daisenr">
		<description>Daisenryaku MSX2 (Jpn)</description>
		<year>1986</year>
		<publisher>Micro Cabin</publisher>
		<rom name="lh531073" size="131072" crc="a987a0d8" sha1="10c38f91d8f5db2438414ea58f26dcac78352088" />
	</machine>
	<machine name="dbuster">
		<description>Dragon Buster (Jpn)</description>
		<year>1987</year>
		<publisher>Namco</publisher>
		<rom name="namcot msx2 db" size="131072" crc="49252882" sha1="ecbf33a376a7a108176f8d1009d042e01519241c" />
	</machine>
	<machine name="dforest">
		<description>Deep Forest (Jpn)</description>
		<year>1987</year>
		<publisher>Xain Soft</publisher>
		<rom name="deep forest (japan).rom" size="131072" crc="f221b845" sha1="fc9adbd816109f7705f342c01f168bb09ca4b2ff" status="baddump" />
	</machine>
	<machine name="dforesta">
		<description>Deep Forest (Jpn, Alt)</description>
		<year>1987</year>
		<publisher>Xain Soft</publisher>
		<rom name="deep forest (japan) (alt 1).rom" size="131072" crc="3615e623" sha1="35c02d8d590d92053f083b0c0c897277a5375af6" status="baddump" />
	</machine>
	<machine name="dires">
		<description>Dires (Jpn)</description>
		<year>1988</year>
		<publisher>Bothtec</publisher>
		<rom name="lh531090" size="131072" crc="5acbd591" sha1="1ba6b699b4e34c23ee60db4e58e1265dc03f0b50" />
	</machine>
	<machine name="doublvis">
		<description>Bishoujo Shashinkan - The Double Vision (Jpn)</description>
		<year>1988</year>
		<publisher>Hard</publisher>
		<rom name="lh532048" size="262144" crc="e1148738" sha1="87a7fa43602f74c47151e79f1aaf7f641331ba51" />
	</machine>
	<machine name="dquest2a">
		<description>Dragon Quest II - Akuryou no Kamigami (Jpn, Alt)</description>
		<year>1987</year>
		<publisher>Enix</publisher>
		<rom name="dragon quest ii (japan) (alt 1).rom" size="262144" crc="e012ee7a" sha1="77fcce7b7c9c915fb0adff059141d4d4307f5a22" status="baddump" />
	</machine>
	<machine name="dquest2">
		<description>Dragon Quest II - Akuryou no Kamigami (Jpn)</description>
		<year>1987</year>
		<publisher>Enix</publisher>
		<rom name="lh532073" size="262144" crc="0bf0c3f5" sha1="05280f0a26ac5c42ab63b80a487bb909683e7461" />
	</machine>
	<machine name="dquest">
		<description>Dragon Quest (Jpn)</description>
		<year>1986</year>
		<publisher>enix</publisher>
		<rom name="cxk381000" size="131072" crc="7729e7a9" sha1="5577e483caca553cfbfc0cba26f3ab2444569f81" />
	</machine>
	<machine name="druid">
		<description>Druid (Jpn)</description>
		<year>1988</year>
		<publisher>Jaleco</publisher>
		<rom name="druid (japan).rom" size="131072" crc="94982598" sha1="b11c0ded529af18c29ec46b9e0a795ed0405e7ec" status="baddump" />
	</machine>
	<machine name="druida">
		<description>Druid (Jpn, Alt)</description>
		<year>1988</year>
		<publisher>Jaleco</publisher>
		<rom name="druid (japan) (alt 1).rom" size="131072" crc="c3242b0a" sha1="af3524caccd33ccb7a5b42b1ce4314d055e01672" status="baddump" />
	</machine>
	<machine name="drwn4078a">
		<description>Darwin 4078 (Jpn, Alt)</description>
		<year>1987</year>
		<publisher>Hudson Soft</publisher>
		<rom name="darwin 4078 (japan) (alt 1).rom" size="131072" crc="ce86a52f" sha1="3bb2f9f4be38b5b08da03ee190c39caec30e2f08" status="baddump" />
	</machine>
	<machine name="drwn4078b">
		<description>Darwin 4078 (Jpn, Alt 2)</description>
		<year>1987</year>
		<publisher>Hudson Soft</publisher>
		<rom name="darwin 4078 (japan) (alt 2).rom" size="131072" crc="6fb05f43" sha1="3f072673752badfbd234d6005ddad60a494a9438" status="baddump" />
	</machine>
	<machine name="drwn4078">
		<description>Darwin 4078 (Jpn)</description>
		<year>1987</year>
		<publisher>Hudson Soft</publisher>
		<rom name="rp231024" size="131072" crc="7098faf0" sha1="d4da7236bd09d735dcb92127c73e43b3ca94dd7f" />
	</machine>
	<machine name="dslayer4a">
		<description>Dragon Slayer IV - Drasle Family (Jpn, Alt)</description>
		<year>1987</year>
		<publisher>Nihon Falcom</publisher>
		<rom name="dragon slayer iv - drasle family (japan) (alt 1).rom" size="262144" crc="53163cbc" sha1="3f87c3413c8cc2a25e1f64cfdcd01155a13711f0" status="baddump" />
	</machine>
	<machine name="dslayer4">
		<description>Dragon Slayer IV - Drasle Family (Jpn)</description>
		<year>1987</year>
		<publisher>Nihon Falcom</publisher>
		<rom name="lh532037" size="262144" crc="98095852" sha1="6d7a8ea1b283ecc1cc94c359e5f053a6e82ab3f5" />
	</machine>
	<machine name="dynabowl">
		<description>Dynamite Bowl (Jpn)</description>
		<year>1987</year>
		<publisher>Toshiba EMI</publisher>
		<rom name="ps-2021g" size="131072" crc="9935e9bd" sha1="bd70b00ccb8fafca883c7160585e9c5920cca58f" />
	</machine>
	<machine name="dynabowla">
		<description>Dynamite Bowl (Jpn, Alt)</description>
		<year>1987</year>
		<publisher>Toshiba EMI</publisher>
		<rom name="dynamite bowl (japan) (alt 1).rom" size="131072" crc="a4996aaa" sha1="a6d285e515ad1e2c15b4352d9b699ebe060b1dba" status="baddump" />
	</machine>
	<machine name="eidolon">
		<description>The Eidolon (Jpn)</description>
		<year>1986</year>
		<publisher>PonyCa</publisher>
		<rom name="ponyca0l01" size="131072" crc="14913432" sha1="cd8ee800822ff0cd295621faafafc73be4bacad0" />
	</machine>
	<machine name="elthlead">
		<description>Elthlead (Jpn)</description>
		<year>1988</year>
		<publisher>NCS</publisher>
		<rom name="elthlead (japan).rom" size="131072" crc="a8e9ac9b" sha1="caeca37113c56e696d7053d90f5f9f3e02de8ad1" status="baddump" />
	</machine>
	<machine name="emperor">
		<description>L'Empereur (Jpn)</description>
		<year>1990</year>
		<publisher>Koei</publisher>
		<rom name="lh534g2s" size="524288" crc="c7521809" sha1="22f5998b4de47bf2ccc077d5881ac448e6b0484d" />
	</machine>
	<machine name="eurosens">
		<description>Europa Sensen (Jpn)</description>
		<year>1992</year>
		<publisher>Koei</publisher>
		<rom name="lh538a36" size="1048576" crc="413d4700" sha1="475c3af7495922759a5f424d2e22d7e4073d5992" />
	</machine>
	<machine name="f15se">
		<description>F-15 Strike Eagle (Jpn)</description>
		<year>1987</year>
		<publisher>System Soft</publisher>
		<rom name="sms-1026" size="131072" crc="53cce88d" sha1="39bc111c953bdf25683db7ff4c0bad79b5c49958" />
	</machine>
	<machine name="famibill">
		<description>Family Billiards (Jpn)</description>
		<year>1987</year>
		<publisher>Pack-In-Video</publisher>
		<rom name="m27512zb" size="65536" crc="7c867d98" sha1="924fcf87b3747dae06e621975903ee73c42016f2" />
	</machine>
	<machine name="famiboxi">
		<description>Family Boxing (Jpn)</description>
		<year>1988</year>
		<publisher>Sony</publisher>
		<rom name="hbs-g066c sharp 8822 d" size="262144" crc="7030f2ab" sha1="d78d763e72e23418f31dc3ce91deea1e8ee10490" />
	</machine>
	<machine name="famiparo">
		<description>Famicle Parodic (Jpn)</description>
		<year>1988</year>
		<publisher>Bit²</publisher>
		<rom name="lh532074" size="262144" crc="0e03847b" sha1="f12ad34dc3b4279da0fc7094f3d50d6b8bb517dc" />
	</machine>
	<machine name="famista">
		<description>Pro Yakyuu Family Stadium - Pennant Race (Jpn)</description>
		<year>1989</year>
		<publisher>Namco</publisher>
		<rom name="msx2 fs" size="262144" crc="356b7d2a" sha1="970e26f3c2c085e39267115991add6ccc6e9ff80" />
	</machine>
	<machine name="fantzon2a">
		<description>Fantasy Zone II - The Tears of Opa-Opa (Jpn, Alt)</description>
		<year>1987</year>
		<publisher>Pony Canyon</publisher>
		<rom name="fantasy zone ii - the tears of opa-opa (japan) (alt 1).rom" size="262144" crc="3459ce01" sha1="1f39c472f1e02511fa7eaaf8ed9fcce4d45861b9" status="baddump" />
	</machine>
	<machine name="fantzon2">
		<description>Fantasy Zone II - The Tears of Opa-Opa (Jpn)</description>
		<year>1987</year>
		<publisher>Pony Canyon</publisher>
		<rom name="r68y-5815" size="262144" crc="1bdfaeeb" sha1="a58ca651f4c12bf07cf3840d5e37b534f5fc075e" />
	</machine>
	<machine name="fireball">
		<description>Fire Ball (Jpn)</description>
		<year>1987</year>
		<publisher>HummingBird</publisher>
		<rom name="lh230941" size="131072" crc="cdcdc6c0" sha1="cdeadd6cf7bf5b53aa7d901446b0ce586542c580" />
	</machine>
	<machine name="fleetco2">
		<description>Fleet Commander II - Tasogare no Kaiiki (Jpn)</description>
		<year>1990</year>
		<publisher>ASCII</publisher>
		<rom name="fleetco2.bin" size="262144" crc="9f152e9b" sha1="8cbfd94324f297a418e7eec6920dfead7b9bed08" />
	</machine>
	<machine name="gakumono">
		<description>Gakuen Monogatari - High School Story (Jpn)</description>
		<year>1988</year>
		<publisher>Great</publisher>
		<rom name="gakuen monogatari - high school story (japan).rom" size="262144" crc="fbdafe4e" sha1="32dd4df2b39461c0694f6bb84de0709478a69d31" status="baddump" />
	</machine>
	<machine name="gambler2">
		<description>Gambler Jikochuushinha 2 - Jishou! Kyougou Janshi Hen (Jpn)</description>
		<year>1988</year>
		<publisher>Game Arts</publisher>
		<rom name="lh53210b game arts" size="262144" crc="eb67d4d6" sha1="1f3f586255dd49b0f912bf41e07e88fe3eb3fb61" />
	</machine>
	<machine name="garakuta">
		<description>Garakuta (Jpn)</description>
		<year>1988</year>
		<publisher>Wachi Software</publisher>
		<rom name="lh31434" size="65536" crc="33c37313" sha1="f4da2be2ee712ba2e7cccf56fcd15483fe0023ed" />
	</machine>
	<machine name="garyuou">
		<description>Garyuu Ou (Jpn)</description>
		<year>1987</year>
		<publisher>Xain Soft</publisher>
		<rom name="garyuu ou (japan).rom" size="262144" crc="2fb0ed30" sha1="1f26dfa026b116c80c951a995633b4c2f7fa033d" status="baddump" />
	</machine>
	<machine name="garyuoua">
		<description>Garyuu Ou (Jpn, Alt)</description>
		<year>1987</year>
		<publisher>Xain Soft</publisher>
		<rom name="garyuu ou (japan) (alt 1).rom" size="262144" crc="40d009fe" sha1="2a1c91bcc9b1b621773232061d74b7098420f1d4" status="baddump" />
	</machine>
	<machine name="gekipen2">
		<description>Gekitotsu Pennant Race 2 (Jpn)</description>
		<year>1989</year>
		<publisher>Konami</publisher>
		<rom name="gekitotsu pennant race 2 (japan).rom" size="131072" crc="c44c6330" sha1="93b07e3cd5ae2f00b36824a74f83a3ef0d65d0d5" status="baddump" />
	</machine>
	<machine name="gekipenn">
		<description>Gekitotsu Pennant Race - The Pro Yakyuu (Jpn)</description>
		<year>1988</year>
		<publisher>Konami</publisher>
		<rom name="gekitotsu pennant race - the pro yakyuu (japan).rom" size="131072" crc="c08faf0e" sha1="e22a6317747903475095008d0d5ad9427ddb34af" status="baddump" />
	</machine>
	<machine name="gekipenna">
		<description>Gekitotsu Pennant Race - The Pro Yakyuu (Jpn, Alt)</description>
		<year>1988</year>
		<publisher>Konami</publisher>
		<rom name="gekitotsu pennant race - the pro yakyuu (japan) (alt 1).rom" size="131072" crc="b0a7800f" sha1="b8f4ee146c3cdb8f506371d001e6398ecda85251" status="baddump" />
	</machine>
	<machine name="gekipennb">
		<description>Gekitotsu Pennant Race - The Pro Yakyuu (Jpn, Alt 2)</description>
		<year>1988</year>
		<publisher>Konami</publisher>
		<rom name="gekitotsu pennant race - the pro yakyuu (japan) (alt 2).rom" size="131072" crc="0ad36e2b" sha1="ad995ede603a28c72dad06c245fc7d4dad85d230" status="baddump" />
	</machine>
	<machine name="gekipennc">
		<description>Gekitotsu Pennant Race - The Pro Yakyuu (Jpn, Alt 3)</description>
		<year>1988</year>
		<publisher>Konami</publisher>
		<rom name="gekitotsu pennant race - the pro yakyuu (japan) (alt 3).rom" size="131072" crc="bc1b1ace" sha1="d89922ed43ea4fc0b87d7e5baef3f072bb566849" status="baddump" />
	</machine>
	<machine name="genchohi">
		<description>Aoki Ookami to Shiroki Mejika - Genchou Hishi (Jpn)</description>
		<year>1992</year>
		<publisher>Koei</publisher>
		<rom name="lh538f96" size="1048576" crc="075ab646" sha1="74d1c7f66242335c736da29413037bd23384efaa" status="baddump" />
	</machine>
	<machine name="genghis">
		<description>Aoki Ookami to Shiroki Mejika - Genghis Khan (Jpn)</description>
		<year>1988</year>
		<publisher>Koei</publisher>
		<rom name="tc534000p" size="524288" crc="3b5b3fd8" sha1="8a4bcf0f38c9f243443a4d4865278f695bd83dc8" />
	</machine>
	<machine name="ggoemon">
		<description>Ganbare Goemon! Karakuri Douchuu (Jpn)</description>
		<year>1987</year>
		<publisher>Konami</publisher>
		<rom name="ganbare goemon - karakuri douchuu (japan).rom" size="131072" crc="40e53ea3" sha1="fd71df03b0e9f3caf701ecfc6d5232060cab3b13" status="baddump" />
	</machine>
	<machine name="grlyblok">
		<description>Girly Block (Jpn)</description>
		<year>1988</year>
		<publisher>The Links</publisher>
		<rom name="lh230965" size="131072" crc="28094960" sha1="bb99fe7702733ab0f9e8856e91f5ddcb55d30b5f" />
	</machine>
	<machine name="hacker">
		<description>Hacker (Jpn)</description>
		<year>1988</year>
		<publisher>Pony Canyon</publisher>
		<rom name="hacker (japan).rom" size="131072" crc="8df56d42" sha1="920f141db0d42952130855ac1dce446c327e7d9c" status="baddump" />
	</machine>
	<machine name="hainomaj">
		<description>Hai no Majutsushi (Jpn)</description>
		<year>1989</year>
		<publisher>Konami</publisher>
		<rom name="hai no majutsushi (japan).rom" size="131072" crc="e0e72736" sha1="25022c4f5cfc805e93026fd5fda781e9a1807474" status="baddump" />
	</machine>
	<machine name="hardball">
		<description>Hardball (Jpn)</description>
		<year>1987</year>
		<publisher>Sony</publisher>
		<rom name="g 060c 8744 d" size="131072" crc="1d7040af" sha1="32151ddc4303290c09889bf8107493dd34296043" />
	</machine>
	<machine name="herolanc">
		<description>Heroes of the Lance (Jpn)</description>
		<year>1991</year>
		<publisher>Pony Canyon</publisher>
		<rom name="heroes of the lance (japan).rom" size="524288" crc="95f2eb6d" sha1="6e1d2d5b0688860b0a04d53fe9e5e3939dfba547" status="baddump" />
	</machine>
	<machine name="higemaru">
		<description>Higemaru Makaijima - Nanatsu no Shima Daibouken (Jpn)</description>
		<year>1987</year>
		<publisher>Capcom</publisher>
		<rom name="higemaru makai shima - nanatsu no shima daibouken (japan).rom" size="131072" crc="17baf3ed" sha1="de0eb1c46c47924879e2a49f9eafba0ab344fe5f" status="baddump" />
	</machine>
	<machine name="highsc">
		<description>High School! Kimengumi (Jpn)</description>
		<year>1987</year>
		<publisher>Pony Canyon</publisher>
		<rom name="high school kimengumi (japan).rom" size="131072" crc="1123545c" sha1="13fbb273a95481330d33c9edc4263e30ccf1774d" status="baddump" />
	</machine>
	<machine name="hinotori">
		<description>Hi no Tori - Houou-hen (Jpn)</description>
		<year>1987</year>
		<publisher>Konami</publisher>
		<rom name="hinotori - houou hen (japan).rom" size="131072" crc="3ab5ae57" sha1="d723f2eb1c887db5448fd56be5e7c57e60d88e63" status="baddump" />
	</machine>
	<machine name="hinotoria">
		<description>Hi no Tori - Houou-hen (Jpn, Alt)</description>
		<year>1987</year>
		<publisher>Konami</publisher>
		<rom name="hinotori - houou hen (japan) (alt 1).rom" size="131072" crc="d95116b0" sha1="612c18616bc800d9eb69b9da3cd29eca31f50c1c" status="baddump" />
	</machine>
	<machine name="hinotorib">
		<description>Hi no Tori - Houou-hen (Jpn, Alt 2)</description>
		<year>1987</year>
		<publisher>Konami</publisher>
		<rom name="hinotori - houou hen (japan) (alt 2).rom" size="131072" crc="5928f406" sha1="300f20adde3941ab10eb158db48250e8e856a911" status="baddump" />
	</machine>
	<machine name="holein1s">
		<description>Hole in One Special (Jpn)</description>
		<year>1987</year>
		<publisher>HAL Kenkyuujo</publisher>
		<rom name="m5m231001 219p" size="131072" crc="f35df283" sha1="facb967717c21fed9b375481908aa337b3361c45" />
	</machine>
	<machine name="holein1sa">
		<description>Hole in One Special (Jpn, Alt)</description>
		<year>1987</year>
		<publisher>HAL Kenkyuujo</publisher>
		<rom name="hole in one special (japan) (alt 1).rom" size="131072" crc="4708bdd1" sha1="3837d3a72498caa070866d947956a2e30fb94fbe" status="baddump" />
	</machine>
	<machine name="hydlide3">
		<description>Hydlide 3 - The Space Memories (Jpn)</description>
		<year>1987</year>
		<publisher>T&amp;E Soft</publisher>
		<rom name="hydlide3 4m-rom" size="524288" crc="00db86c8" sha1="f182d4785e3eed00292f7ff4795c9dcc6c990a0a" />
	</machine>
	<machine name="ideyumj">
		<description>Ide Yousuke Meijin no Jissen Mahjong (Jpn)</description>
		<year>1988</year>
		<publisher>Pack-In Video</publisher>
		<rom name="lh230952" size="131072" crc="935f1bde" sha1="219e9acc2c023c25a8bbe9fb7d1764ffcff66034" />
	</machine>
	<machine name="ikari">
		<description>Ikari (Jpn)</description>
		<year>1987</year>
		<publisher>SNK</publisher>
		<rom name="ikari (japan).rom" size="262144" crc="a9a66075" sha1="e065238580b9e118b6c9e789d797cdd99e0a1c69" status="baddump" />
	</machine>
	<machine name="ikaria">
		<description>Ikari (Jpn, Alt)</description>
		<year>1987</year>
		<publisher>SNK</publisher>
		<rom name="ikari (japan) (alt 1).rom" size="262144" crc="93999a38" sha1="fe8aae62fdec28631d8f7b6659dd95135c1bcbb7" status="baddump" />
	</machine>
	<machine name="inindo">
		<description>Inindou - Datou Nobunaga (Jpn)</description>
		<year>1991</year>
		<publisher>Koei</publisher>
		<rom name="lh5380sz" size="1048576" crc="881b3849" sha1="0cc6c30c6918fcf780e57d40f58a4cf2a82225cd" />
	</machine>
	<machine name="ishinara">
		<description>Ishin no Arashi (Jpn)</description>
		<year>1989</year>
		<publisher>Koei</publisher>
		<rom name="hn62404p" size="524288" crc="8bc34dca" sha1="6420d61002da325403fcb6f41afb1d348eeba3b4" />
	</machine>
	<machine name="jansei">
		<description>Jansei (Jpn)</description>
		<year>1986</year>
		<publisher>Sony</publisher>
		<rom name="jansei (japan).rom" size="131072" crc="00b8e82e" sha1="0eb3a48a8ab90826726f0c06daadf4bf13390758" status="baddump" />
	</machine>
	<machine name="janseia">
		<description>Jansei (Jpn, Alt)</description>
		<year>1986</year>
		<publisher>Sony</publisher>
		<rom name="jansei (japan) (alt 1).rom" size="131072" crc="2c2924ed" sha1="d78293133b075f48c9dc5c4cf0c4a985ae964b08" status="baddump" />
	</machine>
	<machine name="kempelen">
		<description>Kempelen Chess (Jpn)</description>
		<year>1988</year>
		<publisher>Pony Canyon</publisher>
		<rom name="kempelen chess (japan).rom" size="131072" crc="053aa66e" sha1="a0c486d0f25a3dc586717d5d3e1f5a46d36735fc" status="baddump" />
	</machine>
	<machine name="kikikai">
		<description>Kiki KaiKai (Jpn)</description>
		<year>1986</year>
		<publisher>Sony</publisher>
		<rom name="rp231024d 0856" size="131072" crc="5c859406" sha1="6dd28797f9d1fe7cc041077ebe77d08f2ccc0937" />
	</machine>
	<machine name="kingkon2k">
		<description>King Kong 2 - Yomigaeru Densetsu (Kor)</description>
		<year>1987</year>
		<publisher>Zemina</publisher>
		<rom name="kingkong2k.rom" size="131072" crc="cf8fa105" sha1="bd9852ea114e8b8ff781115d1d6e6da6f8dfafff" status="baddump" />
	</machine>
	<machine name="kingkon2">
		<description>King Kong 2 - Yomigaeru Densetsu (Jpn)</description>
		<year>1986</year>
		<publisher>Konami</publisher>
		<rom name="king kong 2 - yomigaeru densetsu (japan).rom" size="131072" crc="23b78a2d" sha1="fe4bd35e87dd50fddd255172129b9bec38691188" status="baddump" />
	</machine>
	<machine name="kisei">
		<description>Kisei (Jpn)</description>
		<year>1987</year>
		<publisher>Sony</publisher>
		<rom name="lh5116-15" size="131072" crc="167a53da" sha1="2e2543ac99193f76b4f35463142294c016f0cf3d" />
	</machine>
	<machine name="kitahei">
		<description>Honkaku Shougi Kitahei (Jpn)</description>
		<year>1986</year>
		<publisher>Micro Cabin</publisher>
		<rom name="rp231024d" size="131072" crc="0767af40" sha1="b74f759ba3837968a04e9b64321b47cf087e76ff" />
	</machine>
	<machine name="kororift">
		<description>Koronis Rift (Jpn)</description>
		<year>1987</year>
		<publisher>Pony Canyon</publisher>
		<rom name="koronis rift (europe).rom" size="262144" crc="fb348de6" sha1="523330d609ca0e527f3e28a078635b3d28489ec9" status="baddump" />
	</machine>
	<machine name="labyrint">
		<description>Labyrinth (Jpn)</description>
		<year>1987</year>
		<publisher>Pack-In Video</publisher>
		<rom name="labyrinth (japan).rom" size="262144" crc="9926f43c" sha1="e003d57d2102e8fdf5d9eea7bd78a3cf67d75778" status="baddump" />
	</machine>
	<machine name="labyrinta">
		<description>Labyrinth (Jpn, Alt)</description>
		<year>1987</year>
		<publisher>Pack-In Video</publisher>
		<rom name="labyrinth (japan) (alt 1).rom" size="262144" crc="a295e608" sha1="51e4231e245ffd733590e3205fa3ffea92ad509f" status="baddump" />
	</machine>
	<machine name="lupin2a">
		<description>Lupin Sansei - Babylon no Ougon Densetsu (Jpn, Alt)</description>
		<year>1988</year>
		<publisher>Toho</publisher>
		<rom name="lupin sansei - babylon no ougon densetsu (japan) (alt 1).rom" size="131072" crc="5a090675" sha1="1aee947b1ad6d478c0def550868a3851c2910809" status="baddump" />
	</machine>
	<machine name="lupin2">
		<description>Lupin Sansei - Babylon no Ougon Densetsu (Jpn)</description>
		<year>1988</year>
		<publisher>Toho</publisher>
		<rom name="lupin sansei - babylon no ougon densetsu (japan).rom" size="131072" crc="bfe150c4" sha1="c4a919f31d20008b5d6540aa5d2be59aa4cef5cf" status="baddump" />
	</machine>
	<machine name="lupin">
		<description>Lupin Sansei - Cagliostro no Shiro (Jpn)</description>
		<year>1987</year>
		<publisher>Toho</publisher>
		<rom name="lh231062" size="131072" crc="c4096e6b" sha1="e89fc7437d8f9aed1640689a32ebbf047699b147" />
	</machine>
	<machine name="lupina">
		<description>Lupin Sansei - Cagliostro no Shiro (Jpn, Alt)</description>
		<year>1987</year>
		<publisher>Toho</publisher>
		<rom name="lupin sansei - cagliostro no shiro (japan) (alt 1).rom" size="131072" crc="f12bec91" sha1="ae8172bcf76adfa3d401467cbc89cbec2db86ee2" status="baddump" />
	</machine>
	<machine name="madrider">
		<description>Mad Rider (Jpn)</description>
		<year>1987</year>
		<publisher>Carry Lab</publisher>
		<rom name="mad rider (japan).rom" size="131072" crc="f87bd172" sha1="4c44939a95a20d701f60830499254e5dabedeeaa" status="baddump" />
	</machine>
	<machine name="madridera">
		<description>Mad Rider (Jpn, Alt)</description>
		<year>1987</year>
		<publisher>Carry Lab</publisher>
		<rom name="mad rider (japan) (alt 1).rom" size="131072" crc="dfc2a720" sha1="a53feafa4c70d2378998f0dcb837905e5070c541" status="baddump" />
	</machine>
	<machine name="malayahi">
		<description>Malaya no Hihou (Jpn)</description>
		<year>1988</year>
		<publisher>Pony Canyon</publisher>
		<rom name="malaya no hibou (japan).rom" size="131072" crc="f7a9591d" sha1="e6c01bd90cf0b2793282fc53e9a3150a6d7804c5" status="baddump" />
	</machine>
	<machine name="mgear2ss">
		<description>Metal Gear 2 - Solid Snake (Jpn)</description>
		<year>1990</year>
		<publisher>Konami</publisher>
		<rom name="metal gear 2 - solid snake (japan).rom" size="524288" crc="18b1f34b" sha1="af567ea6e27912d6d5bf1c8e9bc18e9b393fd1ab" status="baddump" />
	</machine>
	<machine name="mgear2ssd">
		<description>Metal Gear 2 - Solid Snake (Demo) (Jpn)</description>
		<year>1990</year>
		<publisher>Konami</publisher>
		<rom name="metal gear 2 - solid snake (japan) (demo).rom" size="131072" crc="dcee5080" sha1="21ac0ae7da47abf30986b479489134c79405f95d" status="baddump" />
	</machine>
	<machine name="mgear2ssvc">
		<description>Metal Gear 2 - Solid Snake (Jpn, Virtual Console)</description>
		<year>2010</year>
		<publisher>Konami</publisher>
		<rom name="megarom.rom" size="524288" crc="a02a1669" sha1="d8cd8c87d720cf0bf52a7f432999979de5438bd5" status="baddump" />
	</machine>
	<machine name="mgear">
		<description>Metal Gear (Euro?)</description>
		<year>1987</year>
		<publisher>Konami</publisher>
		<rom name="metal gear (europe).rom" size="131072" crc="e85c5731" sha1="b656bd19df58fc1ba4628342b87beeec5948e0b3" status="baddump" />
	</machine>
	<machine name="mgearj">
		<description>Metal Gear (Jpn)</description>
		<year>1987</year>
		<publisher>Konami</publisher>
		<rom name="metal gear (japan).rom" size="131072" crc="fafe1303" sha1="a52021f1b257c7c35d626d5d642134091c45e4f4" status="baddump" />
	</machine>
	<machine name="mgearjvc">
		<description>Metal Gear (Jpn, Virtual Console)</description>
		<year>2010</year>
		<publisher>Konami</publisher>
		<rom name="megarom.rom" size="262144" crc="ed46831f" sha1="6228aef9c26276b9ed4157d1c5b3912d27ee6ce5" />
	</machine>
	<machine name="mikkoku">
		<description>Maison Ikkoku (Jpn)</description>
		<year>1987</year>
		<publisher>Micro Cabin</publisher>
		<rom name="lh5320z1" size="262144" crc="f4d127c0" sha1="ee501fde62b25ddd1c82798ee1b233b8813e717b" />
	</machine>
	<machine name="mikkokuk">
		<description>Maison Ikkoku Kanketsu Hen (Jpn)</description>
		<year>1988</year>
		<publisher>Micro Cabin</publisher>
		<rom name="lh534082" size="524288" crc="94191aae" sha1="55fb4e3d3a762b613b635ee9745d92f0f3711272" />
	</machine>
	<machine name="mirai">
		<description>Mirai (Jpn)</description>
		<year>1987</year>
		<publisher>Xain Soft</publisher>
		<rom name="mirai (japan).rom" size="131072" crc="70aa93cf" sha1="1c17e58f1a602e07f185bce1aa8589fae76e8b44" status="baddump" />
	</machine>
	<machine name="mississp">
		<description>Mississippi Satsujin Jiken (Jpn)</description>
		<year>1987</year>
		<publisher>Jaleco</publisher>
		<rom name="lh2310aa" size="131072" crc="3f69a464" sha1="d53a8efefe3714269538a91e5256c2938fe13239" />
	</machine>
	<machine name="moeronet">
		<description>Moero! Nettou Yakyuu '88 (Jpn)</description>
		<year>1988</year>
		<publisher>Jaleco</publisher>
		<rom name="d23c2001c" size="262144" crc="68745c64" sha1="1cbd5c7849f97dea1e3375a842f784ff9283310c" />
	</machine>
	<machine name="monmonmo">
		<description>Mon Mon Monster (Jpn)</description>
		<year>1989</year>
		<publisher>Hot-B</publisher>
		<rom name="monmonmonster.bin" size="131072" crc="ebccb796" sha1="ab087d04eb5c2c8894758c7cee32ccafd80989a7" />
	</machine>
	<machine name="msxwrit2">
		<description>Japanese MSX-Write II (Jpn)</description>
		<year>1988</year>
		<publisher>ASCII</publisher>
		<rom name="japanese msx-write ii (japan) (program).rom" size="524288" crc="459478cb" sha1="9afdee40e7b243f99cc50dd1ad710ab0928dd820" status="baddump" />
	</machine>
	<machine name="murdclub">
		<description>Final Mystery Murder Club - Satsujin Club (Jpn)</description>
		<year>1988</year>
		<publisher>Micro Cabin</publisher>
		<rom name="lh534060" size="524288" crc="fe797d88" sha1="c1923ab5c5dcaf67af3e23fd1ac42e2d4c61aca7" />
	</machine>
	<machine name="nekkejud">
		<description>Nekketsu Juudou (Jpn)</description>
		<year>1989</year>
		<publisher>Pony Canyon</publisher>
		<rom name="nekketsu juudou (japan).rom" size="262144" crc="758c6087" sha1="721a2ded692d34d864d0440ac347c60880942d19" status="baddump" />
	</machine>
	<machine name="nekkejuda">
		<description>Nekketsu Juudou (Jpn, Alt)</description>
		<year>1989</year>
		<publisher>Pony Canyon</publisher>
		<rom name="nekketsu juudou (japan) (alt 1).rom" size="262144" crc="fda1977a" sha1="1d97922a5ab63e73611d0edbe952f041af3385b3" status="baddump" />
	</machine>
	<machine name="ninjakun">
		<description>Ninja-kun - Ashura no Shou (Jpn)</description>
		<year>1987</year>
		<publisher>HAL Kenkyuujo</publisher>
		<rom name="lh2310as" size="131072" crc="f56a00e6" sha1="5c278deb1390eb45c79b7667b1ea1c54183123ac" />
	</machine>
	<machine name="nobubufu">
		<description>Nobunaga no Yabou - Bushou Fuuunroku (Jpn)</description>
		<year>1991</year>
		<publisher>Koei</publisher>
		<rom name="lh53806j" size="1048576" crc="0ff8e2c7" sha1="cb6bd26961387def757c7faeec7563d77d404d01" />
	</machine>
	<machine name="nobuseng">
		<description>Nobunaga no Yabou - Sengoku Gunyuuden (Jpn)</description>
		<year>1989</year>
		<publisher>Koei</publisher>
		<rom name="lh534a76" size="524288" crc="69c11d81" sha1="89943ae938fb308f4b5149ebc0cbea597b9b0223" />
	</machine>
	<machine name="nobuzenk">
		<description>Nobunaga no Yabou - Zenkokuban (Jpn)</description>
		<year>1987</year>
		<publisher>Koei</publisher>
		<rom name="lh534045" size="524288" crc="653f1c73" sha1="fbfdd89ec183ceae63d3d66b0ab45faa951b525a" />
	</machine>
	<machine name="ogre">
		<description>Ogre (Jpn)</description>
		<year>1986</year>
		<publisher>System Soft</publisher>
		<rom name="lh23105d" size="131072" crc="f2544e2e" sha1="c9c272ffa69d3e0af5be42e7636b02dc2af6ea8c" />
	</machine>
	<machine name="ogrea">
		<description>Ogre (Jpn, Alt)</description>
		<year>1986</year>
		<publisher>System Soft</publisher>
		<rom name="ogre (japan) (alt 1).rom" size="524288" crc="b19e88aa" sha1="82397096d5ef436b99b943c2a52d6eff87694183" status="baddump" />
	</machine>
	<machine name="ouketani">
		<description>Ouke no Tani - El Giza no Fuuin (Jpn)</description>
		<year>1988</year>
		<publisher>Konami</publisher>
		<rom name="ouke no tani - el giza no fuuin (japan).rom" size="131072" crc="b1cb1052" sha1="5ec8811254dc762c6852289a08acf22954404f0d" status="baddump" />
	</machine>
	<machine name="ouketaniec">
		<description>Ouke no Tani - El Giza no Fuuin - Edit Contest Yuushuu Sakuhinshuu (Jpn)</description>
		<year>1988</year>
		<publisher>Konami</publisher>
		<rom name="ouke no tani - el giza no fuuin - edit contest yuushuu sakuhinshuu (japan).rom" size="131072" crc="774c70fc" sha1="2e0436303648097e8e936c5467574aff5e3f1517" status="baddump" />
	</machine>
	<machine name="outrun">
		<description>Out Run (Jpn)</description>
		<year>1988</year>
		<publisher>Pony Canyon</publisher>
		<rom name="out run (japan).rom" size="262144" crc="0a9f8d6c" sha1="0f10d77d1536993b8455b3b47278ca5782ef9275" status="baddump" />
	</machine>
	<machine name="pachipro">
		<description>Pachi Pro Densetsu (Jpn)</description>
		<year>1988</year>
		<publisher>HAL Kenkyuujo</publisher>
		<rom name="pachi pro densetsu (japan).rom" size="131072" crc="252798f6" sha1="78507f3f8b8601d99bbedb6517bec6cddf0bd5b4" status="baddump" />
	</machine>
	<machine name="pacmania">
		<description>Pac-Mania (Jpn)</description>
		<year>1989</year>
		<publisher>Namco</publisher>
		<rom name="sharp msx2 pn 8929 d" size="262144" crc="7df16fc8" sha1="d5902afbd8dfb1ea96fc8cf4d62cf6e4fa40d4f7" status="baddump" />
	</machine>
	<machine name="penguin2a">
		<description>Penguin-kun Wars 2 (Jpn, Alt)</description>
		<year>1988</year>
		<publisher>ASCII</publisher>
		<rom name="penguin-kun wars 2 (japan) (alt 1).rom" size="262144" crc="70dc14a6" sha1="788c53657d9ea180d04f29ccaf1f1c29a9b75519" status="baddump" />
	</machine>
	<machine name="penguin2">
		<description>Penguin-kun Wars 2 (Jpn)</description>
		<year>1988</year>
		<publisher>ASCII</publisher>
		<rom name="penguin-kun wars 2 (japan).rom" size="262144" crc="b1b24da1" sha1="b7104477c8801fe54d1ba91f3a77ac6e4f399f52" status="baddump" />
	</machine>
	<machine name="predator">
		<description>Predator (Jpn)</description>
		<year>1988</year>
		<publisher>Pack-In Video</publisher>
		<rom name="predator (japan).rom" size="131072" crc="e85a4a6b" sha1="ae6ad52d5ebcad7722ea070109a286fe13b06cb7" status="baddump" />
	</machine>
	<machine name="profmjg">
		<description>Professional Mahjong Gokuu (Jpn)</description>
		<year>1988</year>
		<publisher>ASCII</publisher>
		<rom name="rp231024d" size="131072" crc="2abb1ec4" sha1="81143d2a8ef7cc593a604f3cc890312b42bdff01" />
	</machine>
	<machine name="projcta2">
		<description>Project A2 - Shijou Saidai no Hyouteki (Jpn)</description>
		<year>1987</year>
		<publisher>Pony</publisher>
		<rom name="ponyca r58y5109 rp231024d" size="131072" crc="1b285fe3" sha1="418f6248221c79039fe6c44fc5a9514842e3ec71" />
	</machine>
	<machine name="proyakfn">
		<description>Pro Yakyuu Fan (Jpn)</description>
		<year>1987</year>
		<publisher>Nihon Telenet</publisher>
		<rom name="lh532055" size="262144" crc="c065bc29" sha1="f52690157a51c662ffdf4ae3592ada93d7be4032" />
	</machine>
	<machine name="quarth">
		<description>Quarth (Jpn)</description>
		<year>1990</year>
		<publisher>Konami</publisher>
		<rom name="quarth (japan).rom" size="131072" crc="a0014e7f" sha1="0c62591033aa4e5e6b9eeb21eb2e5e60dcd8ee8e" status="baddump" />
	</machine>
	<machine name="quarthd">
		<description>Quarth (Demo) (Jpn)</description>
		<year>1990</year>
		<publisher>Konami</publisher>
		<rom name="quarth (japan) (demo).rom" size="131072" crc="c4ccb75f" sha1="1ccac7caeaaa1c5a89503221b0a5eec2f34b1c91" status="baddump" />
	</machine>
	<machine name="quarthk">
		<description>Quarth (Kor)</description>
		<year>1990</year>
		<publisher>Konami</publisher>
		<rom name="quarth (korea).rom" size="131072" crc="6681d322" sha1="2312bff70c83e60d1ca0fb9ca78a50637d02771c" status="baddump" />
	</machine>
	<machine name="quinpl">
		<description>Quinpl (Jpn)</description>
		<year>1988</year>
		<publisher>Bit²</publisher>
		<rom name="hn27512p-25" size="131072" crc="8a39b738" sha1="58ad36c600ba8da36796440051df81d54036b0c4" />
		<rom name="m27512zb" size="131072" crc="3c242580" sha1="3d9d0356242a6b5395f4fa9e8473184797d55fe6" />
	</machine>
	<machine name="rastan">
		<description>Rastan Saga (Jpn)</description>
		<year>1988</year>
		<publisher>Taito</publisher>
		<rom name="lh532069" size="262144" crc="84461e73" sha1="f787271597abbcb1297e4e8a4a9561959a195649" />
	</machine>
	<machine name="relics">
		<description>Relics (Jpn)</description>
		<year>1986</year>
		<publisher>Bothtec</publisher>
		<rom name="cxkk381000" size="262144" crc="babc68f2" sha1="02c3ec94190c6fce6fa4984d92be48b2697e7706" />
	</machine>
	<machine name="replicrt">
		<description>Replicart (Jpn)</description>
		<year>1987</year>
		<publisher>Sony</publisher>
		<rom name="rp231024d" size="131072" crc="6eee12c4" sha1="afb693fd0a138cfc59a2bf81eabd7ca2abd4e162" />
	</machine>
	<machine name="retjelda">
		<description>Return of Jelda (Jpn)</description>
		<year>1987</year>
		<publisher>Carry Lab</publisher>
		<rom name="lh23109y" size="131072" crc="5ccc09ab" sha1="59f679c5ebf75de98b5e909da9182dbd80413364" />
	</machine>
	<machine name="ricktomi">
		<description>Rick to Mick no Daibouken (Jpn)</description>
		<year>1987</year>
		<publisher>HummingBird</publisher>
		<rom name="rick to mick no daibouken (japan).rom" size="131072" crc="e79aa962" sha1="a57f8ec4f89ab84936f46821969de6bca9f46d8e" status="baddump" />
	</machine>
	<machine name="romancia">
		<description>Romancia (Jpn)</description>
		<year>1986</year>
		<publisher>Nihon Falcom</publisher>
		<rom name="cxk831000" size="131072" crc="17f9ee7f" sha1="b63fc17c1d004ca4d7f3b1ef8962210a779ca665" />
	</machine>
	<machine name="royalbld">
		<description>Royal Blood (Jpn)</description>
		<year>1991</year>
		<publisher>Koei</publisher>
		<rom name="lh538a01" size="1048576" crc="fb9e42e1" sha1="522a53034cf40448d441683f3308fcb4b65e6d7c" />
	</machine>
	<machine name="rtishtar">
		<description>The Return of Ishtar (Jpn)</description>
		<year>1988</year>
		<publisher>Namco</publisher>
		<rom name="lh532084" size="262144" crc="8ee8212c" sha1="d17acc97bf2f853a5fff58da733e4cd53cdaa3ed" />
	</machine>
	<machine name="sangoku2">
		<description>Sangokushi II (Jpn)</description>
		<year>1991</year>
		<publisher>Koei</publisher>
		<rom name="lh538056" size="1048576" crc="c89b93b5" sha1="25ffc7e8ca90274566c31e10b5998cca6522673a" />
	</machine>
	<machine name="sangokus">
		<description>Sangokushi (Jpn)</description>
		<year>1988</year>
		<publisher>Koei</publisher>
		<rom name="sangokushi (japan).rom" size="524288" crc="b83aa6f5" sha1="dab5a9f93a35fcb92c01e4250b01928fe8bd294b" status="baddump" />
	</machine>
	<machine name="sanpei2">
		<description>Tsuri Kichi Sanpei - Tsuri Sennin Hen (Jpn)</description>
		<year>1989</year>
		<publisher>Victor Ongaku Sangyou</publisher>
		<rom name="tsurikichi sanpei - tsuri sennin hen (japan).rom" size="262144" crc="24238b21" sha1="108e9164ef6cf1ffe6e3c5303bfbbc3bd807b6df" status="baddump" />
	</machine>
	<machine name="sanpei">
		<description>Tsuri Kichi Sanpei - Blue Marlin Hen (Jpn)</description>
		<year>1988</year>
		<publisher>Victor Ongaku Sangyou</publisher>
		<rom name="tsurikichi sanpei - blue marine hen (japan).rom" size="131072" crc="ff7395a3" sha1="338460029d65ebce0d9119d811187a35c866a958" status="baddump" />
	</machine>
	<machine name="scramble">
		<description>Scramble Formation (Jpn)</description>
		<year>1987</year>
		<publisher>Taito</publisher>
		<rom name="lh532044" size="262144" crc="226795e0" sha1="24384e63bfe450bce6abd327eae3e27969025379" />
	</machine>
	<machine name="seikima2a">
		<description>Seikima II Special - Akuma no Gyakushuu (Jpn, Alt)</description>
		<year>1987</year>
		<publisher>Sony</publisher>
		<rom name="seikima ii special - akuma no gyakushuu (japan) (alt 1).rom" size="131072" crc="816aceb5" sha1="510f6d854f813269f67ee15a4cc2ed77d96d2903" status="baddump" />
	</machine>
	<machine name="seikima2">
		<description>Seikima II Special - Akuma no Gyakushuu (Jpn)</description>
		<year>1987</year>
		<publisher>Sony</publisher>
		<rom name="lh231083 8729 d" size="131072" crc="e37b681e" sha1="c74a5a6164536750d6b3ea90e19798ab6fad79d7" />
	</machine>
	<machine name="shanghai">
		<description>Shanghai (Jpn)</description>
		<year>1987</year>
		<publisher>System Soft</publisher>
		<rom name="shanghai (japan).rom" size="131072" crc="3b815dc6" sha1="77d95640c80bc4868d04a913f9dbf4b5f6d877d2" status="baddump" />
	</machine>
	<machine name="shiryo">
		<description>Shiryou Sensen - War of the Dead (Jpn)</description>
		<year>1987</year>
		<publisher>Victor Music Industry</publisher>
		<rom name="lh532053" size="262144" crc="39e1c37a" sha1="3194153a9c93aa24b37804a764f112bdef091bf8" />
	</machine>
	<machine name="sloderun">
		<description>Super Lode Runner (Jpn)</description>
		<year>1987</year>
		<publisher>Irem</publisher>
		<rom name="super load runner (japan).rom" size="131072" crc="80ecac11" sha1="4164dcdfe0613d0f4c53b6f3581548bbbad5eb43" status="baddump" />
	</machine>
	<machine name="spmanbow">
		<description>Space Manbow (Jpn)</description>
		<year>1989</year>
		<publisher>Konami</publisher>
		<rom name="space manbow (japan).rom" size="262144" crc="27405eed" sha1="f6199f48ff994fc9a8e33a8581bb3bb16dd301ab" status="baddump" />
	</machine>
	<machine name="srambosp">
		<description>Super Rambo Special (Jpn)</description>
		<year>1986</year>
		<publisher>Pack-In Video</publisher>
		<rom name="super rambo special (japan).rom" size="131072" crc="b2392ef3" sha1="2a3c7ad70e34989fa5170028bad760e65ebe9d57" status="baddump" />
	</machine>
	<machine name="srunner">
		<description>Super Runner (Jpn)</description>
		<year>1987</year>
		<publisher>Pony Canyon</publisher>
		<rom name="r59y5111-w82" size="131072" crc="5a5be701" sha1="3202af113265e67e130a0b948dc167a9f9e9cc79" />
	</machine>
	<machine name="starvirg">
		<description>Star Virgin (Jpn)</description>
		<year>1988</year>
		<publisher>Pony Canyon</publisher>
		<rom name="star virgin (japan).rom" size="131072" crc="cbdfcc35" sha1="2fc050dbc44ba9dfb72299129d48e5e5e1c892c3" status="baddump" />
	</machine>
	<machine name="starvirga">
		<description>Star Virgin (Jpn, Alt)</description>
		<year>1988</year>
		<publisher>Pony Canyon</publisher>
		<rom name="star virgin (japan) (alt 1).rom" size="131072" crc="441fc425" sha1="2bfa08db95502ee9bde61c5fe7b6557c0e4aef5a" status="baddump" />
	</machine>
	<machine name="stramars">
		<description>Strategic Mars (Jpn)</description>
		<year>1989</year>
		<publisher>db-Soft</publisher>
		<rom name="lh230949" size="131072" crc="4a3abb65" sha1="dc56cff1211bacd94f59e188e44a58d6f40a0c26" />
	</machine>
	<machine name="striton">
		<description>Super Triton (Jpn)</description>
		<year>1986</year>
		<publisher>Xain Soft</publisher>
		<rom name="831000-20" size="131072" crc="cbb00ef1" sha1="795d47c6aae378d0d5bedc9f104a597bcc1ee16b" />
	</machine>
	<machine name="suikoden">
		<description>Suikoden - Tenmei no Chikai (Jpn)</description>
		<year>1989</year>
		<publisher>Koei</publisher>
		<rom name="lh534a1b" size="524288" crc="187d3a21" sha1="de251a0af1df3be18469578dc00d414e572ee33e" />
	</machine>
	<machine name="supdaisn">
		<description>Super Daisenryaku (Jpn)</description>
		<year>1988</year>
		<publisher>Micro Cabin</publisher>
		<rom name="lh532097" size="262144" crc="8df9945a" sha1="d1cc2a77fb17608d542c50e2a1404cf5b4231521" />
	</machine>
	<machine name="synthsar">
		<description>Synthe Saurus v1.1 (Jpn)</description>
		<year>1988</year>
		<publisher>Bit²</publisher>
		<rom name="synthe saurus (japan) (program).rom" size="65536" crc="7122e8e3" sha1="cf088b4eefe7f426e438dd2fe7a3433140abba52" status="baddump" />
	</machine>
	<machine name="teiketsu">
		<description>Teitoku no Ketsudan (Jpn)</description>
		<year>1991</year>
		<publisher>Koei</publisher>
		<rom name="lh53804y" size="1048576" crc="c31f459c" sha1="b2ce0bc86f82f727db956dfbbe2a3fd0cb72f5fc" />
	</machine>
	<machine name="tengoku">
		<description>Tengoku Yoitoko (Jpn)</description>
		<year>1987</year>
		<publisher>Taito</publisher>
		<rom name="lh23109a" size="131072" crc="7e637801" sha1="00c70cf37c71cb8f99567ae407ff6dd52c4774c2" />
	</machine>
	<machine name="testcart">
		<description>Service Test Cart MSX2 (Euro?)</description>
		<year>19??</year>
		<publisher>Philips</publisher>
		<rom name="stcmsx2p.bin" size="16384" crc="4e4fbe2a" sha1="f29cef9d13d50d9e3158064c6bb381def6ff384d" />
	</machine>
	<machine name="tetris">
		<description>Tetris (Jpn)</description>
		<year>1988</year>
		<publisher>BPS</publisher>
		<rom name="lh2307d7 8934 e" size="131072" crc="aa598dfd" sha1="af310ee21b5534f32ea92c0ae34a44d828d157a7" />
	</machine>
	<machine name="tkshogi2">
		<description>Tanigawa Kouji no Shougi Shinan II (Jpn)</description>
		<year>1988</year>
		<publisher>Pony Canyon</publisher>
		<rom name="tanikawa hiroshi no shougi shinan 2 (japan).rom" size="131072" crc="f640670c" sha1="39d500fbf22168be2a12ac89ff5a50131bb1c30b" status="baddump" />
	</machine>
	<machine name="topzip">
		<description>Topple Zip (Jpn)</description>
		<year>1988</year>
		<publisher>Bothtec</publisher>
		<rom name="cxk381000" size="131072" crc="96b33497" sha1="e3036a7bc6ed3ece1c85d5e37fb2ff39ba98ba47" />
	</machine>
	<machine name="ultima3">
		<description>Ultima Exodus (Jpn)</description>
		<year>1987</year>
		<publisher>Pony Canyon</publisher>
		<rom name="r68y5552" size="262144" crc="37b9e10f" sha1="18be429f8b5c7bc4775c99292110aa09341cd644" />
	</machine>
	<machine name="uruseiya">
		<description>Urusei Yatsura (Jpn)</description>
		<year>1987</year>
		<publisher>Micro Cabin</publisher>
		<rom name="lh534039" size="524288" crc="e564a25f" sha1="92bada2d019fcd6eee6d332a8068a9ddfa30d518" />
	</machine>
	<machine name="usas">
		<description>The Treasure of Usas (Euro) ~ Uşas (Jpn)</description>
		<year>1987</year>
		<publisher>Konami</publisher>
		<rom name="treasure of usas, the (japan, europe).rom" size="131072" crc="30396650" sha1="4ff2aad8371e382e203c7f29b665612a8c9d937c" status="baddump" />
	</machine>
	<machine name="usasa">
		<description>The Treasure of Usas (Euro) ~ Uşas (Jpn) (Alt)</description>
		<year>1987</year>
		<publisher>Konami</publisher>
		<rom name="treasure of usas, the (japan, europe) (alt 1).rom" size="131072" crc="1f1f1f26" sha1="632cb0834441626d20cc113cfad2e3a7ec0e0dc7" status="baddump" />
	</machine>
	<machine name="vampkill1">
		<description>Vampire Killer (Euro) ~ Akumajou Dracula (Jpn) (Alt)</description>
		<year>1986</year>
		<publisher>Konami</publisher>
		<rom name="vampire killer (japan, europe) (alt 1).rom" size="131072" crc="0aedea40" sha1="5460a88c25386b1b950b57fc1325fd75587cc825" status="baddump" />
	</machine>
	<machine name="vampkill2">
		<description>Vampire Killer (Euro) ~ Akumajou Dracula (Jpn) (Alt 2)</description>
		<year>1986</year>
		<publisher>Konami</publisher>
		<rom name="vampire killer (japan, europe) (alt 2).rom" size="131072" crc="038c250d" sha1="b58e77f819dfbde72845801cff4b4e0a2f20ef5f" status="baddump" />
	</machine>
	<machine name="vampkill3">
		<description>Vampire Killer (Euro) ~ Akumajou Dracula (Jpn) (Alt 3)</description>
		<year>1986</year>
		<publisher>Konami</publisher>
		<rom name="vampire killer (japan, europe) (alt 3).rom" size="131072" crc="217935d0" sha1="e78511a2b8cca37a96aa396c938863c92a20c797" status="baddump" />
	</machine>
	<machine name="vampkill">
		<description>Vampire Killer (Euro) ~ Akumajou Dracula (Jpn)</description>
		<year>1986</year>
		<publisher>Konami</publisher>
		<rom name="vampire killer (japan, europe).rom" size="131072" crc="5953d084" sha1="5ef7d03b138a2023f6def241b671c666f97ed83b" status="baddump" />
	</machine>
	<machine name="victnin2">
		<description>Victorious Nine II - Koukou Yakyuu Hen (Jpn)</description>
		<year>1987</year>
		<publisher>Nidecom</publisher>
		<rom name="lh23109h" size="131072" crc="94ebc319" sha1="7ed1308179c41ae62cfb46124ab0ce22d8b0513b" />
	</machine>
	<machine name="wizardry">
		<description>Wizardry - Proving Grounds of Mad Overlord! (Jpn)</description>
		<year>1988</year>
		<publisher>ASCII</publisher>
		<rom name="wizardry (japan).rom" size="524288" crc="08a5ca60" sha1="34635bf3518c7b33164f3d96da769c7a01102d28" status="baddump" />
	</machine>
	<machine name="woodypoc">
		<description>Woody Poco (Jpn)</description>
		<year>1987</year>
		<publisher>dB-Soft</publisher>
		<rom name="nec d23c10101c w48" size="131072" crc="aea8d064" sha1="ebe20c85c5314957fafc223c26bf393847e3bb03" />
	</machine>
	<machine name="woodypoca">
		<description>Woody Poco (Jpn, Alt)</description>
		<year>1987</year>
		<publisher>dB-Soft</publisher>
		<rom name="woody poco (japan) (alt 1).rom" size="131072" crc="d1621bae" sha1="f2361230358bd945690ca1c2a9dcc1cbce83941b" status="baddump" />
	</machine>
	<machine name="xevious">
		<description>Xevious - Fardraut Saga (Jpn)</description>
		<year>1989</year>
		<publisher>Namco</publisher>
		<rom name="sharp msx2 xv-f 8852 d" size="262144" crc="97591725" sha1="f84d7fc089b31440cac1f4fbee3d45b2f6c90e37" />
	</machine>
	<machine name="xeviousa">
		<description>Xevious - Fardraut Saga (Jpn, Alt)</description>
		<year>1989</year>
		<publisher>Namco</publisher>
		<rom name="xevious - fardraut saga (japan) (alt 1).rom" size="262144" crc="21489e1d" sha1="ab3f375b6890b2a9bb1b6124f0fa690950c749f2" status="baddump" />
	</machine>
	<machine name="yaksa">
		<description>Yaksa (Jpn)</description>
		<year>1987</year>
		<publisher>Wolf Team</publisher>
		<rom name="wolf 07" size="262144" crc="ff974ee3" sha1="3e57fad130be79223068ab29f1e77ecb7f2ad237" />
	</machine>
	<machine name="yamaskrt">
		<description>Yamamura Misa Suspense - Kyouto Ryuu no Tera Satsujin Jiken (Jpn)</description>
		<year>1988</year>
		<publisher>Taito</publisher>
		<rom name="lh532065" size="262144" crc="dcb1a61e" sha1="f9486dd810d6321bad4bc9d7703a67d630167f98" />
	</machine>
	<machine name="yuurei">
		<description>Yuurei-kun (Jpn)</description>
		<year>1988</year>
		<publisher>System Sacom</publisher>
		<rom name="lh53201l" size="262144" crc="712ae3c6" sha1="efed48854beb2803d9f2b5644edff2aacf7c6af9" />
	</machine>
	<machine name="zanacex">
		<description>Zanac EX (Jpn)</description>
		<year>1986</year>
		<publisher>Pony</publisher>
		<rom name="r58y5093" size="131072" crc="d153b2f2" sha1="23e702084e3031158a50a0560746767bbc1b7bee" />
	</machine>
	<machine name="zanacexa">
		<description>Zanac EX (Jpn, Alt)</description>
		<year>1986</year>
		<publisher>Pony</publisher>
		<rom name="zanac ex (japan) (alt 1).rom" size="131072" crc="089c8164" sha1="9200fd6f1e92f78e3d9c6d082837f719ad0500d4" status="baddump" />
	</machine>
	<machine name="zoids">
		<description>Zoids - Chuuou Tairiku no Tatakai (Jpn)</description>
		<year>1988</year>
		<publisher>Toshiba EMI</publisher>
		<rom name="lh230956" size="131072" crc="2605031e" sha1="d526249c1a35cf1174300df75bc28662f579290a" />
	</machine>
	<machine name="zombihun">
		<description>Zombie Hunter (Jpn)</description>
		<year>1989</year>
		<publisher>Hi-Score Software</publisher>
		<rom name="zombie hunter (japan).rom" size="131072" crc="a29e6ab4" sha1="a322d4e572467be5e1b452214143f88db526b49f" status="baddump" />
	</machine>
	<machine name="zukkoke">
		<description>Zukkoke Yajikita Onmitsu Douchuu (Jpn)</description>
		<year>1987</year>
		<publisher>HAL Kenkyuujo</publisher>
		<rom name="lh23108j" size="131072" crc="d0ececc6" sha1="094d11ebf8a20b6bfc07902c7f136bdd18b1e7ca" />
	</machine>
	<machine name="zukkokea">
		<description>Zukkoke Yajikita Onmitsu Douchuu (Jpn, Alt)</description>
		<year>1987</year>
		<publisher>HAL Kenkyuujo</publisher>
		<rom name="zukkoke yajikita onmitsu douchuu (japan) (alt 1).rom" size="131072" crc="4968e84e" sha1="06c527db4fbe929b4da005e7463078c05944f477" status="baddump" />
	</machine>
</datafile>