<?xml version="1.0" encoding="utf-8"?>
<!DOCTYPE datafile PUBLIC "-//Logiqx//DTD ROM Management Datafile//EN" "http://www.logiqx.com/Dats/datafile.dtd">
<datafile>
	<header>
		<name>mtx_cart</name>
		<description>Memotech MTX ROMPAK cartridges</description>
		<version></version>
		<author></author>
	</header>
	<machine name="node">
		<description>MTX Node Ring</description>
		<year>198?</year>
		<publisher>Memotech</publisher>
		<rom name="node.rom" size="8192" crc="cb05a1b8" sha1="b040e5f062b460d4465050da31be66075dee2844" />
	</machine>
</datafile>