<?xml version="1.0" encoding="utf-8"?>
<!DOCTYPE datafile PUBLIC "-//Logiqx//DTD ROM Management Datafile//EN" "http://www.logiqx.com/Dats/datafile.dtd">
<datafile>
	<header>
		<name>socrates</name>
		<description>Video Technology Socrates cartridges</description>
		<version></version>
		<author></author>
	</header>
	<machine name="amazes">
		<description>Amazing Mazes</description>
		<year>1989</year>
		<publisher>Video Technology</publisher>
		<rom name="27-5050-00.u1" size="131072" crc="95b84308" sha1="32e065e8f48baf0126c1b9aa111c291ec644e387" />
	</machine>
	<machine name="aworld">
		<description>Around the World</description>
		<year>1989</year>
		<publisher>Video Technology</publisher>
		<rom name="27-5013-00-0.u1" size="131072" crc="a1e01c38" sha1="beeb2869ae1ddc8bbc9a81749ab9662c14dd47d3" />
	</machine>
	<machine name="cad">
		<description>CAD Professor Maus</description>
		<year>1989</year>
		<publisher>Video Technology</publisher>
		<rom name="27-5044-00-0.u1" size="131072" crc="c2ba995b" sha1="5c0dfc4a48ef7888d428a02cbf8b1658d20576a1" />
	</machine>
	<machine name="facts">
		<description>Facts'N Fraction</description>
		<year>1988</year>
		<publisher>Video Technology</publisher>
		<rom name="27-5001-00-0.u1" size="131072" crc="7118617b" sha1="52268ef0adb651ad62773fb2ebcb7506759b2686" />
	</machine>
	<machine name="gwizard">
		<description>Game Wizard / Magische Spiele</description>
		<year>1990</year>
		<publisher>Video Technology</publisher>
		<rom name="lh531a34.u1" size="131072" crc="57440b05" sha1="35d644c217a3c951827b3ba72b498c652c9487c7" />
	</machine>
	<machine name="hodgepod">
		<description>Hodge-Podge</description>
		<year>1989</year>
		<publisher>Video Technology</publisher>
		<rom name="27-5014-00-0.u1" size="131072" crc="19e1a301" sha1="649a7791e97bcd0d31ac65a890facb5753ab04a3" />
	</machine>
	<machine name="memmania">
		<description>Memory Mania (Rev. B)</description>
		<year>1988</year>
		<publisher>Video Technology</publisher>
		<rom name="27-5002-00-0.u1" size="131072" crc="3c7fd651" sha1="3118f53625553010ec95ea91da8320cce3dc7fe4" />
	</machine>
	<machine name="state">
		<description>State to State</description>
		<year>1989</year>
		<publisher>Video Technology</publisher>
		<rom name="27-5045-00-0.u1" size="131072" crc="5848379f" sha1="961c9ca4f28a9e02aa1d67583b2d2adf8ee5f10e" />
	</machine>
</datafile>