<?xml version="1.0" encoding="utf-8"?>
<!DOCTYPE datafile PUBLIC "-//Logiqx//DTD ROM Management Datafile//EN" "http://www.logiqx.com/Dats/datafile.dtd">
<datafile>
	<header>
		<name>sorcerer_flop</name>
		<description>Exidy Sorcerer floppies</description>
		<version></version>
		<author></author>
	</header>
	<machine name="cpm1">
		<description>CP/M v.1.42/3 (set 2)</description>
		<year>1979</year>
		<publisher>Exidy</publisher>
		<rom name="disk1.dsk" size="332640" crc="5cd8d576" sha1="a791f154504ee3af6628aff81e567a0a76c04eac" />
		<rom name="disk4.dsk" size="332640" crc="26dcf023" sha1="61cccb52fe0584aa7714dedb6c7fe8ddc6948653" />
	</machine>
	<machine name="cpm">
		<description>CP/M v.1.42/3</description>
		<year>1979</year>
		<publisher>Exidy</publisher>
		<rom name="cpm disk1.dsk" size="332640" crc="6e4f423c" sha1="debe6a5c92a639adb03a19baa41586c5ca6db025" />
		<rom name="cpm disk2.dsk" size="332640" crc="a0e6d67d" sha1="cd83048854ddfa86719c4834ba792be98c37b99b" />
	</machine>
	<machine name="remconv">
		<description>REM Converted to Exidy Basic</description>
		<year>19??</year>
		<publisher>Pete Turnbull</publisher>
		<rom name="rem converted to exidy basic (19xx)(pete turnbull).dsk" size="1287" crc="e9291825" sha1="6e0ebaefd0c0bfb731a0e28ae085e165a80aa8c8" />
	</machine>
</datafile>