<?xml version="1.0" encoding="utf-8"?>
<!DOCTYPE datafile PUBLIC "-//Logiqx//DTD ROM Management Datafile//EN" "http://www.logiqx.com/Dats/datafile.dtd">
<datafile>
	<header>
		<name>spc1000_cass</name>
		<description>Samsung SPC-1000 cassettes</description>
		<version></version>
		<author></author>
	</header>
	<machine name="aldebrn1">
		<description>Aldebaran Part 1</description>
		<year>198?</year>
		<publisher>Samsung Software</publisher>
		<rom name="aldebaran-9518-mayhouse.tap" size="110530" crc="2c84e494" sha1="a6bbe41258cfbfa993134e84121392c1ea4fae9c" />
	</machine>
	<machine name="applethf">
		<description>Apple Thief</description>
		<year>198?</year>
		<publisher>&lt;unknown&gt;</publisher>
		<rom name="apple thief.tap" size="221184" crc="40bff01e" sha1="88185c6f3fb9378fdbb6875cbce33d63bae85f31" />
	</machine>
	<machine name="applethfa">
		<description>Apple Thief (Alt)</description>
		<year>198?</year>
		<publisher>&lt;unknown&gt;</publisher>
		<rom name="apple thief.cas" size="27465" crc="5aa2c130" sha1="83ab88c1404f53269e03610f7f14b67ed7789359" />
	</machine>
	<machine name="applethfb">
		<description>Apple Thief (Alt 2)</description>
		<year>198?</year>
		<publisher>&lt;unknown&gt;</publisher>
		<rom name="apple thief(ascii).tap" size="1359872" crc="8e18260c" sha1="68da1f631d393b36242911046d024219c0a131b5" />
	</machine>
	<machine name="astbelt">
		<description>Asteroid Belt</description>
		<year>1985</year>
		<publisher>Static Soft</publisher>
		<rom name="asteroid.tap" size="196633" crc="cd1d84d0" sha1="6279aead257e1abbaf1bfd545d827c2a8bfe48b7" />
	</machine>
	<machine name="astbelta">
		<description>Asteroid Belt (Alt)</description>
		<year>1985</year>
		<publisher>Static Soft</publisher>
		<rom name="asteroid belt.tap" size="132276" crc="9aefdaff" sha1="2274393bb92378468606dceb6193c28b79fc1f7a" />
	</machine>
	<machine name="av">
		<description>AV Armored Vehicle</description>
		<year>1986</year>
		<publisher>Sammi Computer</publisher>
		<rom name="a.v-6856-mayhouse.tap" size="247035" crc="5bf4e5ef" sha1="1b0c67e976895a362c4fc2457ef063fc37b41fcd" />
	</machine>
	<machine name="bazooka">
		<description>Bazooka</description>
		<year>198?</year>
		<publisher>Samsung Software</publisher>
		<rom name="bazooka.tap" size="142106" crc="f6a81b77" sha1="d5d0bf948f25238c611874da27bdbd1c07731e03" />
	</machine>
	<machine name="bazookaa">
		<description>Bazooka (Alt)</description>
		<year>198?</year>
		<publisher>Samsung Software</publisher>
		<rom name="bazooka alt.tap" size="90945" crc="65c5442a" sha1="ba2609486e79efeb6063f1a2e1b87b2a2100b568" />
	</machine>
	<machine name="block">
		<description>Block</description>
		<year>198?</year>
		<publisher>&lt;unknown&gt;</publisher>
		<rom name="block-2788-mayhouse.tap" size="66434" crc="00d0c5ce" sha1="234ee09bcf7bdb9b62d0c806d978892ed8e0813a" />
	</machine>
	<machine name="blockgam">
		<description>Block Game</description>
		<year>198?</year>
		<publisher>Samsung Software</publisher>
		<rom name="block game.tap" size="121361" crc="4114fac9" sha1="62171f381485df4a962d740fc5553eb522f156c2" />
	</machine>
	<machine name="blockgama">
		<description>Block Game (Alt)</description>
		<year>198?</year>
		<publisher>Samsung Software</publisher>
		<rom name="[sim]block.tap" size="121429" crc="fb25de0e" sha1="083e2fecb2df4d9ef2bf7b436d8468586178c951" />
	</machine>
	<machine name="blockgamb">
		<description>Block Game (Alt 2)</description>
		<year>198?</year>
		<publisher>Samsung Software</publisher>
		<rom name="block-game.tap" size="150422" crc="db6226ac" sha1="adddb1677400e033e03d6e1ba99038f81f1580e1" />
	</machine>
	<machine name="boat">
		<description>Boat</description>
		<year>2006</year>
		<publisher>&lt;homebrew&gt;</publisher>
		<rom name="boat-5239-mayhouse.tap" size="207723" crc="e913793c" sha1="1a7eb9c96a9c075e8444fabb1bd7d933d1048f43" />
	</machine>
	<machine name="boatexp">
		<description>Boat Exploration</description>
		<year>198?</year>
		<publisher>&lt;unknown&gt;</publisher>
		<rom name="boat.tap" size="63797" crc="4f52be9c" sha1="f45b40b28f5e6abf65e908efeeb1af1c96e227bf" />
	</machine>
	<machine name="carrace">
		<description>Car Race</description>
		<year>198?</year>
		<publisher>&lt;unknown&gt;</publisher>
		<rom name="carrace.tap" size="97016" crc="b114205b" sha1="b9a060158332ba73e932b059ca6968216eaa3d82" />
	</machine>
	<machine name="casvoice">
		<description>Cassette Voice</description>
		<year>198?</year>
		<publisher>&lt;unknown&gt;</publisher>
		<rom name="cassette_voice7ca0-mayhouse.cas" size="2670" crc="3d4f5c4f" sha1="72d4dfd8e8af7dfc92d80771cf6db0567b4f6eb7" />
	</machine>
	<machine name="cmporgan">
		<description>Computer Organ</description>
		<year>198?</year>
		<publisher>&lt;unknown&gt;</publisher>
		<rom name="computerorgan.tap" size="44103" crc="99ee05b0" sha1="c51c497d4bc87c33e312e70afe0a4d57358e8d1c" />
	</machine>
	<machine name="crshcirc">
		<description>Crush Circles</description>
		<year>198?</year>
		<publisher>&lt;unknown&gt;</publisher>
		<rom name="crushcircle-mayhouse.tap" size="119930" crc="ebcc8d56" sha1="a1659504857500f170f8347e47d899ae94e58808" />
	</machine>
	<machine name="daebeom">
		<description>Dae Beom Lam</description>
		<year>198?</year>
		<publisher>&lt;unknown&gt;</publisher>
		<rom name="dae beom lam-826-mayhouse.tap" size="80445" crc="774ae653" sha1="8df85d727600dca7214aa5eaac4aea10002dda94" />
	</machine>
	<machine name="danggoo">
		<description>Dang Goo</description>
		<year>198?</year>
		<publisher>Sammi Computer</publisher>
		<rom name="dang_goo-mayhouse.cas" size="14785" crc="4728ddf1" sha1="d4837cba4479cccaf33b65122ae20b6880ae8c34" />
	</machine>
	<machine name="dasmrlct">
		<description>DASM &amp; RLCT</description>
		<year>198?</year>
		<publisher>&lt;unknown&gt;</publisher>
		<rom name="dasm &amp; rlct.tap" size="77824" crc="05e70616" sha1="a2759898d2fcdfcb84386aa0a5ff778c40154d59" />
	</machine>
	<machine name="demo">
		<description>Demo</description>
		<year>198?</year>
		<publisher>Samsung Software</publisher>
		<rom name="demo1.tap" size="354254" crc="2d2d802f" sha1="8aa8101d27de44e4279f5aca8846f47f3115fbed" />
		<rom name="demo2.tap" size="399434" crc="c2310624" sha1="87633e5897ae9a3d17b7528a97dce5dc0a2cb287" />
		<rom name="demo3.tap" size="382226" crc="d56fe093" sha1="47b0ca315116552dd08a9d396dc7c8009146c280" />
	</machine>
	<machine name="deungsan">
		<description>Deungsan Peoleideu</description>
		<year>198?</year>
		<publisher>&lt;unknown&gt;</publisher>
		<rom name="mtclimbing.tap" size="595926" crc="67490b71" sha1="5ebfcf6537bf1956cec508baea2c25a53fe38018" />
	</machine>
	<machine name="dex">
		<description>DEX</description>
		<year>198?</year>
		<publisher>&lt;unknown&gt;</publisher>
		<rom name="dex.tap" size="315377" crc="2c12b89a" sha1="f69b64a5cf6820ad8883e9b61d847f7399ae541f" />
	</machine>
	<machine name="dexa">
		<description>DEX (Alt)</description>
		<year>198?</year>
		<publisher>&lt;unknown&gt;</publisher>
		<rom name="dex alt.tap" size="208385" crc="88bd7ed1" sha1="f5ada47e7db4c84ce4dd8eb95fe0f144bb26b024" />
	</machine>
	<machine name="disasm">
		<description>Disassembler</description>
		<year>198?</year>
		<publisher>&lt;unknown&gt;</publisher>
		<rom name="disassembler.tap" size="81324" crc="66ff120c" sha1="8071c4e436a9dd95d018e2fd2952e4b2af6ca415" />
	</machine>
	<machine name="disnland">
		<description>Disneyland</description>
		<year>1985</year>
		<publisher>Sammi Computer</publisher>
		<rom name="adv0.tap" size="426369" crc="c2f6188b" sha1="b5f40655b793b62b63c5eb751762ee476de8f14c" />
		<rom name="adv1.tap" size="439830" crc="e9737081" sha1="39c866134c8a1a52b3f0dc2246a0ed255d5bfb90" />
	</machine>
	<machine name="disnlnd2">
		<description>Disneyland II</description>
		<year>1985</year>
		<publisher>Sammi Computer</publisher>
		<rom name="adv2.tap" size="250406" crc="2828e88b" sha1="c31c3c929376b9c3ee586855fe0c298ddf413278" />
		<rom name="adv3.tap" size="257079" crc="ec161f08" sha1="13ce92d95ae9392ba4af014bfeb9190011d1f814" />
	</machine>
	<machine name="disnlnd3">
		<description>Disneyland III</description>
		<year>1985</year>
		<publisher>Sammi Computer</publisher>
		<rom name="adv4.tap" size="249752" crc="5fdfda33" sha1="53adc6be9a23d445e4f7d7ea320401c03c052cbf" />
		<rom name="adv5.tap" size="279497" crc="7da81060" sha1="aea1ac3d638baa1fb5569e15a29e76286ad2ee09" />
	</machine>
	<machine name="dooli">
		<description>Dooli</description>
		<year>1987</year>
		<publisher>Softvision</publisher>
		<rom name="dooli.tap" size="176815" crc="741e0d60" sha1="afa322cc2e9dbe0979fb3f315666206fc74d0c20" />
	</machine>
	<machine name="dslayer">
		<description>DragonSlayer</description>
		<year>198?</year>
		<publisher>Sammi Computer</publisher>
		<rom name="dragonslayer.tap" size="639016" crc="dba0073a" sha1="f6b8a4a3720c06bcaca067e002961c7aa9a8ad3b" />
	</machine>
	<machine name="eggcatch">
		<description>Egg Catch v1.1</description>
		<year>200?</year>
		<publisher>&lt;homebrew&gt;</publisher>
		<rom name="egg_catch_v1.1-mayhouse.tap" size="77810" crc="5a8136a0" sha1="2fd82c21bcc713b472ff6ea6d583b23fbefa7932" />
	</machine>
	<machine name="etmaze">
		<description>E.T. Maze Game</description>
		<year>198?</year>
		<publisher>&lt;unknown&gt;</publisher>
		<rom name="et_miro-mayhouse.tap" size="139143" crc="34315901" sha1="78d4829ff91c86ae3cba7942eb7da51787c16e2f" />
	</machine>
	<machine name="fight201">
		<description>Fighter 201</description>
		<year>1985</year>
		<publisher>Index</publisher>
		<rom name="fighter 201.tap" size="201058" crc="024808dc" sha1="25aba8f553fa131d71d478c6013080b8dab4a6c7" />
	</machine>
	<machine name="firia">
		<description>Firia</description>
		<year>1986</year>
		<publisher>Static Soft</publisher>
		<rom name="firia-1146-mayhouse.tap" size="199832" crc="88b76289" sha1="4e610b47ee3b9f99c1b93861a6a8b612bd041246" />
	</machine>
	<machine name="flyboat">
		<description>Flyboat</description>
		<year>198?</year>
		<publisher>&lt;unknown&gt;</publisher>
		<rom name="flyboat.tap" size="114688" crc="c68dbd6e" sha1="0c5e873eb3dcb1364bfdc8dfa85fec0f079b2277" />
	</machine>
	<machine name="galagwar">
		<description>Galag Wars</description>
		<year>198?</year>
		<publisher>&lt;unknown&gt;</publisher>
		<rom name="galagwars-mayhouse.tap" size="215358" crc="9e48c6d3" sha1="22bdce20348cd1d09bc1862a4782c1e0a66e3d95" />
	</machine>
	<machine name="gfxedd">
		<description>Graphic Editor D</description>
		<year>198?</year>
		<publisher>&lt;unknown&gt;</publisher>
		<rom name="graphic editor d.tap" size="34332" crc="fd9f6e0e" sha1="79697c274e3660d596a59f4dd730d53604575fdf" />
	</machine>
	<machine name="goldcave">
		<description>Gold Cavern</description>
		<year>198?</year>
		<publisher>Samsung Software</publisher>
		<rom name="goldcavern.tap" size="488201" crc="b7f3707c" sha1="108dc61b342399a1a0aab726419f7155455f0a21" />
	</machine>
	<machine name="golf">
		<description>Pro Golf</description>
		<year>198?</year>
		<publisher>&lt;unknown&gt;</publisher>
		<rom name="golf.tap" size="310377" crc="e49d27bf" sha1="a01dce8373d7a3e1884da0f81df28a212075e384" />
	</machine>
	<machine name="gongmo">
		<description>Gongmo Jakpumjip 4-gweon</description>
		<year>1985</year>
		<publisher>Samsung Software</publisher>
		<rom name="gongmo jakpumjip 4-gweon (1985) (samsung) [side a].tap" size="1774434" crc="9530bf3e" sha1="627e0281cdbd4231b2aa44665f9a6eaaa51baee7" />
		<rom name="gongmo jakpumjip 4-gweon (1985) (samsung) [side b].tap" size="1559118" crc="16c4aef1" sha1="02ff8de6d72f08f68e42b06b2d78946535567b55" />
	</machine>
	<machine name="gongsapn">
		<description>Gong Sa Pan</description>
		<year>198?</year>
		<publisher>Samsung Software</publisher>
		<rom name="gong sa pan-mayhouse.cas" size="49515" crc="45d90a67" sha1="ccf155881ee3e88479b3bcda06893b4068678e3f" />
	</machine>
	<machine name="goonies">
		<description>The Goonies</description>
		<year>1986</year>
		<publisher>Sammi Computer</publisher>
		<rom name="goonies-mayhouse.tap" size="758623" crc="eb43a921" sha1="8fcfbd3c96ff7db76379485dc12876e0e898fdac" />
	</machine>
	<machine name="gunfrght">
		<description>Gun Fright</description>
		<year>1986</year>
		<publisher>Sammi Computer</publisher>
		<rom name="gunfright.tap" size="614352" crc="73cc58ef" sha1="ab09466a1cf2fc12faa2e18252e348b9cc56a7ff" />
	</machine>
	<machine name="hanbasic">
		<description>Hangul BASIC</description>
		<year>1984</year>
		<publisher>&lt;unknown&gt;</publisher>
		<rom name="hangul basic.tap" size="472694" crc="20c76317" sha1="103a8ab18da16911ab568c93b6bf1c8fd9f8feea" />
	</machine>
	<machine name="hangeul">
		<description>Hangeul</description>
		<year>198?</year>
		<publisher>&lt;unknown&gt;</publisher>
		<rom name="hangeul.tap" size="433186" crc="489aa431" sha1="9e18d96e48e0ab7add0083ef0d64ee3c44ac6f5e" />
	</machine>
	<machine name="hangeula">
		<description>Hangeul (Alt)</description>
		<year>198?</year>
		<publisher>&lt;unknown&gt;</publisher>
		<rom name="hangeul alt.tap" size="241916" crc="0cfba467" sha1="ab19759cb267862475f3341c4eb1d2242b1cc759" />
	</machine>
	<machine name="hatbag">
		<description>Mojagabang ~ Hat Bag</description>
		<year>198?</year>
		<publisher>Samsung Software</publisher>
		<rom name="mojagabang-5678-mayhouse.tap" size="272417" crc="a1e8a572" sha1="7bfec6a512b9adf2f532e9178e11b4ef2adc5112" />
	</machine>
	<machine name="headon">
		<description>Head-On</description>
		<year>198?</year>
		<publisher>&lt;unknown&gt;</publisher>
		<rom name="headon-mayhouse.tap" size="148842" crc="fdc60fd6" sha1="c9cff9fae41e854584b4ff0104458e300354e233" />
	</machine>
	<machine name="hello">
		<description>HELLO</description>
		<year>198?</year>
		<publisher>&lt;unknown&gt;</publisher>
		<rom name="hello.tap" size="40899" crc="bdbe31ab" sha1="70ea5b171357868aa7d9115d017bfa1c18c73edb" />
	</machine>
	<machine name="icbm">
		<description>ICBM Defence Project</description>
		<year>198?</year>
		<publisher>&lt;unknown&gt;</publisher>
		<rom name="icbm.tap" size="114688" crc="13006d21" sha1="c6584f77c66f05e200e03b3b30e8b7c1947e14a7" />
	</machine>
	<machine name="kangaroo">
		<description>Kangaroo</description>
		<year>198?</year>
		<publisher>&lt;unknown&gt;</publisher>
		<rom name="kangaroo.tap" size="135168" crc="64e37df3" sha1="e1d0ff3f6cf8d240b9c242f39489b7b20da22b8d" />
	</machine>
	<machine name="keenon">
		<description>Jeontuham Keenon</description>
		<year>198?</year>
		<publisher>Samsung Software</publisher>
		<rom name="keenon.tap" size="385174" crc="27b7712f" sha1="908ef73558a5d1c07cd4faf340842404d4e0248c" />
	</machine>
	<machine name="kingval">
		<description>King's Valley</description>
		<year>1986</year>
		<publisher>Sammi Computer</publisher>
		<rom name="kings valley.tap" size="454408" crc="f16d43f9" sha1="ad3af8672c3a9d082ac3c8c6e61b99089ccb19c0" />
	</machine>
	<machine name="knightlr">
		<description>Knight Lore</description>
		<year>1986</year>
		<publisher>Sammi Computer</publisher>
		<rom name="knight_lore-mayhouse.cas" size="52527" crc="645b558d" sha1="a2159064d5aabd0d9b99eb48d88ec8fff4b11f59" />
	</machine>
	<machine name="led">
		<description>LED Display Designer</description>
		<year>198?</year>
		<publisher>&lt;unknown&gt;</publisher>
		<rom name="led.tap" size="28718" crc="fdf09523" sha1="eea097e189e0e7f1c7671bb6248a9a3db08f1598" />
	</machine>
	<machine name="leda">
		<description>LED Display Designer (Alt)</description>
		<year>198?</year>
		<publisher>&lt;unknown&gt;</publisher>
		<rom name="led1.tap" size="57707" crc="7fd973bc" sha1="484fe6aa67ed9c2aa506f082e205d36bd232ce82" />
	</machine>
	<machine name="lunrcity">
		<description>Lunar City</description>
		<year>1986</year>
		<publisher>Samsung Software</publisher>
		<rom name="lunar_city[b]-mayhouse.cas" size="3659" crc="dbbc13a3" sha1="7d8941753522ec11bb5bca64ece0370385073c51" />
		<rom name="lunar_city[m]-mayhouse.cas" size="8290" crc="5a5c976a" sha1="7d5d5381cf9d0b96a6ef3cd9c83b58bb5fddb9f0" />
	</machine>
	<machine name="lupan">
		<description>Lupan</description>
		<year>198?</year>
		<publisher>Samsung Software</publisher>
		<rom name="lupan_4-mayhouse.tap" size="119984" crc="d52ff04b" sha1="e4fea515f93fd8fde822e27820639c9cbc431f0c" />
	</machine>
	<machine name="miniorgn">
		<description>Mini Organ</description>
		<year>198?</year>
		<publisher>&lt;unknown&gt;</publisher>
		<rom name="mini organ.tap" size="134973" crc="61b1aadb" sha1="61c2a1c7b39f7a40a553bfaa3619f5465feef27f" />
	</machine>
	<machine name="miraclew">
		<description>Miracle World</description>
		<year>198?</year>
		<publisher>&lt;unknown&gt;</publisher>
		<rom name="miracle_world-mayhouse.cas" size="20651" crc="b6e89880" sha1="59973308e275daab72792308e8e84731de3086d6" />
	</machine>
	<machine name="miro2">
		<description>Miro ][</description>
		<year>198?</year>
		<publisher>&lt;unknown&gt;</publisher>
		<rom name="miro2-1041-mayhouse.tap" size="90605" crc="cb53566d" sha1="5965bf679dafcea901adf7586d8a24c860385a38" />
	</machine>
	<machine name="morse">
		<description>Morse Signal</description>
		<year>198?</year>
		<publisher>Samsung Software</publisher>
		<rom name="morse.tap" size="214298" crc="b6c80f52" sha1="e11c44d6339294515f8c8596995df5c29f6f77d6" />
	</machine>
	<machine name="morsea">
		<description>Morse Signal (Alt)</description>
		<year>198?</year>
		<publisher>Samsung Software</publisher>
		<rom name="morse(2).tap" size="276816" crc="a4ac895d" sha1="b6d254f444a30bfafe6fc0fc4fb3aaf0ad81e714" />
	</machine>
	<machine name="olion">
		<description>Olion</description>
		<year>1984</year>
		<publisher>Softmen</publisher>
		<rom name="orion.tap" size="219419" crc="58bec40a" sha1="02d0204f19b4dc299339b3393470c6a3960a7145" />
	</machine>
	<machine name="othello">
		<description>Othello</description>
		<year>198?</year>
		<publisher>&lt;unknown&gt;</publisher>
		<rom name="othello.tap" size="109850" crc="3992160d" sha1="9dab81c3de4d3250c0c63de250fda71df6a1143f" />
	</machine>
	<machine name="panzersp">
		<description>Panzerspitze</description>
		<year>1986</year>
		<publisher>Static Soft</publisher>
		<rom name="panzerspitze-4135-mayhouse.tap" size="321812" crc="c29292a5" sha1="11f6b24f0bd5eaa9546c1a70f192f5de12cb88d8" />
	</machine>
	<machine name="pengo">
		<description>Pengo</description>
		<year>198?</year>
		<publisher>Samsung Software</publisher>
		<rom name="pengo.tap" size="457126" crc="d3ea0b9e" sha1="b38139eddebb9630a83c119a7e0dc80877e7859b" />
	</machine>
	<machine name="rambo">
		<description>Rambo</description>
		<year>198?</year>
		<publisher>Sammi Computer</publisher>
		<rom name="rambo.tap" size="364888" crc="c9a14f67" sha1="6d71c8a0415e2ee02a96e0fcbafb6566c8f8f07f" />
	</machine>
	<machine name="ratter">
		<description>Ratter</description>
		<year>198?</year>
		<publisher>Samsung Software</publisher>
		<rom name="ratter.tap" size="146588" crc="bf9eceb5" sha1="efe98fe77fb0159238de86d9f059d3525d8a5dbb" />
	</machine>
	<machine name="redball">
		<description>Red Ball</description>
		<year>1985</year>
		<publisher>Index</publisher>
		<rom name="red ball.tap" size="152312" crc="3d229544" sha1="1ebec05b07db79019809a1b4f6d619fa5a9067d1" />
	</machine>
	<machine name="relocate">
		<description>Relocater</description>
		<year>198?</year>
		<publisher>&lt;unknown&gt;</publisher>
		<rom name="relocater.tap" size="44159" crc="97961e11" sha1="8d003344e5d02b5231b303d5f2c0dbc06980b92c" />
	</machine>
	<machine name="relocatea">
		<description>Relocater 1.1</description>
		<year>198?</year>
		<publisher>&lt;unknown&gt;</publisher>
		<rom name="relocater 1_1.tap" size="41146" crc="b5e8c0f9" sha1="ea92b7f29a3d6d5b58fa6c7c44bb130c815772de" />
	</machine>
	<machine name="relocateb">
		<description>Relocater (Alt)</description>
		<year>198?</year>
		<publisher>&lt;unknown&gt;</publisher>
		<rom name="relocater(2).tap" size="36384" crc="73c7593a" sha1="01f2e080b46254ce0ddef79a74c40594d934cb21" />
	</machine>
	<machine name="scramble">
		<description>Scramble</description>
		<year>198?</year>
		<publisher>Samsung Software</publisher>
		<rom name="scramble-mayhouse.tap" size="217636" crc="6e4a96f7" sha1="44125c9b310bb053331a73d24b342296e784b6f4" />
	</machine>
	<machine name="sigrape2">
		<description>Sigrape2</description>
		<year>198?</year>
		<publisher>&lt;unknown&gt;</publisher>
		<rom name="sigrape2.tap" size="315009" crc="17ec74c8" sha1="cce8337daf278cdd4183f0d8bf005d47e514b4e4" />
	</machine>
	<machine name="slodern2">
		<description>Super Lode Runner II</description>
		<year>1986</year>
		<publisher>Static Soft</publisher>
		<rom name="lode_runner-mayhouse.tap" size="563048" crc="098c69df" sha1="c333bd1611373a130c08a2cb7fc504ed850e3fee" />
	</machine>
	<machine name="sloderun">
		<description>Super Lode Runner I</description>
		<year>1985</year>
		<publisher>Static Soft</publisher>
		<rom name="lode_runner1-mayhouse.tap" size="344867" crc="8e43fbb4" sha1="4cab84d4a946596685ef1dfe0a007554770acbea" />
	</machine>
	<machine name="snackatk">
		<description>Snack Attack (Hacked)</description>
		<year>198?</year>
		<publisher>Samsung Software</publisher>
		<rom name="snake-9009-mayhouse.tap" size="264500" crc="2533df39" sha1="bb7a70e60b6ee6c4a1d8732dc4fa63bf0415dee9" />
	</machine>
	<machine name="spacegng">
		<description>Space Gang</description>
		<year>198?</year>
		<publisher>&lt;unknown&gt;</publisher>
		<rom name="spacegang-mayhouse.tap" size="81921" crc="dbdd196c" sha1="7bad6a38f6037174e56da5b51664802036f6e3f9" />
	</machine>
	<machine name="spaceinv">
		<description>Space Invaders (Hacked)</description>
		<year>198?</year>
		<publisher>Honeybug?</publisher>
		<rom name="invaders.tap" size="145927" crc="9797102a" sha1="3c6f8910833290f7b29944118f780241a679a3bc" />
	</machine>
	<machine name="spaceinva">
		<description>Space Invaders (Hacked, Alt)</description>
		<year>198?</year>
		<publisher>Honeybug?</publisher>
		<rom name="space invader (198x) (honeybug) [f autostart mayhouse].tap" size="203741" crc="f23409b5" sha1="6a2bf66994d01a52f7820157c760e484e696d088" />
	</machine>
	<machine name="spacemsn">
		<description>Space Mission</description>
		<year>198?</year>
		<publisher>Samsung Software</publisher>
		<rom name="space mission.tap" size="120634" crc="11a119f1" sha1="64c36cf4e3b5dcc6188b0e2be554cb6790147d13" />
	</machine>
	<machine name="spacprot">
		<description>Space Protector</description>
		<year>198?</year>
		<publisher>&lt;unknown&gt;</publisher>
		<rom name="sinpanufo.tap" size="231277" crc="c1541ef4" sha1="49bea9f8ca016cc6d67ef3f9af6ac3858c5eba1b" />
	</machine>
	<machine name="spypanic">
		<description>Spy Panic</description>
		<year>1985</year>
		<publisher>Softmen</publisher>
		<rom name="spypanic-mayhouse.cas" size="16900" crc="56c60b8b" sha1="ef0d792fe18dceeef56adec9886cec1ebc6e6570" />
	</machine>
	<machine name="styxmon">
		<description>Styx Monitor</description>
		<year>198?</year>
		<publisher>&lt;unknown&gt;</publisher>
		<rom name="styx monitor.tap" size="44838" crc="63558644" sha1="db4f56a12a36b3f3d1a61fb3af5daf16467cca28" />
	</machine>
	<machine name="subrout">
		<description>Sub Routine</description>
		<year>198?</year>
		<publisher>&lt;unknown&gt;</publisher>
		<rom name="sub routine.tap" size="47298" crc="665c8aba" sha1="0b32e9539b64caec5561e8bff550966d64cb8fa3" />
	</machine>
	<machine name="sudoku">
		<description>Sudoku</description>
		<year>2008</year>
		<publisher>&lt;homebrew&gt;</publisher>
		<rom name="sudoku.tap" size="431906" crc="529ab928" sha1="a855e1060ea7a1690e824788906a53feb52f1a9a" />
	</machine>
	<machine name="sxevious">
		<description>Super Xevious</description>
		<year>1986</year>
		<publisher>Static Soft</publisher>
		<rom name="superxevious-mayhouse.tap" size="378708" crc="429c16bf" sha1="6411c9413e72c85d207121a72da7515d94140442" />
	</machine>
	<machine name="tank2">
		<description>Tank II</description>
		<year>198?</year>
		<publisher>&lt;unknown&gt;</publisher>
		<rom name="tank2-7698-mayhouse.tap" size="222596" crc="1f977747" sha1="edd707761289c56c9f45aa1b1788eaea5e9f9973" />
	</machine>
	<machine name="toilradv">
		<description>Toiler Adventure</description>
		<year>1985</year>
		<publisher>Index</publisher>
		<rom name="adventure.tap" size="312954" crc="24b175cd" sha1="adae14342d1deafb674a120610fc4bbeadea217c" />
	</machine>
	<machine name="toiyar">
		<description>Toiyar</description>
		<year>198?</year>
		<publisher>Sammi Computer</publisher>
		<rom name="toyar-4852-mayhouse.cas" size="68050" crc="ed454d5c" sha1="18b1ac12709136e4e03d3a7d4ead4a1d00c232ca" />
	</machine>
	<machine name="twinbee">
		<description>TwinBee</description>
		<year>1986</year>
		<publisher>Static Soft</publisher>
		<rom name="vdp+twinbee.cas" size="55619" crc="b1882952" sha1="cee9e0e060ce3f17b0bcc1fa1ba5d86590cae4c3" />
	</machine>
	<machine name="vaveque">
		<description>Myeongtamjeong Vaveque</description>
		<year>1986</year>
		<publisher>Static Soft</publisher>
		<rom name="baveque-mayhouse.tap" size="594539" crc="66230bc2" sha1="daba793f25fe2b91eaeee521c2d3a46a5a720331" />
	</machine>
	<machine name="vela">
		<description>Vela</description>
		<year>198?</year>
		<publisher>Sammi Computer</publisher>
		<rom name="vela.tap" size="542570" crc="81a088c8" sha1="9848f89e916385b6688a1f458b153463300a881b" />
	</machine>
	<machine name="wawa">
		<description>WAWA</description>
		<year>198?</year>
		<publisher>Softvision</publisher>
		<rom name="wawa.tap" size="261691" crc="c7b107d8" sha1="d68738e2647e52f5e6e7aa8a69782055bd4ce067" />
	</machine>
	<machine name="wizardry">
		<description>Wizardry</description>
		<year>1986</year>
		<publisher>Sammi Computer</publisher>
		<rom name="wizardry (1986) (sammi computer).tap" size="550138" crc="d4555b51" sha1="19edbe1fa8c0b45fce8aa203b2c879abda77fbc4" />
	</machine>
	<machine name="xevious2">
		<description>Xevious Tiny II</description>
		<year>1985</year>
		<publisher>Sammi Computer</publisher>
		<rom name="xevious.tap" size="1042369" crc="0cfd5808" sha1="51eefa4b729dcfbcacf02b3d73afe4bc1f434d99" />
	</machine>
	<machine name="z80asm">
		<description>Z80 Assembler v1.0</description>
		<year>1983</year>
		<publisher>Samsung Software</publisher>
		<rom name="z80assem.tap" size="145775" crc="79ae1ed2" sha1="8e094a55d6f6aa9f3b1014a626147c8e1d065e07" />
	</machine>
	<machine name="z80asma">
		<description>Z80 Assembler v1.0 (Alt)</description>
		<year>1983</year>
		<publisher>Samsung Software</publisher>
		<rom name="assembler.tap" size="179633" crc="1b47a897" sha1="f9e8a8a493848ee67a30ace66c2294049de048c1" />
	</machine>
	<machine name="zanac">
		<description>Zanac</description>
		<year>198?</year>
		<publisher>A.I.</publisher>
		<rom name="vdp-zanac-mayhouse.tap" size="774330" crc="c4b6ea48" sha1="c6d85f1e43285d42b00d47cf69d14629520595c7" />
	</machine>
	<machine name="zexas">
		<description>Zexas</description>
		<year>198?</year>
		<publisher>Aloe?</publisher>
		<rom name="zexas-5461-mayhouse.tap" size="702072" crc="9367b51e" sha1="d6da8e4ae2275dbd3ba1b9c7137944f5674daf26" />
	</machine>
</datafile>