<?xml version="1.0" encoding="utf-8"?>
<!DOCTYPE datafile PUBLIC "-//Logiqx//DTD ROM Management Datafile//EN" "http://www.logiqx.com/Dats/datafile.dtd">
<datafile>
	<header>
		<name>HBMAME - Update ROMs (v0.237 to v0.238)</name>
		<description>HBMAME - Update ROMs (v0.237 to v0.238)</description>
		<version></version>
		<author></author>
	</header>
	<machine name="dkongdu">
		<description>Donkey Kong Duel v1.02</description>
		<year>2021</year>
		<manufacturer>Paul Goes</manufacturer>
		<rom name="dkongdu.2j" size="256" crc="4176057f" sha1="ccb7d553f6aa82bff4d30da9b97d107684f329ca" />
		<rom name="dkongdu.2k" size="256" crc="02e1f91b" sha1="fadb853a060db98ea13d67059fda91e7095b0050" />
		<rom name="dkongdu.3i" size="2048" crc="cc9aea3b" sha1="e5b985efc1447ad04cfe347a7b761c9e5ff8ea5c" />
		<rom name="dkongdu.3pt" size="2048" crc="3775dd7b" sha1="0e73e1e64673140e8e5fd318cc679c64812608a7" />
		<rom name="dkongdu.5at" size="4096" crc="c1e0654c" sha1="decf2a73730b117d977ca90039a9b93651883f8d" />
		<rom name="dkongdu.5ct" size="4096" crc="1c547c2b" sha1="d5373bae4e3a067821253ec6e0e5169a2bfd9dfe" />
		<rom name="dkongdu.5e" size="256" crc="94695888" sha1="fc0167730b303c9743d24dba577b6a72ffc07c15" />
		<rom name="dkongdu.5et" size="4096" crc="87a4912f" sha1="bca9f1c489c193f4cd15a108dd4dd2d99aa89c35" />
		<rom name="dkongdu.5h" size="2048" crc="3cf6ef8b" sha1="d4f1ac5dfa93b7073d9b441f05b24077c0d22924" />
	</machine>
	<machine name="ffightaert">
		<description>Final Fight 30th Anniversary Edition Real Threat 2021-11-01</description>
		<year>2021</year>
		<manufacturer>Zombie Master</manufacturer>
		<rom name="ff-22maert.7h" size="524288" crc="8ca53832" sha1="70121baed976a8add6053b4ba6dec0b165a558bd" />
		<rom name="ff-23maert.8h" size="524288" crc="6d1378d0" sha1="72589d244ed50c308f97ae5ad8124ae9e54cda2f" />
	</machine>
	<machine name="sailormndc">
		<description>Pretty Soldier Sailor Moon (Director's Cut)</description>
		<year>2021</year>
		<manufacturer>ZombieMaster</manufacturer>
		<rom name="sailormndc.u45" size="524288" crc="bc612b1b" sha1="84fbbdeca2a81ab0ef5a7ffc8eaad7d8ec4a1f35" />
	</machine>
	<machine name="sailormnrt">
		<description>Pretty Soldier Sailor Moon (Real Threat)</description>
		<year>2021</year>
		<manufacturer>ZombieMaster</manufacturer>
		<rom name="sailormnrt.u45" size="524288" crc="bff1a803" sha1="6bf6006a3ed25274f6527f8643dc939e25678c06" />
	</machine>
</datafile>