<?xml version="1.0" encoding="utf-8"?>
<!DOCTYPE datafile PUBLIC "-//Logiqx//DTD ROM Management Datafile//EN" "http://www.logiqx.com/Dats/datafile.dtd">
<datafile debug="no">
	<header>
		<name>HBMAME 0.238 CHDs (merged)</name>
		<description>HBMAME 0.238 CHDs (merged)</description>
		<version></version>
		<author></author>
	</header>
	<machine name="primrag2">
		<description>Primal Rage 2 (Ver 0.36a)</description>
		<year>1996</year>
		<manufacturer>Atari</manufacturer>
		<disk name="primrag2" sha1="bc615068ddf4fd967f770ee01c02f285c052c4c5" />
	</machine>
</datafile>